{
    "results": [
        {
            "out_var": "eir-f-t",
            "type": "bi_quad",
            "units": "si",
            "x_min": -999,
            "y_min": -999,
            "x_max": 999,
            "y_max": 999,
            "out_min": -999,
            "out_max": 999,
            "ref_x": 6.666666666666667,
            "ref_y": 29.444444444444443,
            "ref_evap_fluid_flow": 0,
            "ref_cond_fluid_flow": 32.02980597214332,
            "ref_lwt": 6.666666666666667,
            "ref_ect": 29.444444444444443,
            "ref_lct": 34.611111111111114,
            "coeff1": 0.36770760242383965,
            "coeff2": -0.007515635781986483,
            "coeff3": -0.0005962527783329594,
            "coeff4": 0.03908641844044204,
            "coeff5": -0.00046624815417874236,
            "coeff6": -0.00019233923429640674
        },
        {
            "out_var": "eir-f-plr",
            "type": "quad",
            "units": "si",
            "x_min": -999,
            "y_min": -999,
            "x_max": 999,
            "y_max": 999,
            "out_min": -999,
            "out_max": 999,
            "ref_x": 1.0,
            "ref_y": 0,
            "ref_evap_fluid_flow": 0,
            "ref_cond_fluid_flow": 32.02980597214332,
            "ref_lwt": 6.666666666666667,
            "ref_ect": 29.444444444444443,
            "ref_lct": 34.611111111111114,
            "coeff1": 0.34426448224112716,
            "coeff2": 0.0729273723466179,
            "coeff3": 0.5868793441122554
        },
        {
            "out_var": "cap-f-t",
            "type": "bi_quad",
            "units": "si",
            "x_min": -999,
            "y_min": -999,
            "x_max": 999,
            "y_max": 999,
            "out_min": -999,
            "out_max": 999,
            "ref_x": 6.666666666666667,
            "ref_y": 29.444444444444443,
            "ref_evap_fluid_flow": 0,
            "ref_cond_fluid_flow": 32.02980597214332,
            "ref_lwt": 6.666666666666667,
            "ref_ect": 29.444444444444443,
            "ref_lct": 34.611111111111114,
            "coeff1": 0.9818578145600972,
            "coeff2": 0.009268437191377063,
            "coeff3": -0.0006762545653285245,
            "coeff4": -0.0013057407026364366,
            "coeff5": -0.00019617497099366798,
            "coeff6": 0.0009930601437916453
        }
    ]
}