{
    "results": [
        {
            "out_var": "eir-f-t",
            "type": "bi_quad",
            "units": "si",
            "x_min": -999,
            "y_min": -999,
            "x_max": 999,
            "y_max": 999,
            "out_min": -999,
            "out_max": 999,
            "ref_x": 6.666666666666667,
            "ref_y": 29.444444444444443,
            "ref_evap_fluid_flow": 0,
            "ref_cond_fluid_flow": 2.3845606799756163,
            "ref_lwt": 6.666666666666667,
            "ref_ect": 29.444444444444443,
            "ref_lct": 34.611111111111114,
            "coeff1": 0.5679476053382928,
            "coeff2": 0.013214963040264895,
            "coeff3": -0.0018446302159572975,
            "coeff4": 0.025972344764713134,
            "coeff5": -0.0003711838953634831,
            "coeff6": -8.65924848201585e-05
        },
        {
            "out_var": "eir-f-plr",
            "type": "quad",
            "units": "si",
            "x_min": -999,
            "y_min": -999,
            "x_max": 999,
            "y_max": 999,
            "out_min": -999,
            "out_max": 999,
            "ref_x": 1.0,
            "ref_y": 0,
            "ref_evap_fluid_flow": 0,
            "ref_cond_fluid_flow": 2.3845606799756163,
            "ref_lwt": 6.666666666666667,
            "ref_ect": 29.444444444444443,
            "ref_lct": 34.611111111111114,
            "coeff1": 0.35668334690259756,
            "coeff2": -0.13657260936920793,
            "coeff3": 0.7786514311666105
        },
        {
            "out_var": "cap-f-t",
            "type": "bi_quad",
            "units": "si",
            "x_min": -999,
            "y_min": -999,
            "x_max": 999,
            "y_max": 999,
            "out_min": -999,
            "out_max": 999,
            "ref_x": 6.666666666666667,
            "ref_y": 29.444444444444443,
            "ref_evap_fluid_flow": 0,
            "ref_cond_fluid_flow": 2.3845606799756163,
            "ref_lwt": 6.666666666666667,
            "ref_ect": 29.444444444444443,
            "ref_lct": 34.611111111111114,
            "coeff1": 1.283518568569848,
            "coeff2": -0.015899906527690286,
            "coeff3": 0.0029421083304789165,
            "coeff4": -0.017803350185076953,
            "coeff5": 0.00019506168036771573,
            "coeff6": 0.0002384993187833158
        }
    ]
}