{"approved": false, "country": "USA", "demandunits": "kW", "description": "This Schedule is not applicable to any customer whose monthly maximum demand equals, exceeds, or is expected to equal or exceed 40 kW for three consecutive months.", "eiaid": 16609, "enddate": 1653984000, "energycomments": "Adjustments = Electric Energy Commodity Cost", "energyratestructure": [[{"adj": 0.28845, "rate": 0.08831}], [{"adj": 0.11045, "rate": 0.08831}], [{"adj": 0.06202, "rate": 0.08831}], [{"adj": 0.0785, "rate": 0.08831}], [{"adj": 0.06948, "rate": 0.08831}], [{"adj": 0.05927, "rate": 0.08831}]], "energyweekdayschedule": [[5, 5, 5, 5, 5, 5, 4, 4, 4, 4, 4, 4, 4, 4, 4, 4, 3, 3, 3, 3, 3, 4, 4, 4], [5, 5, 5, 5, 5, 5, 4, 4, 4, 4, 4, 4, 4, 4, 4, 4, 3, 3, 3, 3, 3, 4, 4, 4], [5, 5, 5, 5, 5, 5, 4, 4, 4, 4, 5, 5, 5, 5, 4, 4, 3, 3, 3, 3, 3, 4, 4, 4], [5, 5, 5, 5, 5, 5, 4, 4, 4, 4, 5, 5, 5, 5, 4, 4, 3, 3, 3, 3, 3, 4, 4, 4], [5, 5, 5, 5, 5, 5, 4, 4, 4, 4, 4, 4, 4, 4, 4, 4, 3, 3, 3, 3, 3, 4, 4, 4], [2, 2, 2, 2, 2, 2, 1, 1, 1, 1, 1, 1, 1, 1, 1, 1, 0, 0, 0, 0, 0, 1, 1, 1], [2, 2, 2, 2, 2, 2, 1, 1, 1, 1, 1, 1, 1, 1, 1, 1, 0, 0, 0, 0, 0, 1, 1, 1], [2, 2, 2, 2, 2, 2, 1, 1, 1, 1, 1, 1, 1, 1, 1, 1, 0, 0, 0, 0, 0, 1, 1, 1], [2, 2, 2, 2, 2, 2, 1, 1, 1, 1, 1, 1, 1, 1, 1, 1, 0, 0, 0, 0, 0, 1, 1, 1], [2, 2, 2, 2, 2, 2, 1, 1, 1, 1, 1, 1, 1, 1, 1, 1, 0, 0, 0, 0, 0, 1, 1, 1], [5, 5, 5, 5, 5, 5, 4, 4, 4, 4, 4, 4, 4, 4, 4, 4, 3, 3, 3, 3, 3, 4, 4, 4], [5, 5, 5, 5, 5, 5, 4, 4, 4, 4, 4, 4, 4, 4, 4, 4, 3, 3, 3, 3, 3, 4, 4, 4]], "energyweekendschedule": [[5, 5, 5, 5, 5, 5, 5, 5, 5, 5, 5, 5, 5, 5, 4, 4, 3, 3, 3, 3, 3, 4, 4, 4], [5, 5, 5, 5, 5, 5, 5, 5, 5, 5, 5, 5, 5, 5, 4, 4, 3, 3, 3, 3, 3, 4, 4, 4], [5, 5, 5, 5, 5, 5, 5, 5, 5, 5, 5, 5, 5, 5, 4, 4, 3, 3, 3, 3, 3, 4, 4, 4], [5, 5, 5, 5, 5, 5, 5, 5, 5, 5, 5, 5, 5, 5, 4, 4, 3, 3, 3, 3, 3, 4, 4, 4], [5, 5, 5, 5, 5, 5, 5, 5, 5, 5, 5, 5, 5, 5, 4, 4, 3, 3, 3, 3, 3, 4, 4, 4], [2, 2, 2, 2, 2, 2, 2, 2, 2, 2, 2, 2, 2, 2, 1, 1, 0, 0, 0, 0, 0, 1, 1, 1], [2, 2, 2, 2, 2, 2, 2, 2, 2, 2, 2, 2, 2, 2, 1, 1, 0, 0, 0, 0, 0, 1, 1, 1], [2, 2, 2, 2, 2, 2, 2, 2, 2, 2, 2, 2, 2, 2, 1, 1, 0, 0, 0, 0, 0, 1, 1, 1], [2, 2, 2, 2, 2, 2, 2, 2, 2, 2, 2, 2, 2, 2, 1, 1, 0, 0, 0, 0, 0, 1, 1, 1], [2, 2, 2, 2, 2, 2, 2, 2, 2, 2, 2, 2, 2, 2, 1, 1, 0, 0, 0, 0, 0, 1, 1, 1], [5, 5, 5, 5, 5, 5, 5, 5, 5, 5, 5, 5, 5, 5, 4, 4, 3, 3, 3, 3, 3, 4, 4, 4], [5, 5, 5, 5, 5, 5, 5, 5, 5, 5, 5, 5, 5, 5, 4, 4, 3, 3, 3, 3, 3, 4, 4, 4]], "fixedchargefirstmeter": 101.56, "fixedchargeunits": "$/month", "flatdemandmonths": [0, 0, 0, 0, 0, 0, 0, 0, 0, 0, 0, 0], "flatdemandstructure": [[{"rate": 2.22}]], "is_default": false, "label": "5c3929b45457a3d93991e8ce", "name": "TOU-M", "peakkwcapacitymax": 40, "revisions": [1547224900, 1547224997, 1555493814, 1660233440], "sector": "Commercial", "servicetype": "Bundled", "source": "http://regarchive.sdge.com/tm2/pdf/ELEC_ELEC-SCHEDS_TOU-M.pdf", "startdate": 1546333200, "supersedes": "5b74a8a45457a3154daf0af0", "uri": "https://apps.openei.org/IURDB/rate/view/5c3929b45457a3d93991e8ce", "utility": "San Diego Gas & Electric Co"}