Building,sampling_region,building_type,size_bin,heating_fuel,hvac_system_type
0,19,strip_mall,0,NaturalGas,PSZ-AC with gas coil
1,19,retail,0,NaturalGas,PSZ-AC with gas coil
2,19,warehouse,0,NaturalGas,PSZ-AC with gas coil
3,5,small_office,0,Electricity,PSZ-HP
4,19,small_office,0,NaturalGas,PSZ-AC with gas coil
5,48,strip_mall,0,NaturalGas,PSZ-AC with gas coil
6,13,strip_mall,0,NaturalGas,PSZ-AC with gas coil
7,19,small_office,0,NaturalGas,Residential AC with residential forced air furnace
8,5,strip_mall,0,Electricity,PSZ-HP
9,22,warehouse,0,Electricity,PSZ-AC with electric coil
10,5,small_office,0,Electricity,PSZ-AC with electric coil
11,22,strip_mall,0,NaturalGas,PSZ-AC with gas coil
12,19,full_service_restaurant,0,NaturalGas,PSZ-AC with gas coil
13,18,strip_mall,0,NaturalGas,PSZ-AC with gas coil
14,5,warehouse,0,Electricity,PSZ-AC with electric coil
15,9,strip_mall,0,NaturalGas,PSZ-AC with gas coil
16,10,strip_mall,0,NaturalGas,PSZ-AC with gas coil
17,19,warehouse,0,NaturalGas,Residential AC with residential forced air furnace
18,22,small_office,0,Electricity,PSZ-AC with electric coil
19,9,small_office,0,Electricity,PSZ-HP
20,29,strip_mall,0,NaturalGas,PSZ-AC with gas coil
21,105,strip_mall,0,NaturalGas,PSZ-AC with gas coil
22,30,strip_mall,0,NaturalGas,PSZ-AC with gas coil
23,48,warehouse,0,NaturalGas,PSZ-AC with gas coil
24,39,warehouse,0,NaturalGas,PSZ-AC with gas coil
25,5,retail,0,Electricity,PSZ-HP
26,9,warehouse,0,NaturalGas,PSZ-AC with gas coil
27,39,small_office,0,NaturalGas,PSZ-AC with gas coil
28,29,warehouse,0,NaturalGas,PSZ-AC with gas coil
29,22,warehouse,0,NaturalGas,PSZ-AC with gas coil
30,13,warehouse,0,NaturalGas,PSZ-AC with gas coil
31,22,strip_mall,0,Electricity,PSZ-AC with electric coil
32,0,small_office,0,NaturalGas,PSZ-AC with gas coil
33,18,warehouse,0,NaturalGas,PSZ-AC with gas coil
34,9,retail,0,NaturalGas,PSZ-AC with gas coil
35,5,retail,0,Electricity,PSZ-AC with electric coil
36,22,retail,0,Electricity,PSZ-AC with electric coil
37,8,warehouse,0,NaturalGas,PSZ-AC with gas coil
38,33,strip_mall,0,NaturalGas,PSZ-AC with gas coil
39,0,strip_mall,0,NaturalGas,PSZ-AC with gas coil
40,5,strip_mall,0,Electricity,PSZ-AC with electric coil
41,9,strip_mall,0,Electricity,PSZ-HP
42,17,strip_mall,0,NaturalGas,PSZ-AC with gas coil
43,30,warehouse,0,NaturalGas,PSZ-AC with gas coil
44,36,strip_mall,0,NaturalGas,PSZ-AC with gas coil
45,5,warehouse,0,Electricity,PSZ-HP
46,9,small_office,0,Electricity,PSZ-AC with electric coil
47,4,warehouse,0,NaturalGas,PSZ-AC with gas coil
48,39,retail,0,NaturalGas,PSZ-AC with gas coil
49,40,warehouse,0,Electricity,PSZ-AC with electric coil
50,8,strip_mall,0,NaturalGas,PSZ-AC with gas coil
51,0,strip_mall,0,Electricity,PSZ-HP
52,102,strip_mall,0,NaturalGas,PSZ-AC with gas coil
53,0,warehouse,0,NaturalGas,PSZ-AC with gas coil
54,40,strip_mall,0,NaturalGas,PSZ-AC with gas coil
55,22,warehouse,0,NaturalGas,Residential AC with residential forced air furnace
56,8,retail,0,NaturalGas,PSZ-AC with gas coil
57,39,strip_mall,0,Electricity,PSZ-AC with electric coil
58,19,strip_mall,0,NaturalGas,Residential AC with residential forced air furnace
59,22,retail,0,NaturalGas,PSZ-AC with gas coil
60,36,warehouse,0,NaturalGas,PSZ-AC with gas coil
61,20,strip_mall,0,NaturalGas,PSZ-AC with gas coil
62,8,small_office,0,Electricity,PSZ-HP
63,18,retail,0,NaturalGas,PSZ-AC with gas coil
64,0,retail,0,NaturalGas,PSZ-AC with gas coil
65,22,small_office,0,NaturalGas,PSZ-AC with gas coil
66,10,retail,0,FuelOil,PSZ-AC with gas coil
67,0,small_office,0,Electricity,PSZ-HP
68,40,small_office,0,Electricity,PSZ-AC with electric coil
69,39,strip_mall,0,NaturalGas,PSZ-AC with gas coil
70,29,small_office,0,NaturalGas,PSZ-AC with gas coil
71,0,strip_mall,0,Electricity,PSZ-AC with electric coil
72,26,strip_mall,0,NaturalGas,PSZ-AC with gas coil
73,17,warehouse,0,NaturalGas,PSZ-AC with gas coil
74,105,warehouse,0,Electricity,PSZ-AC with electric coil
75,19,quick_service_restaurant,0,NaturalGas,PSZ-AC with gas coil
76,30,small_office,0,NaturalGas,PSZ-AC with gas coil
77,17,small_office,0,NaturalGas,PSZ-AC with gas coil
78,32,small_office,0,Electricity,PSZ-HP
79,19,retail,1,NaturalGas,PSZ-AC with gas coil
80,17,retail,0,NaturalGas,PSZ-AC with gas coil
81,104,strip_mall,0,NaturalGas,PSZ-AC with gas coil
82,107,strip_mall,0,NaturalGas,PSZ-AC with gas coil
83,6,warehouse,0,Electricity,PSZ-AC with electric coil
84,101,strip_mall,0,NaturalGas,PSZ-AC with gas coil
85,4,strip_mall,0,NaturalGas,PSZ-AC with gas coil
86,37,small_office,0,Electricity,PSZ-HP
87,4,small_office,0,NaturalGas,PSZ-AC with gas coil
88,18,small_office,0,NaturalGas,PSZ-AC with gas coil
89,16,small_office,0,NaturalGas,PSZ-AC with gas coil
90,8,small_office,0,NaturalGas,PSZ-AC with gas coil
91,38,warehouse,0,NaturalGas,PSZ-AC with gas coil
92,38,retail,0,NaturalGas,PSZ-AC with gas coil
93,18,small_office,0,NaturalGas,Residential AC with residential forced air furnace
94,9,small_office,0,NaturalGas,PSZ-AC with gas coil
95,0,small_office,0,Electricity,PSZ-AC with electric coil
96,5,warehouse,0,NaturalGas,PSZ-AC with gas coil
97,13,small_office,0,NaturalGas,Residential AC with residential forced air furnace
98,30,retail,0,NaturalGas,PSZ-AC with gas coil
99,38,strip_mall,0,Electricity,PSZ-HP
100,40,retail,0,Electricity,PSZ-AC with electric coil
101,13,small_office,0,NaturalGas,PSZ-AC with gas coil
102,104,warehouse,0,Electricity,PSZ-AC with electric coil
103,25,warehouse,0,NaturalGas,PSZ-AC with gas coil
104,5,quick_service_restaurant,0,Electricity,PSZ-AC with electric coil
105,107,warehouse,0,Electricity,PSZ-AC with electric coil
106,13,retail,0,NaturalGas,PSZ-AC with gas coil
107,29,retail,0,NaturalGas,PSZ-AC with gas coil
108,26,retail,0,NaturalGas,PSZ-AC with gas coil
109,38,strip_mall,0,NaturalGas,PSZ-AC with gas coil
110,36,retail,0,NaturalGas,PSZ-AC with gas coil
111,16,retail,0,NaturalGas,PSZ-AC with gas coil
112,28,small_office,0,NaturalGas,PSZ-AC with gas coil
113,9,strip_mall,0,Electricity,PSZ-AC with electric coil
114,39,full_service_restaurant,0,NaturalGas,PSZ-AC with gas coil
115,38,small_office,0,NaturalGas,PSZ-AC with gas coil
116,22,quick_service_restaurant,0,Electricity,PSZ-AC with electric coil
117,8,small_office,0,Electricity,PSZ-AC with electric coil
118,5,full_service_restaurant,0,Electricity,PSZ-AC with electric coil
119,36,small_office,0,NaturalGas,PSZ-AC with gas coil
120,29,small_office,0,NaturalGas,Residential AC with residential forced air furnace
121,24,strip_mall,0,NaturalGas,PSZ-AC with gas coil
122,5,warehouse,0,Electricity,PTAC with electric coil
123,30,small_office,0,NaturalGas,Residential AC with residential forced air furnace
124,13,warehouse,0,NaturalGas,Residential AC with residential forced air furnace
125,25,strip_mall,0,NaturalGas,PSZ-AC with gas coil
126,38,strip_mall,0,Electricity,PSZ-AC with electric coil
127,40,strip_mall,0,Electricity,PSZ-AC with electric coil
128,37,retail,0,NaturalGas,PSZ-AC with gas coil
129,10,small_office,0,NaturalGas,PSZ-AC with gas coil
130,22,strip_mall,0,Electricity,PSZ-HP
131,2,strip_mall,0,NaturalGas,PSZ-AC with gas coil
132,12,warehouse,0,Electricity,PSZ-AC with electric coil
133,26,warehouse,0,NaturalGas,PSZ-AC with gas coil
134,107,small_office,0,Electricity,PSZ-AC with electric coil
135,33,small_office,0,NaturalGas,PSZ-AC with gas coil
136,16,warehouse,0,NaturalGas,PSZ-AC with gas coil
137,5,full_service_restaurant,0,Electricity,PSZ-HP
138,28,strip_mall,0,NaturalGas,PSZ-AC with gas coil
139,6,strip_mall,0,Electricity,PSZ-HP
140,40,warehouse,0,NaturalGas,PSZ-AC with gas coil
141,37,strip_mall,0,Electricity,PSZ-HP
142,40,small_office,0,NaturalGas,PSZ-AC with gas coil
143,32,strip_mall,0,Electricity,PSZ-HP
144,40,retail,0,NaturalGas,PSZ-AC with gas coil
145,22,full_service_restaurant,0,Electricity,PSZ-AC with electric coil
146,20,warehouse,0,NaturalGas,PSZ-AC with gas coil
147,10,small_office,0,FuelOil,Residential AC with residential forced air furnace
148,19,warehouse,1,NaturalGas,PSZ-AC with gas coil
149,32,warehouse,0,NaturalGas,PSZ-AC with gas coil
150,38,small_office,0,Electricity,PSZ-HP
151,103,strip_mall,0,NaturalGas,PSZ-AC with gas coil
152,33,warehouse,0,NaturalGas,PSZ-AC with gas coil
153,4,retail,0,NaturalGas,PSZ-AC with gas coil
154,105,strip_mall,0,Electricity,PSZ-AC with electric coil
155,32,small_office,0,Electricity,PSZ-AC with electric coil
156,48,small_office,0,NaturalGas,PSZ-AC with gas coil
157,18,warehouse,0,NaturalGas,Residential AC with residential forced air furnace
158,5,retail,0,NaturalGas,PSZ-AC with gas coil
159,6,small_office,0,Electricity,PSZ-HP
160,9,full_service_restaurant,0,NaturalGas,PSZ-AC with gas coil
161,105,small_office,0,Electricity,PSZ-AC with electric coil
162,27,strip_mall,0,NaturalGas,PSZ-AC with gas coil
163,37,strip_mall,0,NaturalGas,PSZ-AC with gas coil
164,37,small_office,0,Electricity,PSZ-AC with electric coil
165,12,strip_mall,0,Electricity,PSZ-AC with electric coil
166,25,retail,0,NaturalGas,PSZ-AC with gas coil
167,5,retail,1,Electricity,PSZ-AC with electric coil
168,22,small_office,0,NaturalGas,Residential AC with residential forced air furnace
169,12,warehouse,0,NaturalGas,PSZ-AC with gas coil
170,37,warehouse,0,NaturalGas,PSZ-AC with gas coil
171,28,warehouse,0,NaturalGas,PSZ-AC with gas coil
172,8,strip_mall,0,Electricity,PSZ-HP
173,6,warehouse,0,Electricity,PSZ-HP
174,17,small_office,0,NaturalGas,Residential AC with residential forced air furnace
175,102,small_office,0,Electricity,PSZ-AC with electric coil
176,10,warehouse,0,NaturalGas,PSZ-AC with gas coil
177,33,retail,0,NaturalGas,PSZ-AC with gas coil
178,22,full_service_restaurant,0,NaturalGas,PSZ-AC with gas coil
179,18,full_service_restaurant,0,NaturalGas,PSZ-AC with gas coil
180,107,retail,0,NaturalGas,PSZ-AC with gas coil
181,22,retail,0,Electricity,PSZ-HP
182,36,full_service_restaurant,0,NaturalGas,PSZ-AC with gas coil
183,5,strip_mall,0,NaturalGas,PSZ-AC with gas coil
184,19,small_office,1,NaturalGas,PSZ-AC with gas coil
185,105,warehouse,0,NaturalGas,PSZ-AC with gas coil
186,48,retail,0,NaturalGas,PSZ-AC with gas coil
187,9,retail,0,Electricity,PSZ-HP
188,22,small_office,0,Electricity,PSZ-HP
189,13,full_service_restaurant,0,NaturalGas,PSZ-AC with gas coil
190,24,small_office,0,FuelOil,Residential AC with residential forced air furnace
191,11,strip_mall,0,NaturalGas,PSZ-AC with gas coil
192,13,small_office,0,Electricity,PSZ-AC with electric coil
193,36,small_office,0,NaturalGas,Residential AC with residential forced air furnace
194,106,strip_mall,0,NaturalGas,PSZ-AC with gas coil
195,12,small_office,0,NaturalGas,PSZ-AC with gas coil
196,6,retail,0,Electricity,PSZ-HP
197,26,small_office,0,NaturalGas,PSZ-AC with gas coil
198,32,retail,0,NaturalGas,PSZ-AC with gas coil
199,9,quick_service_restaurant,0,Electricity,PSZ-AC with electric coil
200,101,warehouse,0,Electricity,PSZ-AC with electric coil
201,8,small_office,0,NaturalGas,Residential AC with residential forced air furnace
202,38,small_office,0,Electricity,PSZ-AC with electric coil
203,19,small_office,0,Electricity,PSZ-AC with electric coil
204,26,full_service_restaurant,0,NaturalGas,PSZ-AC with gas coil
205,24,retail,0,FuelOil,PSZ-AC with gas coil
206,28,retail,0,NaturalGas,PSZ-AC with gas coil
207,32,strip_mall,0,NaturalGas,PSZ-AC with gas coil
208,0,small_office,0,NaturalGas,Residential AC with residential forced air furnace
209,9,warehouse,0,Electricity,PSZ-AC with electric coil
210,40,quick_service_restaurant,0,Electricity,PSZ-AC with electric coil
211,30,full_service_restaurant,0,NaturalGas,PSZ-AC with gas coil
212,15,strip_mall,0,NaturalGas,PSZ-AC with gas coil
213,12,small_office,0,Electricity,PSZ-HP
214,13,warehouse,0,Electricity,PSZ-AC with electric coil
215,9,small_office,0,NaturalGas,Residential AC with residential forced air furnace
216,106,warehouse,0,Electricity,PSZ-AC with electric coil
217,33,small_office,0,Electricity,PSZ-AC with electric coil
218,40,warehouse,0,NaturalGas,Residential AC with residential forced air furnace
219,25,small_office,0,Electricity,PSZ-HP
220,16,strip_mall,0,Electricity,PSZ-AC with electric coil
221,108,strip_mall,0,NaturalGas,PSZ-AC with gas coil
222,19,retail,0,Electricity,PSZ-AC with electric coil
223,33,warehouse,0,NaturalGas,Residential AC with residential forced air furnace
224,37,retail,0,Electricity,PSZ-HP
225,10,warehouse,0,FuelOil,Residential forced air furnace
226,105,retail,0,NaturalGas,PSZ-AC with gas coil
227,20,small_office,0,NaturalGas,Residential AC with residential forced air furnace
228,20,retail,0,NaturalGas,PSZ-AC with gas coil
229,29,full_service_restaurant,0,NaturalGas,PSZ-AC with gas coil
230,19,retail,0,NaturalGas,Residential AC with residential forced air furnace
231,26,small_office,0,NaturalGas,Residential AC with residential forced air furnace
232,9,retail,0,Electricity,PSZ-AC with electric coil
233,8,full_service_restaurant,0,NaturalGas,PSZ-AC with gas coil
234,48,small_office,0,NaturalGas,Residential AC with residential forced air furnace
235,4,warehouse,0,NaturalGas,Residential AC with residential forced air furnace
236,33,warehouse,0,Electricity,PSZ-AC with electric coil
237,12,retail,0,Electricity,PSZ-AC with electric coil
238,22,retail,1,Electricity,PSZ-AC with electric coil
239,19,quick_service_restaurant,0,Electricity,PSZ-AC with electric coil
240,39,retail,0,NaturalGas,Residential AC with residential forced air furnace
241,6,retail,0,Electricity,PSZ-AC with electric coil
242,11,retail,0,NaturalGas,PSZ-AC with gas coil
243,102,retail,0,NaturalGas,PSZ-AC with gas coil
244,104,warehouse,0,NaturalGas,PSZ-AC with gas coil
245,17,full_service_restaurant,0,NaturalGas,PSZ-AC with gas coil
246,20,small_office,0,NaturalGas,PSZ-AC with gas coil
247,39,small_office,0,Electricity,PSZ-AC with electric coil
248,25,small_office,0,NaturalGas,PSZ-AC with gas coil
249,0,full_service_restaurant,0,NaturalGas,PSZ-AC with gas coil
250,102,warehouse,0,Electricity,PSZ-AC with electric coil
251,101,small_office,0,Electricity,PSZ-AC with electric coil
252,16,strip_mall,0,NaturalGas,PSZ-AC with gas coil
253,6,small_office,0,Electricity,PSZ-AC with electric coil
254,4,full_service_restaurant,0,NaturalGas,PSZ-AC with gas coil
255,11,small_office,0,NaturalGas,PSZ-AC with gas coil
256,11,warehouse,0,NaturalGas,PSZ-AC with gas coil
257,108,warehouse,0,Electricity,PSZ-AC with electric coil
258,15,small_office,0,NaturalGas,PSZ-AC with gas coil
259,30,small_office,0,Electricity,PSZ-HP
260,31,strip_mall,0,NaturalGas,PSZ-AC with gas coil
261,37,retail,0,Electricity,PSZ-AC with electric coil
262,102,strip_mall,0,Electricity,PSZ-AC with electric coil
263,17,strip_mall,0,Electricity,PSZ-HP
264,107,strip_mall,0,Electricity,PSZ-AC with electric coil
265,38,retail,0,Electricity,PSZ-AC with electric coil
266,33,small_office,0,NaturalGas,Residential AC with residential forced air furnace
267,19,warehouse,0,Electricity,PSZ-AC with electric coil
268,12,small_office,0,Electricity,PSZ-AC with electric coil
269,27,warehouse,0,NaturalGas,PSZ-AC with gas coil
270,19,strip_mall,1,NaturalGas,PSZ-AC with gas coil
271,13,strip_mall,0,Electricity,PSZ-AC with electric coil
272,33,strip_mall,0,Electricity,PSZ-AC with electric coil
273,0,warehouse,0,Electricity,PSZ-AC with electric coil
274,47,strip_mall,0,NaturalGas,PSZ-AC with gas coil
275,106,retail,0,NaturalGas,PSZ-AC with gas coil
276,105,warehouse,0,Electricity,PSZ-HP
277,48,warehouse,0,NaturalGas,Residential AC with residential forced air furnace
278,17,small_office,0,Electricity,PSZ-HP
279,40,small_office,0,NaturalGas,Residential AC with residential forced air furnace
280,19,small_office,0,Electricity,PSZ-HP
281,10,small_office,0,Electricity,PSZ-AC with electric coil
282,6,strip_mall,0,Electricity,PSZ-AC with electric coil
283,2,small_office,0,Electricity,PSZ-AC with electric coil
284,17,small_office,0,Electricity,PSZ-AC with electric coil
285,5,small_office,1,Electricity,PSZ-AC with electric coil
286,38,warehouse,0,Electricity,PSZ-AC with electric coil
287,17,strip_mall,0,Electricity,PSZ-AC with electric coil
288,39,quick_service_restaurant,0,NaturalGas,PSZ-AC with gas coil
289,107,warehouse,0,NaturalGas,PSZ-AC with gas coil
290,0,retail,0,Electricity,PSZ-AC with electric coil
291,10,retail,0,NaturalGas,PSZ-AC with gas coil
292,0,quick_service_restaurant,0,NaturalGas,PSZ-AC with gas coil
293,21,strip_mall,0,NaturalGas,PSZ-AC with gas coil
294,22,retail,0,NaturalGas,Residential AC with residential forced air furnace
295,33,full_service_restaurant,0,NaturalGas,PSZ-AC with gas coil
296,16,full_service_restaurant,0,NaturalGas,PSZ-AC with gas coil
297,30,small_office,0,Electricity,PSZ-AC with electric coil
298,12,strip_mall,0,NaturalGas,PSZ-AC with gas coil
299,5,small_office,0,Electricity,PTHP
300,37,strip_mall,0,Electricity,PSZ-AC with electric coil
301,49,warehouse,0,NaturalGas,PSZ-AC with gas coil
302,32,strip_mall,0,Electricity,PSZ-AC with electric coil
303,31,warehouse,0,NaturalGas,PSZ-AC with gas coil
304,13,small_office,0,Electricity,PSZ-HP
305,32,retail,0,Electricity,PSZ-HP
306,31,small_office,0,NaturalGas,PSZ-AC with gas coil
307,108,small_office,0,Electricity,PSZ-AC with electric coil
308,13,quick_service_restaurant,0,NaturalGas,PSZ-AC with gas coil
309,29,warehouse,0,NaturalGas,Residential AC with residential forced air furnace
310,101,strip_mall,0,Electricity,PSZ-AC with electric coil
311,39,small_office,0,NaturalGas,Residential AC with residential forced air furnace
312,18,strip_mall,0,NaturalGas,Residential AC with residential forced air furnace
313,9,retail,1,NaturalGas,PSZ-AC with gas coil
314,19,full_service_restaurant,1,NaturalGas,PSZ-AC with gas coil
315,22,retail,1,NaturalGas,PSZ-AC with gas coil
316,39,retail,1,NaturalGas,PSZ-AC with gas coil
317,2,retail,0,NaturalGas,PSZ-AC with gas coil
318,100,strip_mall,0,NaturalGas,PSZ-AC with gas coil
319,48,strip_mall,0,NaturalGas,Residential AC with residential forced air furnace
320,17,warehouse,0,NaturalGas,Residential AC with residential forced air furnace
321,105,full_service_restaurant,0,NaturalGas,PSZ-AC with gas coil
322,6,warehouse,0,Electricity,PTAC with electric coil
323,104,retail,0,NaturalGas,PSZ-AC with gas coil
324,13,retail,0,Electricity,PSZ-AC with electric coil
325,5,strip_mall,1,Electricity,PSZ-AC with electric coil
326,2,small_office,0,NaturalGas,PSZ-AC with gas coil
327,5,small_office,0,Electricity,PTAC with electric coil
328,105,small_office,0,NaturalGas,PSZ-AC with gas coil
329,2,strip_mall,0,Electricity,PSZ-AC with electric coil
330,47,retail,0,FuelOil,PSZ-AC with gas coil
331,5,small_office,1,Electricity,PSZ-HP
332,25,small_office,0,Electricity,PSZ-AC with electric coil
333,104,small_office,0,Electricity,PSZ-AC with electric coil
334,101,retail,0,NaturalGas,PSZ-AC with gas coil
335,104,strip_mall,0,Electricity,PSZ-AC with electric coil
336,40,strip_mall,0,Electricity,PSZ-HP
337,30,small_office,0,FuelOil,Residential AC with residential forced air furnace
338,40,retail,0,Electricity,PSZ-HP
339,2,warehouse,0,Electricity,PSZ-AC with electric coil
340,106,warehouse,0,NaturalGas,PSZ-AC with gas coil
341,13,strip_mall,0,Electricity,PSZ-HP
342,4,small_office,0,NaturalGas,Residential AC with residential forced air furnace
343,23,strip_mall,0,NaturalGas,PSZ-AC with gas coil
344,8,strip_mall,0,Electricity,PSZ-AC with electric coil
345,29,small_office,0,Electricity,PSZ-HP
346,19,strip_mall,2,NaturalGas,PSZ-AC with gas coil
347,8,quick_service_restaurant,0,Electricity,PSZ-AC with electric coil
348,40,full_service_restaurant,0,Electricity,PSZ-AC with electric coil
349,18,warehouse,1,NaturalGas,PSZ-AC with gas coil
350,0,warehouse,0,NaturalGas,Residential AC with residential forced air furnace
351,102,small_office,0,NaturalGas,PSZ-AC with gas coil
352,9,warehouse,0,Electricity,PSZ-HP
353,49,small_office,0,NaturalGas,PSZ-AC with gas coil
354,37,warehouse,0,Electricity,PSZ-AC with electric coil
355,5,large_hotel,0,Electricity,PTAC with electric coil
356,20,full_service_restaurant,0,NaturalGas,PSZ-AC with gas coil
357,48,small_office,0,FuelOil,Residential AC with residential forced air furnace
358,2,retail,0,Electricity,PSZ-AC with electric coil
359,13,full_service_restaurant,0,Propane,PSZ-AC with gas coil
360,12,retail,0,NaturalGas,PSZ-AC with gas coil
361,40,retail,1,Electricity,PSZ-AC with electric coil
362,32,small_office,0,NaturalGas,PSZ-AC with gas coil
363,12,strip_mall,0,Electricity,PSZ-HP
364,103,strip_mall,0,Electricity,PSZ-AC with electric coil
365,13,small_office,0,Electricity,PTAC with electric coil
366,26,warehouse,0,NaturalGas,Residential AC with residential forced air furnace
367,107,small_office,0,Electricity,PSZ-HP
368,9,warehouse,0,NaturalGas,Residential AC with residential forced air furnace
369,34,strip_mall,0,NaturalGas,PSZ-AC with gas coil
370,107,small_office,0,NaturalGas,PSZ-AC with gas coil
371,32,retail,0,Electricity,PSZ-AC with electric coil
372,19,strip_mall,0,Electricity,PSZ-AC with electric coil
373,10,small_office,0,Electricity,PSZ-HP
374,18,quick_service_restaurant,0,NaturalGas,PSZ-AC with gas coil
375,104,warehouse,0,Electricity,PSZ-HP
376,20,warehouse,0,NaturalGas,Residential AC with residential forced air furnace
377,12,quick_service_restaurant,0,Electricity,PSZ-AC with electric coil
378,32,warehouse,0,Electricity,PSZ-AC with electric coil
379,108,retail,0,NaturalGas,PSZ-AC with gas coil
380,11,warehouse,0,Electricity,PSZ-AC with electric coil
381,5,small_hotel,0,Electricity,PTAC with electric coil
382,25,full_service_restaurant,0,NaturalGas,PSZ-AC with gas coil
383,40,small_office,0,Electricity,PSZ-HP
384,5,small_office,1,Electricity,PVAV with PFP boxes
385,15,retail,0,NaturalGas,PSZ-AC with gas coil
386,33,retail,0,Electricity,PSZ-AC with electric coil
387,48,full_service_restaurant,0,NaturalGas,PSZ-AC with gas coil
388,107,warehouse,0,Electricity,PSZ-HP
389,40,full_service_restaurant,0,NaturalGas,PSZ-AC with gas coil
390,19,small_office,1,NaturalGas,PVAV with gas heat with electric reheat
391,101,warehouse,0,NaturalGas,PSZ-AC with gas coil
392,107,retail,0,Electricity,PSZ-AC with electric coil
393,39,warehouse,0,Electricity,PSZ-AC with electric coil
394,7,small_office,0,Electricity,PSZ-HP
395,18,retail,1,NaturalGas,PSZ-AC with gas coil
396,30,warehouse,0,NaturalGas,Residential AC with residential forced air furnace
397,105,small_office,0,Electricity,PSZ-HP
398,29,warehouse,1,NaturalGas,PSZ-AC with gas coil
399,8,retail,0,Electricity,PSZ-HP
400,29,small_office,0,Electricity,PSZ-AC with electric coil
401,4,strip_mall,0,Electricity,PSZ-AC with electric coil
402,5,full_service_restaurant,0,NaturalGas,PSZ-AC with gas coil
403,8,retail,1,NaturalGas,PSZ-AC with gas coil
404,2,warehouse,0,NaturalGas,PSZ-AC with gas coil
405,24,warehouse,0,NaturalGas,PSZ-AC with gas coil
406,0,quick_service_restaurant,0,Electricity,PSZ-AC with electric coil
407,11,warehouse,0,NaturalGas,Residential AC with residential forced air furnace
408,12,warehouse,0,Electricity,PSZ-HP
409,30,small_office,0,Electricity,PTAC with electric coil
410,13,warehouse,0,Propane,PSZ-AC with gas coil
411,10,warehouse,0,Electricity,PSZ-AC with electric coil
412,28,small_office,0,NaturalGas,Residential AC with residential forced air furnace
413,5,strip_mall,2,Electricity,PVAV with PFP boxes
414,45,small_office,0,Electricity,PSZ-HP
415,38,retail,0,Electricity,PSZ-HP
416,11,small_office,0,Electricity,PSZ-AC with electric coil
417,31,retail,0,NaturalGas,PSZ-AC with gas coil
418,15,full_service_restaurant,0,NaturalGas,PSZ-AC with gas coil
419,103,warehouse,0,Electricity,PSZ-AC with electric coil
420,100,small_office,0,Electricity,PSZ-AC with electric coil
421,13,strip_mall,0,NaturalGas,Residential AC with residential forced air furnace
422,39,strip_mall,0,Electricity,PSZ-HP
423,22,warehouse,0,Electricity,PTAC with electric coil
424,102,warehouse,0,NaturalGas,PSZ-AC with gas coil
425,22,strip_mall,1,NaturalGas,PSZ-AC with gas coil
426,8,warehouse,0,NaturalGas,Residential AC with residential forced air furnace
427,8,warehouse,0,Electricity,PSZ-AC with electric coil
428,25,small_office,0,NaturalGas,Residential AC with residential forced air furnace
429,38,small_office,0,NaturalGas,Residential AC with residential forced air furnace
430,27,small_office,0,NaturalGas,Residential AC with residential forced air furnace
431,37,small_office,0,NaturalGas,PSZ-AC with gas coil
432,17,retail,0,Electricity,PSZ-AC with electric coil
433,37,quick_service_restaurant,0,Electricity,PSZ-AC with electric coil
434,37,full_service_restaurant,0,NaturalGas,PSZ-AC with gas coil
435,10,retail,0,Electricity,PSZ-AC with electric coil
436,8,warehouse,1,NaturalGas,PSZ-AC with gas coil
437,109,strip_mall,0,NaturalGas,PSZ-AC with gas coil
438,9,warehouse,0,Propane,PSZ-AC with gas coil
439,19,strip_mall,0,Electricity,PSZ-HP
440,12,retail,0,Electricity,PSZ-HP
441,35,strip_mall,0,NaturalGas,PSZ-AC with gas coil
442,36,warehouse,0,NaturalGas,Residential AC with residential forced air furnace
443,102,full_service_restaurant,0,NaturalGas,PSZ-AC with gas coil
444,39,warehouse,1,NaturalGas,PSZ-AC with gas coil
445,102,small_office,0,Electricity,PSZ-HP
446,39,small_office,1,NaturalGas,PSZ-AC with gas coil
447,19,small_office,1,NaturalGas,Residential AC with residential forced air furnace
448,16,small_office,0,Electricity,PSZ-AC with electric coil
449,5,small_office,0,NaturalGas,PSZ-AC with gas coil
450,0,retail,0,Electricity,PSZ-HP
451,15,strip_mall,0,Electricity,PSZ-AC with electric coil
452,38,full_service_restaurant,0,NaturalGas,PSZ-AC with gas coil
453,0,full_service_restaurant,0,Electricity,PSZ-AC with electric coil
454,16,small_office,0,NaturalGas,Residential AC with residential forced air furnace
455,6,retail,1,Electricity,PSZ-AC with electric coil
456,30,retail,0,Electricity,PSZ-AC with electric coil
457,13,retail,1,NaturalGas,PSZ-AC with gas coil
458,8,retail,0,Electricity,PSZ-AC with electric coil
459,13,quick_service_restaurant,0,Electricity,PSZ-AC with electric coil
460,27,small_office,0,NaturalGas,PSZ-AC with gas coil
461,9,full_service_restaurant,0,Electricity,PSZ-AC with electric coil
462,17,quick_service_restaurant,0,NaturalGas,PSZ-AC with gas coil
463,12,warehouse,0,NaturalGas,Residential AC with residential forced air furnace
464,9,full_service_restaurant,0,Electricity,PSZ-HP
465,49,retail,0,NaturalGas,PSZ-AC with gas coil
466,106,small_office,0,Electricity,PSZ-AC with electric coil
467,22,retail,0,Electricity,PTAC with electric coil
468,32,quick_service_restaurant,0,Electricity,PSZ-AC with electric coil
469,49,strip_mall,0,NaturalGas,PSZ-AC with gas coil
470,107,full_service_restaurant,0,NaturalGas,PSZ-AC with gas coil
471,38,warehouse,0,NaturalGas,Residential AC with residential forced air furnace
472,9,small_office,1,Electricity,PSZ-AC with electric coil
473,103,retail,0,NaturalGas,PSZ-AC with gas coil
474,45,retail,0,NaturalGas,PSZ-AC with gas coil
475,42,warehouse,0,NaturalGas,PSZ-AC with gas coil
476,15,warehouse,0,NaturalGas,PSZ-AC with gas coil
477,4,warehouse,0,Electricity,PSZ-AC with electric coil
478,8,quick_service_restaurant,0,NaturalGas,PSZ-AC with gas coil
479,38,quick_service_restaurant,0,Electricity,PSZ-AC with electric coil
480,25,strip_mall,0,Electricity,PSZ-HP
481,32,full_service_restaurant,0,NaturalGas,PSZ-AC with gas coil
482,35,small_office,0,NaturalGas,PSZ-AC with gas coil
483,105,warehouse,1,Electricity,PSZ-AC with electric coil
484,7,strip_mall,0,Electricity,PSZ-HP
485,30,warehouse,0,Electricity,PSZ-AC with electric coil
486,45,small_office,0,Electricity,PSZ-AC with electric coil
487,38,quick_service_restaurant,0,NaturalGas,PSZ-AC with gas coil
488,11,small_office,0,NaturalGas,Residential AC with residential forced air furnace
489,28,full_service_restaurant,0,NaturalGas,PSZ-AC with gas coil
490,22,retail,0,Electricity,PTHP
491,5,warehouse,1,Electricity,PSZ-AC with electric coil
492,12,full_service_restaurant,0,NaturalGas,PSZ-AC with gas coil
493,28,warehouse,0,NaturalGas,Residential AC with residential forced air furnace
494,22,strip_mall,0,NaturalGas,Residential AC with residential forced air furnace
495,17,strip_mall,0,NaturalGas,Residential AC with residential forced air furnace
496,36,retail,1,NaturalGas,PSZ-AC with gas coil
497,9,retail,1,Electricity,PSZ-AC with electric coil
498,10,warehouse,0,Propane,PSZ-AC with gas coil
499,0,retail,1,NaturalGas,PSZ-AC with gas coil
500,22,small_office,0,Electricity,PTAC with electric coil
501,29,small_office,0,Electricity,PTAC with electric coil
502,24,small_office,0,NaturalGas,PSZ-AC with gas coil
503,27,retail,0,NaturalGas,PSZ-AC with gas coil
504,101,small_office,0,NaturalGas,PSZ-AC with gas coil
505,29,warehouse,0,Electricity,PSZ-AC with electric coil
506,6,warehouse,0,NaturalGas,PSZ-AC with gas coil
507,17,warehouse,0,Electricity,PSZ-AC with electric coil
508,18,small_office,1,NaturalGas,PSZ-AC with gas coil
509,11,retail,0,Electricity,PSZ-AC with electric coil
510,40,retail,1,NaturalGas,PSZ-AC with gas coil
511,22,strip_mall,1,Electricity,PSZ-AC with electric coil
512,40,retail,0,NaturalGas,Residential AC with residential forced air furnace
513,22,small_hotel,0,Electricity,PTAC with electric coil
514,10,full_service_restaurant,0,DistrictHeating,VAV district chilled water with district hot water reheat
515,108,strip_mall,0,Electricity,PSZ-AC with electric coil
516,105,retail,0,Electricity,PSZ-AC with electric coil
517,9,quick_service_restaurant,0,NaturalGas,PSZ-AC with gas coil
518,13,warehouse,1,NaturalGas,PSZ-AC with gas coil
519,16,quick_service_restaurant,0,NaturalGas,PSZ-AC with gas coil
520,30,strip_mall,0,Electricity,PSZ-AC with electric coil
521,29,strip_mall,0,NaturalGas,Residential AC with residential forced air furnace
522,107,retail,1,NaturalGas,PSZ-AC with gas coil
523,30,warehouse,1,NaturalGas,PSZ-AC with gas coil
524,2,warehouse,0,NaturalGas,Residential AC with residential forced air furnace
525,101,full_service_restaurant,0,NaturalGas,PSZ-AC with gas coil
526,33,quick_service_restaurant,0,Electricity,PSZ-AC with electric coil
527,30,retail,0,NaturalGas,Residential AC with residential forced air furnace
528,13,strip_mall,1,NaturalGas,PSZ-AC with gas coil
529,104,full_service_restaurant,0,NaturalGas,PSZ-AC with gas coil
530,107,retail,0,NaturalGas,Residential AC with residential forced air furnace
531,9,small_office,1,Electricity,PSZ-HP
532,48,retail,0,FuelOil,PSZ-AC with gas coil
533,107,quick_service_restaurant,0,Electricity,PSZ-AC with electric coil
534,30,strip_mall,0,NaturalGas,Residential AC with residential forced air furnace
535,102,retail,0,Electricity,PSZ-AC with electric coil
536,22,small_office,1,Electricity,PSZ-AC with electric coil
537,24,warehouse,0,FuelOil,Residential forced air furnace
538,13,small_office,1,NaturalGas,PSZ-AC with gas coil
539,45,small_office,0,NaturalGas,PSZ-AC with gas coil
540,22,warehouse,1,NaturalGas,PSZ-AC with gas coil
541,29,small_office,0,FuelOil,Residential AC with residential forced air furnace
542,104,warehouse,1,Electricity,PSZ-AC with electric coil
543,101,warehouse,0,Electricity,PSZ-HP
544,9,warehouse,1,NaturalGas,PSZ-AC with gas coil
545,27,full_service_restaurant,0,NaturalGas,PSZ-AC with gas coil
546,17,quick_service_restaurant,0,Electricity,PSZ-AC with electric coil
547,105,warehouse,0,Electricity,PTAC with electric coil
548,2,quick_service_restaurant,0,Electricity,PSZ-AC with electric coil
549,10,small_office,0,NaturalGas,Residential AC with residential forced air furnace
550,9,retail,0,Propane,PSZ-AC with gas coil
551,37,warehouse,0,Electricity,PSZ-HP
552,39,small_office,0,Electricity,PSZ-HP
553,10,retail,1,FuelOil,PSZ-AC with gas coil
554,2,small_office,0,NaturalGas,Residential AC with residential forced air furnace
555,36,small_office,0,FuelOil,Residential AC with residential forced air furnace
556,19,full_service_restaurant,0,Electricity,PSZ-AC with electric coil
557,26,strip_mall,0,NaturalGas,Residential AC with residential forced air furnace
558,4,retail,0,Electricity,PSZ-AC with electric coil
559,25,retail,1,NaturalGas,PSZ-AC with gas coil
560,10,small_office,0,Electricity,PTAC with electric coil
561,19,small_hotel,0,Electricity,PTAC with electric coil
562,106,warehouse,0,Electricity,PSZ-HP
563,16,retail,0,NaturalGas,Residential AC with residential forced air furnace
564,5,medium_office,1,Electricity,PVAV with PFP boxes
565,7,small_office,0,Electricity,PSZ-AC with electric coil
566,19,warehouse,1,NaturalGas,PVAV with gas heat with electric reheat
567,9,small_office,0,Electricity,PTHP
568,11,strip_mall,0,Electricity,PSZ-AC with electric coil
569,30,strip_mall,0,Electricity,PSZ-HP
570,19,retail,0,Electricity,PSZ-HP
571,4,retail,1,NaturalGas,PSZ-AC with gas coil
572,29,retail,0,NaturalGas,Residential AC with residential forced air furnace
573,9,warehouse,0,Electricity,PTAC with electric coil
574,29,retail,1,NaturalGas,PSZ-AC with gas coil
575,5,retail,0,Electricity,PTAC with electric coil
576,106,warehouse,1,Electricity,PSZ-AC with electric coil
577,44,retail,0,NaturalGas,PSZ-AC with gas coil
578,30,retail,0,Electricity,PSZ-HP
579,17,retail,1,NaturalGas,PSZ-AC with gas coil
580,5,large_hotel,0,Electricity,PTHP
581,0,warehouse,1,NaturalGas,PSZ-AC with gas coil
582,13,retail,0,Propane,PSZ-AC with gas coil
583,19,medium_office,0,NaturalGas,PSZ-AC with gas coil
584,10,full_service_restaurant,0,NaturalGas,PSZ-AC with gas coil
585,0,strip_mall,0,NaturalGas,Residential AC with residential forced air furnace
586,22,small_office,1,NaturalGas,PSZ-AC with gas coil
587,32,warehouse,0,Electricity,PSZ-HP
588,24,retail,0,NaturalGas,PSZ-AC with gas coil
589,106,strip_mall,0,Electricity,PSZ-AC with electric coil
590,108,warehouse,0,NaturalGas,PSZ-AC with gas coil
591,36,retail,0,NaturalGas,Residential AC with residential forced air furnace
592,11,full_service_restaurant,0,NaturalGas,PSZ-AC with gas coil
593,38,full_service_restaurant,0,Electricity,PSZ-AC with electric coil
594,40,warehouse,1,NaturalGas,PSZ-AC with gas coil
595,105,quick_service_restaurant,0,Electricity,PSZ-AC with electric coil
596,12,small_office,0,NaturalGas,Residential AC with residential forced air furnace
597,14,warehouse,0,Electricity,PSZ-AC with electric coil
598,9,small_hotel,0,Electricity,PTAC with electric coil
599,38,retail,1,NaturalGas,PSZ-AC with gas coil
600,109,retail,0,NaturalGas,PSZ-AC with gas coil
601,36,small_office,0,Electricity,PSZ-HP
602,30,retail,0,FuelOil,PSZ-AC with gas coil
603,105,retail,1,NaturalGas,PSZ-AC with gas coil
604,101,small_office,0,Electricity,PSZ-HP
605,10,strip_mall,0,NaturalGas,Residential AC with residential forced air furnace
606,33,strip_mall,0,Electricity,PSZ-HP
607,32,small_office,0,NaturalGas,Residential AC with residential forced air furnace
608,9,small_office,1,Electricity,PVAV with PFP boxes
609,104,small_office,0,NaturalGas,PSZ-AC with gas coil
610,9,small_office,1,NaturalGas,PSZ-AC with gas coil
611,33,retail,0,NaturalGas,Residential AC with residential forced air furnace
612,14,strip_mall,0,NaturalGas,PSZ-AC with gas coil
613,48,warehouse,0,FuelOil,Residential forced air furnace
614,22,warehouse,0,Electricity,PSZ-HP
615,5,medium_office,0,Electricity,PSZ-AC with electric coil
616,107,warehouse,1,Electricity,PSZ-AC with electric coil
617,22,strip_mall,2,NaturalGas,PSZ-AC with gas coil
618,27,warehouse,0,NaturalGas,Residential AC with residential forced air furnace
619,2,full_service_restaurant,0,NaturalGas,PSZ-AC with gas coil
620,10,retail,0,DistrictHeating,PSZ-AC with district hot water
621,5,warehouse,0,Electricity,PTHP
622,22,large_hotel,0,Electricity,PTAC with electric coil
623,5,medium_office,0,Electricity,PVAV with PFP boxes
624,30,retail,1,NaturalGas,PSZ-AC with gas coil
625,45,strip_mall,0,Electricity,PSZ-HP
626,9,strip_mall,1,NaturalGas,PSZ-AC with gas coil
627,26,retail,1,NaturalGas,PSZ-AC with gas coil
628,37,full_service_restaurant,0,Electricity,PSZ-AC with electric coil
629,22,warehouse,1,Electricity,PSZ-AC with electric coil
630,105,retail,0,NaturalGas,Residential AC with residential forced air furnace
631,6,full_service_restaurant,0,Electricity,PSZ-AC with electric coil
632,33,full_service_restaurant,0,Electricity,PSZ-AC with electric coil
633,4,small_office,1,NaturalGas,PSZ-AC with gas coil
634,30,full_service_restaurant,0,Electricity,PSZ-AC with electric coil
635,22,quick_service_restaurant,0,NaturalGas,PSZ-AC with gas coil
636,40,warehouse,1,Electricity,PSZ-AC with electric coil
637,9,small_office,0,Electricity,PTAC with electric coil
638,24,full_service_restaurant,0,NaturalGas,PSZ-AC with gas coil
639,47,small_office,0,FuelOil,Residential AC with residential forced air furnace
640,6,quick_service_restaurant,0,Electricity,PSZ-AC with electric coil
641,45,warehouse,0,NaturalGas,PSZ-AC with gas coil
642,18,strip_mall,1,NaturalGas,PSZ-AC with gas coil
643,108,retail,0,Electricity,PSZ-AC with electric coil
644,102,retail,1,NaturalGas,PSZ-AC with gas coil
645,17,warehouse,1,NaturalGas,PSZ-AC with gas coil
646,42,strip_mall,0,NaturalGas,PSZ-AC with gas coil
647,20,full_service_restaurant,0,Propane,PSZ-AC with gas coil
648,29,retail,0,Electricity,PSZ-AC with electric coil
649,31,warehouse,0,NaturalGas,Residential AC with residential forced air furnace
650,22,full_service_restaurant,0,Electricity,PSZ-HP
651,108,small_office,0,NaturalGas,PSZ-AC with gas coil
652,20,quick_service_restaurant,0,NaturalGas,PSZ-AC with gas coil
653,13,retail,0,NaturalGas,Residential AC with residential forced air furnace
654,34,warehouse,0,NaturalGas,PSZ-AC with gas coil
655,6,full_service_restaurant,0,Electricity,PSZ-HP
656,106,quick_service_restaurant,0,Electricity,PSZ-AC with electric coil
657,12,full_service_restaurant,0,Electricity,PSZ-AC with electric coil
658,32,full_service_restaurant,0,Electricity,PSZ-AC with electric coil
659,32,warehouse,0,Propane,PSZ-AC with gas coil
660,37,full_service_restaurant,0,Electricity,PSZ-HP
661,49,strip_mall,0,Electricity,PSZ-AC with electric coil
662,37,small_office,0,NaturalGas,Residential AC with residential forced air furnace
663,6,warehouse,1,Electricity,PSZ-AC with electric coil
664,100,warehouse,0,Electricity,PSZ-AC with electric coil
665,36,small_office,0,Electricity,PSZ-AC with electric coil
666,18,small_office,0,Electricity,PSZ-AC with electric coil
667,102,retail,0,NaturalGas,Residential AC with residential forced air furnace
668,9,strip_mall,1,Electricity,PSZ-AC with electric coil
669,103,small_office,0,Electricity,PSZ-AC with electric coil
670,102,warehouse,0,Electricity,PSZ-HP
671,8,warehouse,0,Electricity,PSZ-HP
672,9,strip_mall,0,NaturalGas,Residential AC with residential forced air furnace
673,16,small_office,0,Electricity,PSZ-HP
674,106,retail,0,Electricity,PSZ-AC with electric coil
675,5,full_service_restaurant,1,Electricity,PSZ-AC with electric coil
676,5,warehouse,0,NaturalGas,Residential AC with residential forced air furnace
677,13,retail,0,Electricity,PSZ-HP
678,0,full_service_restaurant,0,Electricity,PSZ-HP
679,28,quick_service_restaurant,0,NaturalGas,PSZ-AC with gas coil
680,108,warehouse,0,Electricity,PSZ-HP
681,49,full_service_restaurant,0,NaturalGas,PSZ-AC with gas coil
682,108,small_office,0,Electricity,PSZ-HP
683,4,quick_service_restaurant,0,Electricity,PSZ-AC with electric coil
684,32,full_service_restaurant,0,Electricity,PSZ-HP
685,100,retail,0,NaturalGas,PSZ-AC with gas coil
686,14,warehouse,0,NaturalGas,PSZ-AC with gas coil
687,101,retail,0,Electricity,PSZ-AC with electric coil
688,10,full_service_restaurant,0,Electricity,PSZ-AC with electric coil
689,19,large_hotel,0,Electricity,PTAC with electric coil
690,20,warehouse,0,Propane,PSZ-AC with gas coil
691,2,strip_mall,0,Electricity,PSZ-HP
692,30,quick_service_restaurant,0,Electricity,PSZ-AC with electric coil
693,104,warehouse,0,Electricity,PTAC with electric coil
694,8,small_office,1,NaturalGas,PSZ-AC with gas coil
695,107,warehouse,0,Electricity,PTAC with electric coil
696,36,quick_service_restaurant,0,NaturalGas,PSZ-AC with gas coil
697,104,quick_service_restaurant,0,Electricity,PSZ-AC with electric coil
698,105,strip_mall,0,Electricity,PSZ-HP
699,49,retail,0,Electricity,PSZ-AC with electric coil
700,24,small_office,0,Propane,PSZ-AC with gas coil
701,12,retail,1,Electricity,PSZ-AC with electric coil
702,29,small_office,1,NaturalGas,PSZ-AC with gas coil
703,48,strip_mall,1,NaturalGas,PSZ-AC with gas coil
704,24,full_service_restaurant,0,Propane,PSZ-AC with gas coil
705,24,small_hotel,0,Electricity,PTAC with electric coil
706,33,retail,1,NaturalGas,PSZ-AC with gas coil
707,19,grocery,0,NaturalGas,PSZ-AC with gas coil
708,19,small_office,0,Propane,PSZ-AC with gas coil
709,4,small_office,0,Electricity,PSZ-HP
710,13,small_hotel,0,Electricity,PTAC with electric coil
711,26,quick_service_restaurant,0,NaturalGas,PSZ-AC with gas coil
712,25,warehouse,0,NaturalGas,Residential AC with residential forced air furnace
713,18,warehouse,0,Electricity,PSZ-AC with electric coil
714,36,strip_mall,0,NaturalGas,Residential AC with residential forced air furnace
715,4,quick_service_restaurant,0,NaturalGas,PSZ-AC with gas coil
716,2,full_service_restaurant,0,Electricity,PSZ-AC with electric coil
717,106,small_office,0,NaturalGas,PSZ-AC with gas coil
718,22,small_office,1,Electricity,PVAV with PFP boxes
719,104,retail,0,Electricity,PSZ-AC with electric coil
720,45,retail,0,Electricity,PSZ-AC with electric coil
721,0,strip_mall,1,Electricity,PSZ-AC with electric coil
722,108,full_service_restaurant,0,NaturalGas,PSZ-AC with gas coil
723,5,small_office,0,NaturalGas,Residential AC with residential forced air furnace
724,45,strip_mall,0,Electricity,PSZ-AC with electric coil
725,10,full_service_restaurant,0,FuelOil,PSZ-AC with gas coil
726,47,small_office,0,NaturalGas,PSZ-AC with gas coil
727,19,primary_school,1,NaturalGas,VAV air-cooled chiller with gas boiler reheat
728,0,small_office,1,NaturalGas,PSZ-AC with gas coil
729,27,small_office,0,Electricity,PSZ-AC with electric coil
730,16,warehouse,0,Electricity,PSZ-AC with electric coil
731,104,small_office,0,Electricity,PSZ-HP
732,16,retail,1,NaturalGas,PSZ-AC with gas coil
733,5,small_hotel,0,Electricity,PTHP
734,30,small_office,1,NaturalGas,PSZ-AC with gas coil
735,13,strip_mall,2,NaturalGas,PSZ-AC with gas coil
736,5,retail,0,Electricity,PTHP
737,49,warehouse,0,Electricity,PSZ-AC with electric coil
738,13,warehouse,0,Electricity,PSZ-HP
739,103,retail,0,Electricity,PSZ-AC with electric coil
740,106,retail,0,NaturalGas,Residential AC with residential forced air furnace
741,9,strip_mall,2,NaturalGas,PSZ-AC with gas coil
742,33,small_office,0,Electricity,PSZ-HP
743,15,small_office,0,NaturalGas,Residential AC with residential forced air furnace
744,100,strip_mall,0,Electricity,PSZ-AC with electric coil
745,109,small_office,0,Electricity,PSZ-AC with electric coil
746,106,full_service_restaurant,0,NaturalGas,PSZ-AC with gas coil
747,42,small_office,0,NaturalGas,PSZ-AC with gas coil
748,40,retail,0,Electricity,PTAC with electric coil
749,35,retail,0,NaturalGas,PSZ-AC with gas coil
750,24,warehouse,0,Propane,PSZ-AC with gas coil
751,31,small_office,0,NaturalGas,Residential AC with residential forced air furnace
752,10,small_office,0,Propane,PSZ-AC with gas coil
753,25,warehouse,1,NaturalGas,PSZ-AC with gas coil
754,19,retail,1,Electricity,PSZ-AC with electric coil
755,19,medium_office,1,NaturalGas,PVAV with gas heat with electric reheat
756,16,strip_mall,0,Electricity,PSZ-HP
757,22,medium_office,1,Electricity,PVAV with PFP boxes
758,35,warehouse,0,NaturalGas,PSZ-AC with gas coil
759,22,strip_mall,2,Electricity,PVAV with PFP boxes
760,20,retail,1,NaturalGas,PSZ-AC with gas coil
761,9,medium_office,0,NaturalGas,PSZ-AC with gas coil
762,28,strip_mall,0,Electricity,PSZ-AC with electric coil
763,107,retail,0,Electricity,PSZ-HP
764,32,retail,0,Propane,PSZ-AC with gas coil
765,21,warehouse,0,NaturalGas,PSZ-AC with gas coil
766,20,small_office,0,Electricity,PSZ-AC with electric coil
767,49,warehouse,0,NaturalGas,Residential AC with residential forced air furnace
768,31,full_service_restaurant,0,NaturalGas,PSZ-AC with gas coil
769,3,strip_mall,0,NaturalGas,PSZ-AC with gas coil
770,30,strip_mall,1,NaturalGas,PSZ-AC with gas coil
771,19,small_office,0,Electricity,PTHP
772,102,quick_service_restaurant,0,Electricity,PSZ-AC with electric coil
773,25,retail,0,Electricity,PSZ-HP
774,36,quick_service_restaurant,0,Electricity,PSZ-AC with electric coil
775,4,warehouse,1,NaturalGas,PSZ-AC with gas coil
776,19,full_service_restaurant,0,Electricity,PSZ-HP
777,40,retail,0,Electricity,PTHP
778,4,strip_mall,0,Electricity,PSZ-HP
779,18,strip_mall,2,NaturalGas,PSZ-AC with gas coil
780,33,strip_mall,0,NaturalGas,Residential AC with residential forced air furnace
781,48,retail,1,NaturalGas,PSZ-AC with gas coil
782,45,strip_mall,0,NaturalGas,PSZ-AC with gas coil
783,37,retail,1,Electricity,PSZ-AC with electric coil
784,100,small_office,0,NaturalGas,PSZ-AC with gas coil
785,10,strip_mall,1,NaturalGas,PSZ-AC with gas coil
786,40,strip_mall,1,NaturalGas,PSZ-AC with gas coil
787,40,warehouse,0,Electricity,PTAC with electric coil
788,17,retail,0,Electricity,PSZ-HP
789,48,retail,0,NaturalGas,Residential AC with residential forced air furnace
790,9,large_hotel,0,Electricity,PTAC with electric coil
791,13,retail,1,Electricity,PSZ-AC with electric coil
792,24,small_office,0,NaturalGas,Residential AC with residential forced air furnace
793,8,full_service_restaurant,0,Electricity,PSZ-AC with electric coil
794,29,strip_mall,1,NaturalGas,PSZ-AC with gas coil
795,8,strip_mall,1,NaturalGas,PSZ-AC with gas coil
796,36,retail,0,Electricity,PSZ-AC with electric coil
797,40,warehouse,1,Electricity,PVAV with PFP boxes
798,19,small_office,0,Propane,Residential AC with residential forced air furnace
799,4,medium_office,1,NaturalGas,PVAV with gas boiler reheat
800,19,large_hotel,0,NaturalGas,PTAC with gas boiler
801,40,small_office,1,NaturalGas,PSZ-AC with gas coil
802,19,medium_office,1,Electricity,PVAV with PFP boxes
803,11,quick_service_restaurant,0,Electricity,PSZ-AC with electric coil
804,9,strip_mall,2,Electricity,PVAV with PFP boxes
805,5,warehouse,0,Propane,PSZ-AC with gas coil
806,11,retail,0,NaturalGas,Residential AC with residential forced air furnace
807,22,warehouse,1,Electricity,PVAV with PFP boxes
808,19,primary_school,0,NaturalGas,PSZ-AC with gas coil
809,25,warehouse,0,Electricity,PSZ-AC with electric coil
810,18,retail,0,NaturalGas,Residential AC with residential forced air furnace
811,24,small_office,0,Electricity,PSZ-AC with electric coil
812,13,retail,0,Propane,Residential AC with residential forced air furnace
813,103,full_service_restaurant,0,NaturalGas,PSZ-AC with gas coil
814,36,warehouse,1,NaturalGas,PSZ-AC with gas coil
815,24,small_office,0,Electricity,PSZ-HP
816,7,strip_mall,0,Electricity,PSZ-AC with electric coil
817,25,strip_mall,0,Electricity,PSZ-AC with electric coil
818,32,warehouse,0,NaturalGas,Residential AC with residential forced air furnace
819,40,small_office,1,Electricity,PSZ-AC with electric coil
820,25,quick_service_restaurant,0,Electricity,PSZ-AC with electric coil
821,8,full_service_restaurant,0,Electricity,PSZ-HP
822,16,warehouse,0,NaturalGas,Residential AC with residential forced air furnace
823,10,full_service_restaurant,0,Propane,PSZ-AC with gas coil
824,101,retail,0,NaturalGas,Residential AC with residential forced air furnace
825,29,retail,0,Electricity,PSZ-HP
826,36,small_office,1,NaturalGas,PSZ-AC with gas coil
827,39,large_hotel,0,Electricity,PTAC with electric coil
828,38,retail,1,Electricity,PSZ-AC with electric coil
829,6,small_hotel,0,Electricity,PTAC with electric coil
830,29,strip_mall,0,Electricity,PSZ-AC with electric coil
831,38,warehouse,1,NaturalGas,PSZ-AC with gas coil
832,19,grocery,1,NaturalGas,PSZ-AC with gas coil
833,103,warehouse,0,NaturalGas,PSZ-AC with gas coil
834,109,warehouse,0,Electricity,PSZ-AC with electric coil
835,105,strip_mall,1,NaturalGas,PSZ-AC with gas coil
836,48,strip_mall,0,Electricity,PSZ-AC with electric coil
837,107,retail,1,Electricity,PSZ-AC with electric coil
838,9,small_office,0,FuelOil,Residential AC with residential forced air furnace
839,13,warehouse,0,Propane,Residential AC with residential forced air furnace
840,12,warehouse,0,Electricity,PTAC with electric coil
841,5,retail,1,NaturalGas,PSZ-AC with gas coil
842,17,full_service_restaurant,0,Electricity,PSZ-AC with electric coil
843,104,retail,0,NaturalGas,Residential AC with residential forced air furnace
844,4,small_office,0,Electricity,PSZ-AC with electric coil
845,36,small_office,0,Electricity,PTAC with electric coil
846,48,medium_office,0,NaturalGas,PSZ-AC with gas coil
847,20,retail,0,Propane,PSZ-AC with gas coil
848,17,small_office,1,NaturalGas,PSZ-AC with gas coil
849,27,warehouse,0,Electricity,PSZ-AC with electric coil
850,38,full_service_restaurant,0,Electricity,PSZ-HP
851,27,quick_service_restaurant,0,NaturalGas,PSZ-AC with gas coil
852,24,strip_mall,0,Electricity,PSZ-AC with electric coil
853,105,full_service_restaurant,0,Electricity,PSZ-AC with electric coil
854,7,retail,0,Electricity,PSZ-HP
855,48,warehouse,1,NaturalGas,PSZ-AC with gas coil
856,40,quick_service_restaurant,0,NaturalGas,PSZ-AC with gas coil
857,2,retail,0,Electricity,PSZ-HP
858,40,small_office,0,Electricity,PTAC with electric coil
859,20,warehouse,0,Electricity,PSZ-AC with electric coil
860,28,small_office,1,NaturalGas,PSZ-AC with gas coil
861,28,retail,1,NaturalGas,PSZ-AC with gas coil
862,19,secondary_school,0,NaturalGas,PSZ-AC with gas coil
863,29,full_service_restaurant,0,Electricity,PSZ-AC with electric coil
864,6,strip_mall,1,Electricity,PSZ-AC with electric coil
865,16,small_office,1,NaturalGas,PSZ-AC with gas coil
866,33,retail,0,Electricity,PSZ-HP
867,18,small_office,0,Electricity,PSZ-HP
868,108,quick_service_restaurant,0,Electricity,PSZ-AC with electric coil
869,29,full_service_restaurant,1,NaturalGas,PSZ-AC with gas coil
870,18,retail,0,Electricity,PSZ-AC with electric coil
871,10,warehouse,0,NaturalGas,Residential AC with residential forced air furnace
872,107,small_office,0,Electricity,PTAC with electric coil
873,10,quick_service_restaurant,0,NaturalGas,PSZ-AC with gas coil
874,44,strip_mall,0,NaturalGas,PSZ-AC with gas coil
875,7,warehouse,0,NaturalGas,PSZ-AC with gas coil
876,9,full_service_restaurant,1,NaturalGas,PSZ-AC with gas coil
877,8,small_office,1,Electricity,PSZ-AC with electric coil
878,10,strip_mall,0,Electricity,PSZ-HP
879,9,medium_office,1,NaturalGas,PSZ-AC with gas coil
880,25,retail,0,Electricity,PSZ-AC with electric coil
881,24,strip_mall,0,Electricity,PSZ-HP
882,8,small_office,0,Electricity,PTHP
883,40,small_hotel,0,Electricity,PTAC with electric coil
884,19,small_office,0,Electricity,PTAC with electric coil
885,37,warehouse,0,NaturalGas,Residential AC with residential forced air furnace
886,29,quick_service_restaurant,0,Electricity,PSZ-AC with electric coil
887,29,strip_mall,0,Electricity,PSZ-HP
888,48,strip_mall,0,Electricity,PSZ-HP
889,12,small_office,1,Electricity,PSZ-AC with electric coil
890,100,small_office,0,Electricity,PSZ-HP
891,26,small_office,1,NaturalGas,PSZ-AC with gas coil
892,22,large_hotel,0,Electricity,PTHP
893,22,small_office,1,Electricity,PSZ-HP
894,15,strip_mall,0,Electricity,PSZ-HP
895,0,warehouse,0,Electricity,PSZ-HP
896,13,small_office,0,Propane,Residential AC with residential forced air furnace
897,8,small_hotel,0,Electricity,PTAC with electric coil
898,101,warehouse,1,Electricity,PSZ-AC with electric coil
899,0,full_service_restaurant,0,Propane,PSZ-AC with gas coil
900,20,warehouse,1,NaturalGas,PSZ-AC with gas coil
901,38,warehouse,0,Electricity,PSZ-HP
902,10,retail,0,Electricity,PSZ-HP
903,10,retail,0,FuelOil,Residential AC with residential forced air furnace
904,18,full_service_restaurant,1,NaturalGas,PSZ-AC with gas coil
905,47,retail,0,NaturalGas,PSZ-AC with gas coil
906,22,full_service_restaurant,1,Electricity,PSZ-AC with electric coil
907,40,strip_mall,0,NaturalGas,Residential AC with residential forced air furnace
908,8,warehouse,1,NaturalGas,PVAV with gas heat with electric reheat
909,38,small_hotel,0,Electricity,PTAC with electric coil
910,6,large_hotel,0,Electricity,PTAC with electric coil
911,0,small_hotel,0,Electricity,PTAC with electric coil
912,108,retail,0,NaturalGas,Residential AC with residential forced air furnace
913,47,warehouse,0,NaturalGas,PSZ-AC with gas coil
914,0,small_office,1,Electricity,PSZ-AC with electric coil
915,39,medium_office,1,Electricity,PVAV with PFP boxes
916,29,strip_mall,2,NaturalGas,PSZ-AC with gas coil
917,107,small_office,1,Electricity,PVAV with PFP boxes
918,106,retail,1,NaturalGas,PSZ-AC with gas coil
919,30,strip_mall,2,NaturalGas,PSZ-AC with gas coil
920,18,small_office,1,NaturalGas,PVAV with gas heat with electric reheat
921,10,strip_mall,0,Electricity,PSZ-AC with electric coil
922,0,retail,1,Electricity,PSZ-AC with electric coil
923,15,quick_service_restaurant,0,NaturalGas,PSZ-AC with gas coil
924,49,small_office,0,Electricity,PSZ-HP
925,20,small_office,1,NaturalGas,PSZ-AC with gas coil
926,8,warehouse,0,Propane,PSZ-AC with gas coil
927,19,medium_office,1,NaturalGas,PVAV with gas boiler reheat
928,37,warehouse,0,Electricity,PTAC with electric coil
929,49,small_office,0,NaturalGas,Residential AC with residential forced air furnace
930,9,warehouse,1,Electricity,PSZ-AC with electric coil
931,7,retail,0,NaturalGas,PSZ-AC with gas coil
932,2,small_office,0,Electricity,PSZ-HP
933,29,medium_office,0,NaturalGas,PSZ-AC with gas coil
934,22,medium_office,1,Electricity,PSZ-AC with electric coil
935,4,small_office,0,Propane,PSZ-AC with gas coil
936,7,strip_mall,0,NaturalGas,PSZ-AC with gas coil
937,39,warehouse,0,Electricity,PSZ-HP
938,8,strip_mall,2,NaturalGas,PSZ-AC with gas coil
939,32,retail,1,Electricity,PSZ-AC with electric coil
940,105,small_office,1,Electricity,PVAV with PFP boxes
941,10,retail,0,Propane,PSZ-AC with gas coil
942,33,quick_service_restaurant,0,NaturalGas,PSZ-AC with gas coil
943,27,small_office,0,Electricity,PSZ-HP
944,22,full_service_restaurant,1,NaturalGas,PSZ-AC with gas coil
945,7,retail,0,Electricity,PSZ-AC with electric coil
946,28,warehouse,1,NaturalGas,PSZ-AC with gas coil
947,4,retail,0,Electricity,PSZ-HP
948,36,warehouse,0,Electricity,PSZ-AC with electric coil
949,13,small_office,0,Propane,PSZ-AC with gas coil
950,2,retail,0,NaturalGas,Residential AC with residential forced air furnace
951,14,retail,0,NaturalGas,PSZ-AC with gas coil
952,10,medium_office,0,NaturalGas,PSZ-AC with gas coil
953,38,strip_mall,1,Electricity,PSZ-AC with electric coil
954,34,small_office,0,NaturalGas,Residential AC with residential forced air furnace
955,9,medium_office,1,Electricity,PVAV with PFP boxes
956,101,warehouse,0,Electricity,PTAC with electric coil
957,23,retail,0,NaturalGas,PSZ-AC with gas coil
958,39,strip_mall,1,Electricity,PSZ-AC with electric coil
959,32,warehouse,0,Electricity,PTAC with electric coil
960,18,quick_service_restaurant,0,Electricity,PSZ-AC with electric coil
961,8,small_office,0,Electricity,PTAC with electric coil
962,27,full_service_restaurant,0,Propane,PSZ-AC with gas coil
963,15,small_office,0,Electricity,PSZ-HP
964,0,retail,0,NaturalGas,Residential AC with residential forced air furnace
965,36,retail,0,FuelOil,PSZ-AC with gas coil
966,8,retail,1,Electricity,PSZ-AC with electric coil
967,48,large_office,0,DistrictHeating,VAV district chilled water with district hot water reheat
968,105,small_office,0,Electricity,PTAC with electric coil
969,20,small_office,0,Electricity,PSZ-HP
970,38,strip_mall,0,NaturalGas,Residential AC with residential forced air furnace
971,13,small_office,1,NaturalGas,PVAV with gas heat with electric reheat
972,104,retail,1,NaturalGas,PSZ-AC with gas coil
973,19,medium_office,0,Electricity,PSZ-AC with electric coil
974,8,small_office,1,Electricity,PSZ-HP
975,18,primary_school,0,NaturalGas,PSZ-AC with gas coil
976,1,strip_mall,0,NaturalGas,PSZ-AC with gas coil
977,106,small_office,0,Electricity,PSZ-HP
978,1,warehouse,0,Electricity,PSZ-AC with electric coil
979,48,small_office,0,Electricity,PSZ-HP
980,5,medium_office,1,Electricity,PSZ-HP
981,4,small_office,1,NaturalGas,PVAV with gas heat with electric reheat
982,22,primary_school,1,Electricity,PVAV with PFP boxes
983,30,warehouse,0,FuelOil,Residential forced air furnace
984,30,full_service_restaurant,1,NaturalGas,PSZ-AC with gas coil
985,39,full_service_restaurant,1,NaturalGas,PSZ-AC with gas coil
986,47,warehouse,0,FuelOil,Residential forced air furnace
987,33,strip_mall,1,NaturalGas,PSZ-AC with gas coil
988,48,quick_service_restaurant,0,NaturalGas,PSZ-AC with gas coil
989,17,strip_mall,1,NaturalGas,PSZ-AC with gas coil
990,39,retail,0,Electricity,PSZ-AC with electric coil
991,19,outpatient,0,NaturalGas,PSZ-AC with gas coil
992,12,strip_mall,1,Electricity,PSZ-AC with electric coil
993,42,full_service_restaurant,0,NaturalGas,PSZ-AC with gas coil
994,0,strip_mall,2,Electricity,PVAV with PFP boxes
995,19,medium_office,0,Electricity,PVAV with PFP boxes
996,10,small_office,1,NaturalGas,PSZ-AC with gas coil
997,45,retail,0,Electricity,PSZ-HP
998,29,small_office,1,NaturalGas,PVAV with gas heat with electric reheat
999,20,retail,0,Electricity,PSZ-AC with electric coil
1000,37,retail,1,NaturalGas,PSZ-AC with gas coil
1001,37,small_hotel,0,Electricity,PTAC with electric coil
1002,30,medium_office,0,NaturalGas,PSZ-AC with gas coil
1003,35,strip_mall,0,Electricity,PSZ-AC with electric coil
1004,11,small_office,0,Electricity,PSZ-HP
1005,106,warehouse,0,Electricity,PTAC with electric coil
1006,32,small_office,0,Electricity,PTHP
1007,20,retail,0,NaturalGas,Residential AC with residential forced air furnace
1008,107,full_service_restaurant,0,Electricity,PSZ-AC with electric coil
1009,0,strip_mall,1,NaturalGas,PSZ-AC with gas coil
1010,22,medium_office,0,Electricity,PVAV with PFP boxes
1011,30,quick_service_restaurant,0,NaturalGas,PSZ-AC with gas coil
1012,100,full_service_restaurant,0,NaturalGas,PSZ-AC with gas coil
1013,7,warehouse,0,Electricity,PSZ-AC with electric coil
1014,36,retail,0,Electricity,PSZ-HP
1015,9,medium_office,0,Electricity,PSZ-AC with electric coil
1016,25,small_office,0,FuelOil,Residential AC with residential forced air furnace
1017,0,retail,0,Propane,PSZ-AC with gas coil
1018,14,small_office,0,Electricity,PSZ-AC with electric coil
1019,25,quick_service_restaurant,0,NaturalGas,PSZ-AC with gas coil
1020,19,medium_office,1,Electricity,VAV chiller with PFP boxes
1021,37,small_office,0,Electricity,PTHP
1022,32,retail,1,NaturalGas,PSZ-AC with gas coil
1023,5,full_service_restaurant,1,Electricity,PVAV with PFP boxes
1024,26,warehouse,1,NaturalGas,PSZ-AC with gas coil
1025,40,small_office,1,Electricity,PVAV with PFP boxes
1026,46,warehouse,0,NaturalGas,PSZ-AC with gas coil
1027,101,retail,1,NaturalGas,PSZ-AC with gas coil
1028,36,strip_mall,1,NaturalGas,PSZ-AC with gas coil
1029,102,retail,0,Electricity,PSZ-HP
1030,105,retail,0,Electricity,PSZ-HP
1031,34,small_office,0,NaturalGas,PSZ-AC with gas coil
1032,6,retail,0,NaturalGas,PSZ-AC with gas coil
1033,20,strip_mall,0,NaturalGas,Residential AC with residential forced air furnace
1034,8,strip_mall,0,NaturalGas,Residential AC with residential forced air furnace
1035,23,full_service_restaurant,0,NaturalGas,PSZ-AC with gas coil
1036,103,warehouse,0,Electricity,PSZ-HP
1037,102,small_office,1,Electricity,PVAV with PFP boxes
1038,48,warehouse,0,Electricity,PSZ-AC with electric coil
1039,10,strip_mall,2,NaturalGas,PSZ-AC with gas coil
1040,33,small_hotel,0,Electricity,PTAC with electric coil
1041,40,strip_mall,1,Electricity,PSZ-AC with electric coil
1042,43,strip_mall,0,NaturalGas,PSZ-AC with gas coil
1043,102,strip_mall,0,Electricity,PSZ-HP
1044,44,warehouse,0,NaturalGas,PSZ-AC with gas coil
1045,44,small_office,0,Electricity,PSZ-HP
1046,12,warehouse,1,Electricity,PSZ-AC with electric coil
1047,36,full_service_restaurant,0,Electricity,PSZ-AC with electric coil
1048,105,retail,1,Electricity,PSZ-AC with electric coil
1049,11,strip_mall,0,Electricity,PSZ-HP
1050,19,warehouse,0,Propane,PSZ-AC with gas coil
1051,27,small_office,0,Electricity,PTAC with electric coil
1052,107,small_office,1,Electricity,PSZ-AC with electric coil
1053,19,secondary_school,0,NaturalGas,PSZ-AC with gas boiler
1054,15,small_office,0,Electricity,PSZ-AC with electric coil
1055,18,full_service_restaurant,0,Propane,PSZ-AC with gas coil
1056,48,small_office,0,Electricity,PSZ-AC with electric coil
1057,107,strip_mall,1,NaturalGas,PSZ-AC with gas coil
1058,4,small_hotel,0,Electricity,PTAC with electric coil
1059,39,warehouse,0,NaturalGas,Residential AC with residential forced air furnace
1060,47,warehouse,0,Propane,PSZ-AC with gas coil
1061,8,warehouse,0,Electricity,PTAC with electric coil
1062,29,quick_service_restaurant,0,NaturalGas,PSZ-AC with gas coil
1063,0,small_office,1,Electricity,PVAV with PFP boxes
1064,30,small_office,1,NaturalGas,PVAV with gas heat with electric reheat
1065,37,retail,0,Propane,PSZ-AC with gas coil
1066,17,retail,0,NaturalGas,Residential AC with residential forced air furnace
1067,105,small_office,1,Electricity,PSZ-AC with electric coil
1068,9,large_office,0,Electricity,PVAV with PFP boxes
1069,6,small_office,1,Electricity,PSZ-AC with electric coil
1070,4,strip_mall,0,NaturalGas,Residential AC with residential forced air furnace
1071,20,small_office,0,Electricity,PTAC with electric coil
1072,30,full_service_restaurant,0,Electricity,PSZ-HP
1073,11,retail,1,NaturalGas,PSZ-AC with gas coil
1074,49,quick_service_restaurant,0,Electricity,PSZ-AC with electric coil
1075,36,small_hotel,0,Electricity,PTAC with electric coil
1076,102,small_office,0,Electricity,PTAC with electric coil
1077,9,large_office,1,Electricity,VAV chiller with PFP boxes
1078,2,retail,1,Electricity,PSZ-AC with electric coil
1079,32,small_office,0,Electricity,PTAC with electric coil
1080,101,quick_service_restaurant,0,Electricity,PSZ-AC with electric coil
1081,13,retail,0,Electricity,PTAC with electric coil
1082,8,full_service_restaurant,1,NaturalGas,PSZ-AC with gas coil
1083,29,retail,0,FuelOil,PSZ-AC with gas coil
1084,19,small_hotel,0,Electricity,PTHP
1085,100,warehouse,0,NaturalGas,PSZ-AC with gas coil
1086,107,strip_mall,0,Electricity,PSZ-HP
1087,1,warehouse,0,NaturalGas,PSZ-AC with gas coil
1088,31,warehouse,0,Electricity,PSZ-AC with electric coil
1089,19,warehouse,0,Electricity,PSZ-HP
1090,36,strip_mall,2,NaturalGas,PSZ-AC with gas coil
1091,13,full_service_restaurant,1,NaturalGas,PSZ-AC with gas coil
1092,9,full_service_restaurant,0,Propane,PSZ-AC with gas coil
1093,9,small_office,0,Propane,PSZ-AC with gas coil
1094,103,quick_service_restaurant,0,Electricity,PSZ-AC with electric coil
1095,9,medium_office,0,Electricity,PVAV with PFP boxes
1096,8,small_office,1,Electricity,PVAV with PFP boxes
1097,25,small_office,1,NaturalGas,PSZ-AC with gas coil
1098,19,secondary_school,0,NaturalGas,VAV air-cooled chiller with gas boiler reheat
1099,108,retail,1,NaturalGas,PSZ-AC with gas coil
1100,17,strip_mall,2,NaturalGas,PSZ-AC with gas coil
1101,42,warehouse,0,NaturalGas,Residential AC with residential forced air furnace
1102,4,warehouse,0,Electricity,PSZ-HP
1103,102,retail,1,Electricity,PSZ-AC with electric coil
1104,39,small_office,1,NaturalGas,PVAV with gas heat with electric reheat
1105,36,full_service_restaurant,1,NaturalGas,PSZ-AC with gas coil
1106,32,small_office,1,Electricity,PSZ-AC with electric coil
1107,10,large_hotel,0,Electricity,PTAC with electric coil
1108,2,retail,1,NaturalGas,PSZ-AC with gas coil
1109,39,secondary_school,0,NaturalGas,PSZ-AC with gas coil
1110,5,retail,0,Propane,PSZ-AC with gas coil
1111,14,strip_mall,0,Electricity,PSZ-AC with electric coil
1112,23,small_office,0,NaturalGas,Residential AC with residential forced air furnace
1113,31,strip_mall,0,Electricity,PSZ-AC with electric coil
1114,24,retail,0,Propane,PSZ-AC with gas coil
1115,38,small_office,1,NaturalGas,PSZ-AC with gas coil
1116,37,small_office,0,Electricity,PTAC with electric coil
1117,9,small_hotel,0,Electricity,PTHP
1118,10,quick_service_restaurant,0,Electricity,PSZ-AC with electric coil
1119,10,full_service_restaurant,0,Electricity,PSZ-HP
1120,37,large_hotel,0,Electricity,PTAC with electric coil
1121,19,primary_school,1,NaturalGas,PVAV with gas boiler reheat
1122,9,warehouse,1,NaturalGas,PVAV with gas heat with electric reheat
1123,3,small_office,0,NaturalGas,PSZ-AC with gas coil
1124,18,warehouse,0,Propane,PSZ-AC with gas coil
1125,40,warehouse,0,Electricity,PSZ-HP
1126,15,warehouse,0,NaturalGas,Residential AC with residential forced air furnace
1127,12,full_service_restaurant,0,Electricity,PSZ-HP
1128,43,retail,0,NaturalGas,PSZ-AC with gas coil
1129,13,medium_office,1,NaturalGas,PSZ-AC with gas coil
1130,4,strip_mall,1,NaturalGas,PSZ-AC with gas coil
1131,14,small_office,0,NaturalGas,PSZ-AC with gas coil
1132,24,small_office,0,Electricity,PTAC with electric coil
1133,48,small_office,1,NaturalGas,PSZ-AC with gas coil
1134,103,retail,0,NaturalGas,Residential AC with residential forced air furnace
1135,39,strip_mall,1,NaturalGas,PSZ-AC with gas coil
1136,109,strip_mall,0,Electricity,PSZ-AC with electric coil
1137,19,medium_office,0,Electricity,PSZ-HP
1138,40,large_hotel,0,Electricity,PTAC with electric coil
1139,20,retail,0,Propane,Residential AC with residential forced air furnace
1140,39,medium_office,0,Electricity,PSZ-HP
1141,11,retail,0,Electricity,PSZ-HP
1142,41,strip_mall,0,Electricity,PSZ-AC with electric coil
1143,4,full_service_restaurant,1,NaturalGas,PSZ-AC with gas coil
1144,105,warehouse,1,NaturalGas,PSZ-AC with gas coil
1145,102,strip_mall,1,NaturalGas,PSZ-AC with gas coil
1146,23,warehouse,0,NaturalGas,PSZ-AC with gas coil
1147,22,small_office,1,NaturalGas,PVAV with gas heat with electric reheat
1148,9,retail,0,NaturalGas,Residential AC with residential forced air furnace
1149,45,warehouse,0,Electricity,PSZ-AC with electric coil
1150,45,full_service_restaurant,0,Electricity,PSZ-AC with electric coil
1151,0,small_office,1,NaturalGas,PVAV with gas heat with electric reheat
1152,18,secondary_school,0,NaturalGas,PSZ-AC with gas coil
1153,28,retail,0,Electricity,PSZ-AC with electric coil
1154,107,strip_mall,0,Propane,PSZ-AC with gas coil
1155,19,secondary_school,0,NaturalGas,PTAC with gas boiler
1156,24,strip_mall,0,FuelOil,PSZ-AC with gas coil
1157,23,small_office,0,NaturalGas,PSZ-AC with gas coil
1158,24,small_hotel,0,Electricity,PTHP
1159,12,small_office,0,Electricity,PTAC with electric coil
1160,102,warehouse,0,Electricity,PTAC with electric coil
1161,5,primary_school,1,Electricity,PVAV with PFP boxes
1162,9,retail,0,Propane,Residential AC with residential forced air furnace
1163,6,warehouse,0,Electricity,PTHP
1164,28,small_office,0,Electricity,PSZ-HP
1165,19,large_hotel,0,Electricity,PTHP
1166,25,medium_office,0,NaturalGas,PSZ-AC with gas coil
1167,108,warehouse,0,Electricity,PTAC with electric coil
1168,13,small_office,1,Electricity,PSZ-AC with electric coil
1169,28,quick_service_restaurant,0,Electricity,PSZ-AC with electric coil
1170,30,small_office,1,Electricity,PSZ-AC with electric coil
1171,49,small_office,0,Electricity,PSZ-AC with electric coil
1172,106,warehouse,1,NaturalGas,PSZ-AC with gas coil
1173,38,small_office,1,Electricity,PSZ-AC with electric coil
1174,18,warehouse,1,NaturalGas,PVAV with gas heat with electric reheat
1175,102,small_office,1,Electricity,PSZ-AC with electric coil
1176,36,small_office,1,NaturalGas,PVAV with gas heat with electric reheat
1177,48,strip_mall,2,NaturalGas,PSZ-AC with gas coil
1178,33,retail,1,Electricity,PSZ-AC with electric coil
1179,109,small_office,0,NaturalGas,PSZ-AC with gas coil
1180,38,retail,0,NaturalGas,Residential AC with residential forced air furnace
1181,40,full_service_restaurant,0,Electricity,PSZ-HP
1182,40,strip_mall,2,NaturalGas,PSZ-AC with gas coil
1183,102,full_service_restaurant,0,Electricity,PSZ-AC with electric coil
1184,35,full_service_restaurant,0,NaturalGas,PSZ-AC with gas coil
1185,33,small_office,1,NaturalGas,PSZ-AC with gas coil
1186,20,strip_mall,1,NaturalGas,PSZ-AC with gas coil
1187,25,warehouse,0,Electricity,PSZ-HP
1188,108,retail,0,Electricity,PSZ-HP
1189,0,retail,0,Propane,Residential AC with residential forced air furnace
1190,9,medium_office,1,NaturalGas,VAV air-cooled chiller with gas boiler reheat
1191,41,warehouse,0,Electricity,PSZ-AC with electric coil
1192,19,small_office,1,NaturalGas,PVAV with gas boiler reheat
1193,19,small_office,1,Electricity,PVAV with PFP boxes
1194,35,small_office,0,NaturalGas,Residential AC with residential forced air furnace
1195,27,retail,0,Electricity,PSZ-AC with electric coil
1196,18,small_office,1,NaturalGas,Residential AC with residential forced air furnace
1197,5,warehouse,1,Electricity,PVAV with PFP boxes
1198,39,full_service_restaurant,0,DistrictHeating,VAV district chilled water with district hot water reheat
1199,101,strip_mall,0,Electricity,PSZ-HP
1200,24,quick_service_restaurant,0,Electricity,PSZ-AC with electric coil
1201,26,strip_mall,1,NaturalGas,PSZ-AC with gas coil
1202,26,retail,0,NaturalGas,Residential AC with residential forced air furnace
1203,32,small_office,1,Electricity,PSZ-HP
1204,49,strip_mall,0,Electricity,PSZ-HP
1205,46,retail,0,NaturalGas,PSZ-AC with gas coil
1206,30,large_hotel,0,Electricity,PTAC with electric coil
1207,22,large_hotel,0,NaturalGas,PTAC with gas coil
1208,5,medium_office,1,Electricity,VAV chiller with PFP boxes
1209,34,warehouse,0,Electricity,PSZ-AC with electric coil
1210,17,full_service_restaurant,0,Electricity,PSZ-HP
1211,22,medium_office,0,NaturalGas,PSZ-AC with gas coil
1212,36,outpatient,0,NaturalGas,PSZ-AC with gas coil
1213,37,small_office,1,Electricity,PSZ-AC with electric coil
1214,44,small_office,0,NaturalGas,PSZ-AC with gas coil
1215,22,quick_service_restaurant,0,Electricity,PSZ-HP
1216,49,retail,1,NaturalGas,PSZ-AC with gas coil
1217,40,medium_office,1,Electricity,PVAV with PFP boxes
1218,24,retail,0,Electricity,PSZ-AC with electric coil
1219,24,retail,1,FuelOil,PSZ-AC with gas coil
1220,19,warehouse,0,DistrictHeating,DOAS with fan coil air-cooled chiller with district hot water
1221,6,strip_mall,2,Electricity,PVAV with PFP boxes
1222,5,medium_office,1,Electricity,PSZ-AC with electric coil
1223,6,small_office,1,Electricity,PSZ-HP
1224,22,medium_office,0,Electricity,PSZ-AC with electric coil
1225,9,large_hotel,0,Electricity,PTHP
1226,109,full_service_restaurant,0,NaturalGas,PSZ-AC with gas coil
1227,20,small_office,0,Propane,Residential AC with residential forced air furnace
1228,36,medium_office,0,NaturalGas,PSZ-AC with gas coil
1229,5,secondary_school,0,Electricity,PSZ-AC with electric coil
1230,11,full_service_restaurant,0,Electricity,PSZ-AC with electric coil
1231,25,medium_office,1,NaturalGas,PSZ-AC with gas coil
1232,4,retail,1,Electricity,PSZ-AC with electric coil
1233,29,warehouse,0,FuelOil,Residential forced air furnace
1234,24,full_service_restaurant,0,Electricity,PSZ-AC with electric coil
1235,36,strip_mall,0,Electricity,PSZ-AC with electric coil
1236,29,warehouse,1,NaturalGas,PVAV with gas heat with electric reheat
1237,12,small_hotel,0,Electricity,PTAC with electric coil
1238,12,small_office,1,NaturalGas,PSZ-AC with gas coil
1239,46,strip_mall,0,NaturalGas,PSZ-AC with gas coil
1240,37,warehouse,0,Propane,PSZ-AC with gas coil
1241,24,strip_mall,0,NaturalGas,Residential AC with residential forced air furnace
1242,11,quick_service_restaurant,0,NaturalGas,PSZ-AC with gas coil
1243,7,quick_service_restaurant,0,Electricity,PSZ-AC with electric coil
1244,18,medium_office,0,NaturalGas,PSZ-AC with gas coil
1245,28,strip_mall,1,NaturalGas,PSZ-AC with gas coil
1246,47,small_office,0,Propane,PSZ-AC with gas coil
1247,12,warehouse,1,NaturalGas,PSZ-AC with gas coil
1248,10,small_hotel,0,Electricity,PTAC with electric coil
1249,24,secondary_school,0,FuelOil,PSZ-AC with gas boiler
1250,18,strip_mall,0,Electricity,PSZ-AC with electric coil
1251,49,retail,0,Electricity,PSZ-HP
1252,15,retail,1,NaturalGas,PSZ-AC with gas coil
1253,34,warehouse,0,NaturalGas,Residential AC with residential forced air furnace
1254,41,small_office,0,Electricity,PSZ-AC with electric coil
1255,0,strip_mall,2,NaturalGas,PSZ-AC with gas coil
1256,10,medium_office,0,DistrictHeating,VAV chiller with district hot water reheat
1257,28,medium_office,1,NaturalGas,PVAV with gas boiler reheat
1258,13,warehouse,0,Electricity,PTAC with electric coil
1259,9,grocery,1,NaturalGas,PSZ-AC with gas coil
1260,109,quick_service_restaurant,0,Electricity,PSZ-AC with electric coil
1261,103,strip_mall,1,NaturalGas,PSZ-AC with gas coil
1262,36,strip_mall,0,Electricity,PSZ-HP
1263,8,retail,0,Propane,PSZ-AC with gas coil
1264,34,small_office,0,Electricity,PSZ-AC with electric coil
1265,104,strip_mall,0,Electricity,PSZ-HP
1266,106,retail,0,Electricity,PSZ-HP
1267,30,retail,1,Electricity,PSZ-AC with electric coil
1268,19,quick_service_restaurant,0,Electricity,PSZ-HP
1269,5,quick_service_restaurant,0,Electricity,PSZ-HP
1270,6,strip_mall,0,NaturalGas,PSZ-AC with gas coil
1271,109,warehouse,0,NaturalGas,PSZ-AC with gas coil
1272,22,secondary_school,0,NaturalGas,PSZ-AC with gas coil
1273,25,small_office,1,Electricity,PSZ-AC with electric coil
1274,40,small_office,1,Electricity,PSZ-HP
1275,9,medium_office,1,NaturalGas,PVAV with gas heat with electric reheat
1276,101,large_hotel,0,Electricity,PTAC with electric coil
1277,33,full_service_restaurant,0,Propane,PSZ-AC with gas coil
1278,17,full_service_restaurant,1,NaturalGas,PSZ-AC with gas coil
1279,109,retail,0,Electricity,PSZ-AC with electric coil
1280,103,small_office,0,Electricity,PSZ-HP
1281,105,medium_office,1,NaturalGas,PVAV with gas boiler reheat
1282,19,small_office,1,Electricity,PSZ-AC with electric coil
1283,23,full_service_restaurant,0,Propane,PSZ-AC with gas coil
1284,21,small_office,0,NaturalGas,Residential AC with residential forced air furnace
1285,19,large_hotel,0,NaturalGas,PTAC with gas coil
1286,28,small_office,1,NaturalGas,PVAV with gas heat with electric reheat
1287,29,small_office,1,Electricity,PSZ-AC with electric coil
1288,19,warehouse,1,Electricity,PSZ-AC with electric coil
1289,5,large_office,0,Electricity,PVAV with PFP boxes
1290,48,large_office,0,Electricity,PVAV with PFP boxes
1291,22,retail,0,Propane,PSZ-AC with gas coil
1292,10,retail,1,NaturalGas,PSZ-AC with gas coil
1293,26,full_service_restaurant,1,NaturalGas,PSZ-AC with gas coil
1294,30,small_hotel,0,Electricity,PTAC with electric coil
1295,6,medium_office,1,Electricity,PVAV with PFP boxes
1296,36,full_service_restaurant,0,Propane,PSZ-AC with gas coil
1297,13,medium_office,1,Electricity,PVAV with PFP boxes
1298,24,warehouse,0,Electricity,PSZ-AC with electric coil
1299,107,small_office,1,Electricity,PSZ-HP
1300,104,warehouse,1,NaturalGas,PSZ-AC with gas coil
1301,32,strip_mall,1,Electricity,PSZ-AC with electric coil
1302,26,retail,0,Electricity,PSZ-AC with electric coil
1303,101,small_office,0,Electricity,PTAC with electric coil
1304,102,medium_office,1,NaturalGas,PVAV with gas boiler reheat
1305,104,retail,0,Electricity,PSZ-HP
1306,32,small_office,1,Electricity,PVAV with PFP boxes
1307,39,small_office,0,Electricity,PTAC with electric coil
1308,13,large_hotel,0,Electricity,PTAC with electric coil
1309,106,quick_service_restaurant,0,NaturalGas,PSZ-AC with gas coil
1310,45,small_office,0,NaturalGas,Residential AC with residential forced air furnace
1311,9,warehouse,0,FuelOil,Residential forced air furnace
1312,5,grocery,1,Electricity,PSZ-AC with electric coil
1313,6,small_office,1,Electricity,PVAV with PFP boxes
1314,14,full_service_restaurant,0,NaturalGas,PSZ-AC with gas coil
1315,105,small_office,0,NaturalGas,Residential AC with residential forced air furnace
1316,18,small_office,0,Electricity,PTAC with electric coil
1317,25,retail,1,Electricity,PSZ-AC with electric coil
1318,20,warehouse,0,Propane,Residential AC with residential forced air furnace
1319,105,small_office,1,Electricity,PSZ-HP
1320,19,small_hotel,0,NaturalGas,Residential AC with residential forced air furnace
1321,17,small_hotel,0,Electricity,PTAC with electric coil
1322,105,quick_service_restaurant,0,NaturalGas,PSZ-AC with gas coil
1323,101,full_service_restaurant,0,Electricity,PSZ-AC with electric coil
1324,38,large_hotel,0,Electricity,PTAC with electric coil
1325,10,warehouse,1,NaturalGas,PSZ-AC with gas coil
1326,32,full_service_restaurant,0,Propane,PSZ-AC with gas coil
1327,102,warehouse,1,Electricity,PSZ-AC with electric coil
1328,31,retail,0,Electricity,PSZ-AC with electric coil
1329,22,full_service_restaurant,0,Propane,PSZ-AC with gas coil
1330,17,retail,1,Electricity,PSZ-AC with electric coil
1331,32,quick_service_restaurant,0,NaturalGas,PSZ-AC with gas coil
1332,38,small_office,1,Electricity,PVAV with PFP boxes
1333,101,retail,0,Electricity,PSZ-HP
1334,14,warehouse,0,Electricity,PSZ-HP
1335,31,small_office,0,Electricity,PSZ-AC with electric coil
1336,103,small_office,0,NaturalGas,PSZ-AC with gas coil
1337,24,full_service_restaurant,0,DistrictHeating,VAV district chilled water with district hot water reheat
1338,2,small_hotel,0,Electricity,PTAC with electric coil
1339,0,full_service_restaurant,1,NaturalGas,PSZ-AC with gas coil
1340,4,retail,0,NaturalGas,Residential AC with residential forced air furnace
1341,18,strip_mall,0,Electricity,PSZ-HP
1342,6,medium_office,0,Electricity,PSZ-AC with electric coil
1343,10,warehouse,0,Electricity,PSZ-HP
1344,0,small_office,0,Electricity,PTAC with electric coil
1345,20,small_office,0,Propane,PSZ-AC with gas coil
1346,103,strip_mall,0,Electricity,PSZ-HP
1347,100,retail,0,Electricity,PSZ-AC with electric coil
1348,45,full_service_restaurant,0,NaturalGas,PSZ-AC with gas coil
1349,5,quick_service_restaurant,0,Electricity,PTAC with electric coil
1350,22,large_hotel,0,NaturalGas,PTAC with gas boiler
1351,0,small_office,1,Electricity,PSZ-HP
1352,37,small_office,1,Electricity,PSZ-HP
1353,32,warehouse,1,NaturalGas,PSZ-AC with gas coil
1354,4,medium_office,0,NaturalGas,PSZ-AC with gas coil
1355,28,strip_mall,0,Electricity,PSZ-HP
1356,8,strip_mall,1,Electricity,PSZ-AC with electric coil
1357,26,small_office,0,Electricity,PSZ-AC with electric coil
1358,22,small_hotel,0,Electricity,PTHP
1359,0,large_hotel,0,Electricity,PTAC with electric coil
1360,102,small_office,0,NaturalGas,Residential AC with residential forced air furnace
1361,48,retail,0,Electricity,PSZ-AC with electric coil
1362,26,small_hotel,0,Electricity,PTAC with electric coil
1363,13,medium_office,0,NaturalGas,PSZ-AC with gas coil
1364,10,small_office,1,FuelOil,PSZ-AC with gas coil
1365,6,large_hotel,0,Electricity,PTHP
1366,25,warehouse,0,Propane,PSZ-AC with gas coil
1367,27,quick_service_restaurant,0,Electricity,PSZ-AC with electric coil
1368,29,retail,1,Electricity,PSZ-AC with electric coil
1369,105,small_office,1,NaturalGas,PSZ-AC with gas coil
1370,18,primary_school,1,NaturalGas,VAV air-cooled chiller with gas boiler reheat
1371,107,quick_service_restaurant,0,NaturalGas,PSZ-AC with gas coil
1372,37,quick_service_restaurant,0,NaturalGas,PSZ-AC with gas coil
1373,8,medium_office,0,NaturalGas,PSZ-AC with gas coil
1374,48,small_office,0,Electricity,PTAC with electric coil
1375,28,strip_mall,0,NaturalGas,Residential AC with residential forced air furnace
1376,103,retail,0,Electricity,PSZ-HP
1377,107,small_office,0,NaturalGas,Residential AC with residential forced air furnace
1378,21,small_office,0,NaturalGas,PSZ-AC with gas coil
1379,39,full_service_restaurant,0,Electricity,PSZ-AC with electric coil
1380,27,retail,1,NaturalGas,PSZ-AC with gas coil
1381,104,full_service_restaurant,0,Electricity,PSZ-AC with electric coil
1382,2,strip_mall,0,NaturalGas,Residential AC with residential forced air furnace
1383,19,warehouse,0,Electricity,PTAC with electric coil
1384,105,strip_mall,2,NaturalGas,PSZ-AC with gas coil
1385,6,small_office,0,Electricity,PTHP
1386,17,small_office,1,NaturalGas,PVAV with gas heat with electric reheat
1387,13,small_office,1,Electricity,PVAV with PFP boxes
1388,31,quick_service_restaurant,0,NaturalGas,PSZ-AC with gas coil
1389,10,small_office,1,Electricity,PSZ-AC with electric coil
1390,22,medium_office,1,NaturalGas,PVAV with gas heat with electric reheat
1391,18,secondary_school,0,NaturalGas,PSZ-AC with gas boiler
1392,109,retail,0,NaturalGas,Residential AC with residential forced air furnace
1393,10,medium_office,1,NaturalGas,PVAV with gas boiler reheat
1394,22,primary_school,1,Electricity,DOAS with water source heat pumps with ground source heat pump
1395,29,full_service_restaurant,0,Electricity,PSZ-HP
1396,101,small_office,1,Electricity,PVAV with PFP boxes
1397,30,warehouse,0,Electricity,PSZ-HP
1398,30,secondary_school,0,NaturalGas,PSZ-AC with gas boiler
1399,47,small_office,0,Electricity,PSZ-AC with electric coil
1400,39,medium_office,1,NaturalGas,PVAV with gas boiler reheat
1401,104,strip_mall,1,NaturalGas,PSZ-AC with gas coil
1402,24,large_hotel,0,Electricity,PTAC with electric coil
1403,25,small_office,1,Electricity,PSZ-HP
1404,34,retail,0,NaturalGas,PSZ-AC with gas coil
1405,3,warehouse,0,NaturalGas,PSZ-AC with gas coil
1406,19,warehouse,0,FuelOil,Residential forced air furnace
1407,9,small_office,1,NaturalGas,PVAV with gas heat with electric reheat
1408,16,retail,0,Electricity,PSZ-AC with electric coil
1409,37,strip_mall,1,Electricity,PSZ-AC with electric coil
1410,44,small_office,0,Electricity,PSZ-AC with electric coil
1411,8,retail,0,NaturalGas,Residential AC with residential forced air furnace
1412,31,quick_service_restaurant,0,Electricity,PSZ-AC with electric coil
1413,40,medium_office,1,Electricity,PSZ-AC with electric coil
1414,47,retail,0,Propane,PSZ-AC with gas coil
1415,28,small_office,0,Electricity,PSZ-AC with electric coil
1416,36,warehouse,0,FuelOil,Residential forced air furnace
1417,49,retail,1,Electricity,PSZ-AC with electric coil
1418,6,medium_office,0,Electricity,PVAV with PFP boxes
1419,37,warehouse,1,NaturalGas,PSZ-AC with gas coil
1420,109,small_office,0,Electricity,PSZ-HP
1421,8,warehouse,1,Electricity,PSZ-AC with electric coil
1422,22,medium_office,1,NaturalGas,PSZ-AC with gas coil
1423,4,full_service_restaurant,0,Electricity,PSZ-AC with electric coil
1424,19,large_office,1,NaturalGas,VAV chiller with gas boiler reheat
1425,24,retail,0,FuelOil,Residential AC with residential forced air furnace
1426,38,warehouse,0,Electricity,PTAC with electric coil
1427,32,large_hotel,0,Electricity,PTAC with electric coil
1428,42,retail,0,NaturalGas,PSZ-AC with gas coil
1429,29,warehouse,0,Electricity,PSZ-HP
1430,17,large_hotel,0,Electricity,PTAC with electric coil
1431,7,warehouse,0,Electricity,PSZ-HP
1432,102,small_office,1,Electricity,PSZ-HP
1433,35,small_office,0,Propane,PSZ-AC with gas coil
1434,34,full_service_restaurant,0,NaturalGas,PSZ-AC with gas coil
1435,9,retail,0,Electricity,PTAC with electric coil
1436,107,medium_office,1,NaturalGas,PVAV with gas boiler reheat
1437,32,small_hotel,0,Electricity,PTAC with electric coil
1438,39,medium_office,0,NaturalGas,PSZ-AC with gas coil
1439,10,warehouse,1,FuelOil,PSZ-AC with gas coil
1440,39,small_hotel,0,Electricity,PTAC with electric coil
1441,8,medium_office,1,NaturalGas,PSZ-AC with gas coil
1442,105,medium_office,0,NaturalGas,PSZ-AC with gas coil
1443,12,strip_mall,2,Electricity,PVAV with PFP boxes
1444,24,retail,0,DistrictHeating,PSZ-AC with district hot water
1445,39,small_hotel,0,NaturalGas,Residential AC with residential forced air furnace
1446,22,large_office,1,Electricity,VAV chiller with PFP boxes
1447,4,strip_mall,2,NaturalGas,PSZ-AC with gas coil
1448,0,warehouse,0,Electricity,PTAC with electric coil
1449,25,full_service_restaurant,1,NaturalGas,PSZ-AC with gas coil
1450,40,medium_office,0,Electricity,PVAV with PFP boxes
1451,26,quick_service_restaurant,0,Electricity,PSZ-AC with electric coil
1452,10,retail,1,Electricity,PSZ-AC with electric coil
1453,10,small_office,1,Electricity,PVAV with PFP boxes
1454,25,full_service_restaurant,0,Electricity,PSZ-AC with electric coil
1455,0,small_office,1,NaturalGas,Residential AC with residential forced air furnace
1456,48,large_hotel,0,Electricity,PTAC with electric coil
1457,108,full_service_restaurant,0,Electricity,PSZ-AC with electric coil
1458,6,small_office,0,Electricity,PTAC with electric coil
1459,37,small_office,1,Electricity,PVAV with PFP boxes
1460,103,retail,1,NaturalGas,PSZ-AC with gas coil
1461,2,quick_service_restaurant,0,NaturalGas,PSZ-AC with gas coil
1462,22,warehouse,1,NaturalGas,PVAV with gas heat with electric reheat
1463,36,large_hotel,0,Electricity,PTAC with electric coil
1464,12,medium_office,1,Electricity,PVAV with PFP boxes
1465,18,secondary_school,0,NaturalGas,VAV air-cooled chiller with gas boiler reheat
1466,24,full_service_restaurant,0,FuelOil,PSZ-AC with gas coil
1467,12,retail,1,NaturalGas,PSZ-AC with gas coil
1468,29,primary_school,0,NaturalGas,PSZ-AC with gas coil
1469,35,small_hotel,0,Electricity,PTAC with electric coil
1470,27,warehouse,0,Propane,PSZ-AC with gas coil
1471,40,full_service_restaurant,1,Electricity,PSZ-AC with electric coil
1472,21,warehouse,0,NaturalGas,Residential AC with residential forced air furnace
1473,6,warehouse,1,Electricity,PVAV with PFP boxes
1474,30,warehouse,1,NaturalGas,PVAV with gas heat with electric reheat
1475,106,strip_mall,1,NaturalGas,PSZ-AC with gas coil
1476,39,strip_mall,2,Electricity,PVAV with PFP boxes
1477,19,secondary_school,0,NaturalGas,PVAV with gas heat with electric reheat
1478,26,warehouse,0,Electricity,PSZ-AC with electric coil
1479,26,strip_mall,2,NaturalGas,PSZ-AC with gas coil
1480,33,strip_mall,2,NaturalGas,PSZ-AC with gas coil
1481,19,primary_school,1,NaturalGas,PSZ-AC with gas boiler
1482,105,full_service_restaurant,1,NaturalGas,PSZ-AC with gas coil
1483,104,small_office,1,Electricity,PVAV with PFP boxes
1484,40,large_hotel,0,Electricity,PTHP
1485,40,full_service_restaurant,1,NaturalGas,PSZ-AC with gas coil
1486,25,warehouse,1,NaturalGas,PVAV with gas heat with electric reheat
1487,13,retail,1,Propane,PSZ-AC with gas coil
1488,104,quick_service_restaurant,0,NaturalGas,PSZ-AC with gas coil
1489,22,warehouse,0,Propane,PSZ-AC with gas coil
1490,12,quick_service_restaurant,0,Electricity,PSZ-HP
1491,23,retail,0,Propane,PSZ-AC with gas coil
1492,108,warehouse,1,Electricity,PSZ-AC with electric coil
1493,25,full_service_restaurant,0,Electricity,PSZ-HP
1494,30,primary_school,0,NaturalGas,PSZ-AC with gas coil
1495,40,warehouse,1,NaturalGas,PVAV with gas heat with electric reheat
1496,48,quick_service_restaurant,0,Electricity,PSZ-AC with electric coil
1497,100,retail,0,NaturalGas,Residential AC with residential forced air furnace
1498,32,retail,0,Propane,Residential AC with residential forced air furnace
1499,27,small_office,1,NaturalGas,PSZ-AC with gas coil
1500,19,medium_office,1,Electricity,PSZ-AC with electric coil
1501,38,strip_mall,2,Electricity,PVAV with PFP boxes
1502,24,warehouse,0,NaturalGas,Residential AC with residential forced air furnace
1503,22,grocery,1,NaturalGas,PSZ-AC with gas coil
1504,25,strip_mall,1,NaturalGas,PSZ-AC with gas coil
1505,103,full_service_restaurant,0,Electricity,PSZ-AC with electric coil
1506,108,small_office,0,Electricity,PTAC with electric coil
1507,33,warehouse,1,NaturalGas,PSZ-AC with gas coil
1508,10,small_office,1,NaturalGas,PVAV with gas heat with electric reheat
1509,102,medium_office,0,NaturalGas,PSZ-AC with gas coil
1510,101,small_office,1,Electricity,PSZ-AC with electric coil
1511,6,small_hotel,0,Electricity,PTHP
1512,20,strip_mall,2,NaturalGas,PSZ-AC with gas coil
1513,100,warehouse,0,Electricity,PSZ-HP
1514,17,warehouse,0,Electricity,PSZ-HP
1515,39,small_office,1,NaturalGas,Residential AC with residential forced air furnace
1516,34,full_service_restaurant,0,Propane,PSZ-AC with gas coil
1517,13,full_service_restaurant,0,Electricity,PSZ-AC with electric coil
1518,102,small_office,1,NaturalGas,PSZ-AC with gas coil
1519,11,retail,1,Electricity,PSZ-AC with electric coil
1520,40,small_office,1,NaturalGas,PVAV with gas heat with electric reheat
1521,1,small_office,0,Electricity,PSZ-AC with electric coil
1522,20,small_office,1,NaturalGas,PVAV with gas heat with electric reheat
1523,6,retail,0,Electricity,PTAC with electric coil
1524,11,small_office,1,NaturalGas,PSZ-AC with gas coil
1525,29,small_hotel,0,Electricity,PTAC with electric coil
1526,18,secondary_school,0,NaturalGas,PTAC with gas boiler
1527,25,small_hotel,0,Electricity,PTAC with electric coil
1528,10,medium_office,1,NaturalGas,PVAV with gas heat with electric reheat
1529,48,small_office,1,NaturalGas,PVAV with gas heat with electric reheat
1530,25,strip_mall,0,NaturalGas,Residential AC with residential forced air furnace
1531,22,full_service_restaurant,1,Electricity,PVAV with PFP boxes
1532,28,warehouse,0,Electricity,PSZ-AC with electric coil
1533,40,strip_mall,2,Electricity,PVAV with PFP boxes
1534,42,strip_mall,0,Electricity,PSZ-AC with electric coil
1535,108,retail,1,Electricity,PSZ-AC with electric coil
1536,101,medium_office,0,NaturalGas,PSZ-AC with gas coil
1537,26,small_office,1,NaturalGas,PVAV with gas heat with electric reheat
1538,22,medium_office,1,NaturalGas,VAV air-cooled chiller with gas boiler reheat
1539,40,grocery,1,NaturalGas,PSZ-AC with gas coil
1540,25,small_office,1,Electricity,PVAV with PFP boxes
1541,101,small_hotel,0,Electricity,PTAC with electric coil
1542,101,medium_office,1,NaturalGas,PVAV with gas boiler reheat
1543,18,retail,0,Propane,PSZ-AC with gas coil
1544,20,full_service_restaurant,1,NaturalGas,PSZ-AC with gas coil
1545,25,medium_office,1,NaturalGas,VAV air-cooled chiller with gas boiler reheat
1546,22,large_office,1,Electricity,PVAV with PFP boxes
1547,26,primary_school,0,NaturalGas,PSZ-AC with gas coil
1548,9,large_hotel,0,NaturalGas,PTAC with gas boiler
1549,8,small_office,1,NaturalGas,PVAV with gas heat with electric reheat
1550,17,strip_mall,1,Electricity,PSZ-AC with electric coil
1551,109,retail,1,NaturalGas,PSZ-AC with gas coil
1552,18,medium_office,1,NaturalGas,PVAV with gas heat with electric reheat
1553,7,full_service_restaurant,0,Electricity,PSZ-AC with electric coil
1554,19,medium_office,0,NaturalGas,PVAV with gas boiler reheat
1555,12,small_office,1,Electricity,PVAV with PFP boxes
1556,48,large_office,1,DistrictHeating,VAV chiller with district hot water reheat
1557,33,small_office,0,Electricity,PTAC with electric coil
1558,22,large_office,0,Electricity,PVAV with PFP boxes
1559,19,retail,0,Propane,PSZ-AC with gas coil
1560,27,strip_mall,0,NaturalGas,Residential AC with residential forced air furnace
1561,29,medium_office,1,NaturalGas,PVAV with gas boiler reheat
1562,13,secondary_school,0,NaturalGas,PSZ-AC with gas coil
1563,9,large_office,1,NaturalGas,VAV chiller with gas boiler reheat
1564,102,quick_service_restaurant,0,NaturalGas,PSZ-AC with gas coil
1565,29,secondary_school,0,NaturalGas,PSZ-AC with gas boiler
1566,49,small_office,1,NaturalGas,PSZ-AC with gas coil
1567,22,secondary_school,0,Electricity,PSZ-AC with electric coil
1568,49,warehouse,0,Electricity,PSZ-HP
1569,107,warehouse,1,NaturalGas,PSZ-AC with gas coil
1570,32,strip_mall,1,NaturalGas,PSZ-AC with gas coil
1571,9,large_hotel,0,NaturalGas,PTAC with gas coil
1572,25,warehouse,0,FuelOil,Residential forced air furnace
1573,29,large_hotel,0,Electricity,PTAC with electric coil
1574,28,retail,0,NaturalGas,Residential AC with residential forced air furnace
1575,31,retail,1,NaturalGas,PSZ-AC with gas coil
1576,26,secondary_school,0,NaturalGas,PSZ-AC with gas coil
1577,29,medium_office,1,NaturalGas,PSZ-AC with gas coil
1578,107,small_office,1,NaturalGas,PSZ-AC with gas coil
1579,104,small_office,0,Electricity,PTAC with electric coil
1580,28,strip_mall,2,NaturalGas,PSZ-AC with gas coil
1581,47,retail,0,DistrictHeating,PSZ-AC with district hot water
1582,7,full_service_restaurant,0,Electricity,PSZ-HP
1583,9,full_service_restaurant,1,Electricity,PSZ-AC with electric coil
1584,18,grocery,0,NaturalGas,PSZ-AC with gas coil
1585,30,full_service_restaurant,0,Propane,PSZ-AC with gas coil
1586,23,large_hotel,0,Propane,PTAC with gas boiler
1587,8,small_hotel,0,Electricity,PTHP
1588,34,small_office,0,Electricity,PSZ-HP
1589,22,large_office,0,Electricity,VAV chiller with PFP boxes
1590,15,small_office,1,NaturalGas,PSZ-AC with gas coil
1591,49,warehouse,1,NaturalGas,PSZ-AC with gas coil
1592,16,warehouse,0,Electricity,PSZ-HP
1593,9,medium_office,1,Electricity,PSZ-HP
1594,39,warehouse,0,Electricity,PTAC with electric coil
1595,5,grocery,0,Electricity,PSZ-AC with electric coil
1596,10,secondary_school,0,FuelOil,PSZ-AC with gas boiler
1597,27,strip_mall,0,Electricity,PSZ-AC with electric coil
1598,40,quick_service_restaurant,0,Electricity,PSZ-HP
1599,17,small_office,0,Electricity,PTAC with electric coil
1600,30,medium_office,1,NaturalGas,PVAV with gas boiler reheat
1601,13,outpatient,0,NaturalGas,PSZ-AC with gas coil
1602,11,small_hotel,0,Electricity,PTAC with electric coil
1603,9,retail,1,Propane,PSZ-AC with gas coil
1604,13,small_office,1,Electricity,PSZ-HP
1605,10,large_office,0,Electricity,PVAV with PFP boxes
1606,17,small_office,1,NaturalGas,Residential AC with residential forced air furnace
1607,24,retail,0,Electricity,PSZ-HP
1608,8,strip_mall,2,Electricity,PVAV with PFP boxes
1609,11,strip_mall,0,NaturalGas,Residential AC with residential forced air furnace
1610,33,quick_service_restaurant,0,Propane,PSZ-AC with gas coil
1611,9,primary_school,1,Electricity,PVAV with PFP boxes
1612,38,full_service_restaurant,1,NaturalGas,PSZ-AC with gas coil
1613,46,small_office,0,Electricity,PSZ-HP
1614,107,strip_mall,2,NaturalGas,PSZ-AC with gas coil
1615,9,small_office,0,Propane,Residential AC with residential forced air furnace
1616,30,medium_office,1,NaturalGas,PSZ-AC with gas coil
1617,19,quick_service_restaurant,0,NaturalGas,Residential AC with residential forced air furnace
1618,5,medium_office,0,Electricity,PSZ-HP
1619,20,secondary_school,0,NaturalGas,PSZ-AC with gas coil
1620,18,small_office,0,Propane,Residential AC with residential forced air furnace
1621,39,grocery,1,NaturalGas,PSZ-AC with gas coil
1622,36,retail,1,Electricity,PSZ-AC with electric coil
1623,9,medium_office,0,NaturalGas,PVAV with gas heat with electric reheat
1624,28,small_hotel,0,Electricity,PTAC with electric coil
1625,37,large_hotel,0,Electricity,PTHP
1626,29,medium_office,1,Electricity,PVAV with PFP boxes
1627,101,retail,1,Electricity,PSZ-AC with electric coil
1628,36,full_service_restaurant,0,Electricity,PSZ-HP
1629,17,small_office,0,Electricity,PTHP
1630,39,warehouse,1,Electricity,PSZ-AC with electric coil
1631,104,small_office,1,Electricity,PSZ-AC with electric coil
1632,48,large_office,1,NaturalGas,VAV chiller with gas boiler reheat
1633,37,strip_mall,0,NaturalGas,Residential AC with residential forced air furnace
1634,43,small_office,0,Electricity,PSZ-HP
1635,25,small_office,0,Electricity,PTHP
1636,26,small_office,1,NaturalGas,Residential AC with residential forced air furnace
1637,19,grocery,0,Electricity,PSZ-AC with electric coil
1638,38,small_office,1,Electricity,PSZ-HP
1639,40,large_office,1,Electricity,VAV chiller with PFP boxes
1640,47,retail,0,Electricity,PSZ-AC with electric coil
1641,22,medium_office,1,NaturalGas,PVAV with gas boiler reheat
1642,10,small_office,1,Electricity,PSZ-HP
1643,2,retail,0,Electricity,PTAC with electric coil
1644,39,strip_mall,2,NaturalGas,PSZ-AC with gas coil
1645,44,strip_mall,0,Electricity,PSZ-HP
1646,47,retail,1,FuelOil,PSZ-AC with gas coil
1647,38,small_office,1,NaturalGas,PVAV with gas heat with electric reheat
1648,37,retail,0,Electricity,PTAC with electric coil
1649,15,warehouse,0,Electricity,PSZ-AC with electric coil
1650,19,retail,0,Electricity,PTAC with electric coil
1651,1,strip_mall,0,Electricity,PSZ-AC with electric coil
1652,102,small_hotel,0,NaturalGas,Residential AC with residential forced air furnace
1653,38,strip_mall,1,NaturalGas,PSZ-AC with gas coil
1654,8,large_hotel,0,Electricity,PTAC with electric coil
1655,12,medium_office,1,NaturalGas,PVAV with gas boiler reheat
1656,15,strip_mall,0,NaturalGas,Residential AC with residential forced air furnace
1657,4,large_hotel,0,NaturalGas,PTAC with gas boiler
1658,5,full_service_restaurant,1,NaturalGas,PSZ-AC with gas coil
1659,9,quick_service_restaurant,0,Electricity,PSZ-HP
1660,103,warehouse,0,Electricity,PTAC with electric coil
1661,30,small_office,1,Electricity,PVAV with PFP boxes
1662,10,retail,0,Propane,Residential AC with residential forced air furnace
1663,105,strip_mall,1,Electricity,PSZ-AC with electric coil
1664,13,medium_office,0,NaturalGas,PVAV with gas heat with electric reheat
1665,12,quick_service_restaurant,0,NaturalGas,PSZ-AC with gas coil
1666,24,strip_mall,1,NaturalGas,PSZ-AC with gas coil
1667,40,medium_office,0,NaturalGas,PSZ-AC with gas coil
1668,22,quick_service_restaurant,0,Propane,PSZ-AC with gas coil
1669,104,retail,1,Electricity,PSZ-AC with electric coil
1670,47,full_service_restaurant,0,Propane,PSZ-AC with gas coil
1671,30,secondary_school,0,FuelOil,PSZ-AC with gas boiler
1672,16,small_office,1,NaturalGas,PVAV with gas heat with electric reheat
1673,49,small_hotel,0,Electricity,PTAC with electric coil
1674,25,strip_mall,2,NaturalGas,PSZ-AC with gas coil
1675,45,full_service_restaurant,0,Electricity,PSZ-HP
1676,48,retail,0,FuelOil,Residential AC with residential forced air furnace
1677,30,grocery,0,NaturalGas,PSZ-AC with gas coil
1678,13,strip_mall,1,Electricity,PSZ-AC with electric coil
1679,35,warehouse,0,NaturalGas,Residential AC with residential forced air furnace
1680,100,strip_mall,0,Propane,PSZ-AC with gas coil
1681,48,retail,0,Electricity,PSZ-HP
1682,104,small_hotel,0,NaturalGas,Residential AC with residential forced air furnace
1683,38,warehouse,1,Electricity,PSZ-AC with electric coil
1684,26,small_office,0,Propane,PSZ-AC with gas coil
1685,1,small_office,0,NaturalGas,PSZ-AC with gas coil
1686,35,strip_mall,0,Electricity,PSZ-HP
1687,106,retail,1,Electricity,PSZ-AC with electric coil
1688,107,medium_office,0,NaturalGas,PSZ-AC with gas coil
1689,105,small_hotel,0,NaturalGas,Residential AC with residential forced air furnace
1690,33,retail,0,Propane,PSZ-AC with gas coil
1691,20,medium_office,1,NaturalGas,PSZ-AC with gas coil
1692,45,quick_service_restaurant,0,Electricity,PSZ-AC with electric coil
1693,0,quick_service_restaurant,0,Electricity,PSZ-HP
1694,10,warehouse,0,Electricity,PTAC with electric coil
1695,43,small_office,0,NaturalGas,PSZ-AC with gas coil
1696,25,retail,0,Propane,PSZ-AC with gas coil
1697,40,retail,0,Propane,PSZ-AC with gas coil
1698,105,medium_office,1,NaturalGas,PVAV with gas heat with electric reheat
1699,18,retail,0,Electricity,PSZ-HP
1700,49,full_service_restaurant,0,Electricity,PSZ-AC with electric coil
1701,37,small_hotel,0,Electricity,PTHP
1702,22,medium_office,0,NaturalGas,PVAV with gas heat with electric reheat
1703,20,quick_service_restaurant,0,Electricity,PSZ-AC with electric coil
1704,42,small_office,0,NaturalGas,Residential AC with residential forced air furnace
1705,36,small_hotel,0,Electricity,PTHP
1706,19,warehouse,0,DistrictHeating,DOAS with fan coil chiller with district hot water
1707,25,medium_office,1,Electricity,PVAV with PFP boxes
1708,15,large_hotel,0,NaturalGas,PTAC with gas boiler
1709,33,retail,0,Electricity,PTAC with electric coil
1710,46,small_office,0,NaturalGas,PSZ-AC with gas coil
1711,17,strip_mall,2,Electricity,PVAV with PFP boxes
1712,44,full_service_restaurant,0,NaturalGas,PSZ-AC with gas coil
1713,18,small_office,0,Propane,PSZ-AC with gas coil
1714,19,medium_office,0,NaturalGas,DOAS with fan coil air-cooled chiller with boiler
1715,105,large_office,1,NaturalGas,VAV chiller with gas boiler reheat
1716,40,primary_school,1,Electricity,PVAV with PFP boxes
1717,16,secondary_school,0,NaturalGas,PSZ-AC with gas coil
1718,26,small_office,0,Electricity,PSZ-HP
1719,39,small_office,1,Electricity,PVAV with PFP boxes
1720,100,large_hotel,0,Electricity,PTAC with electric coil
1721,47,small_office,0,Electricity,PSZ-HP
1722,13,small_office,0,Electricity,PTHP
1723,25,small_office,0,Electricity,PTAC with electric coil
1724,17,small_office,1,Electricity,PSZ-AC with electric coil
1725,101,small_hotel,0,NaturalGas,Residential AC with residential forced air furnace
1726,39,primary_school,0,NaturalGas,PSZ-AC with gas coil
1727,32,small_office,0,Propane,PSZ-AC with gas coil
1728,40,large_office,1,Electricity,PVAV with PFP boxes
1729,33,warehouse,0,Electricity,PTAC with electric coil
1730,5,warehouse,1,NaturalGas,PSZ-AC with gas coil
1731,21,warehouse,0,Propane,PSZ-AC with gas coil
1732,34,small_office,0,Electricity,PTAC with electric coil
1733,2,small_office,1,NaturalGas,PSZ-AC with gas coil
1734,41,retail,0,Electricity,PSZ-AC with electric coil
1735,15,secondary_school,0,NaturalGas,PSZ-AC with gas coil
1736,9,warehouse,0,Propane,Residential AC with residential forced air furnace
1737,9,medium_office,1,NaturalGas,VAV chiller with gas boiler reheat
1738,10,medium_office,1,Electricity,PVAV with PFP boxes
1739,20,retail,0,Electricity,PSZ-HP
1740,107,strip_mall,1,Electricity,PSZ-AC with electric coil
1741,40,medium_office,0,Electricity,PSZ-AC with electric coil
1742,30,warehouse,1,Electricity,PSZ-AC with electric coil
1743,101,large_office,1,NaturalGas,VAV chiller with gas boiler reheat
1744,9,large_office,1,Electricity,PVAV with PFP boxes
1745,33,warehouse,0,Propane,PSZ-AC with gas coil
1746,1,retail,0,NaturalGas,PSZ-AC with gas coil
1747,48,medium_office,0,NaturalGas,PVAV with gas heat with electric reheat
1748,18,small_hotel,0,Electricity,PTAC with electric coil
1749,9,retail,0,Electricity,PTHP
1750,34,warehouse,0,Propane,PSZ-AC with gas coil
1751,17,small_office,1,Electricity,PVAV with PFP boxes
1752,5,large_office,1,Electricity,VAV chiller with PFP boxes
1753,13,full_service_restaurant,1,Propane,PSZ-AC with gas coil
1754,5,strip_mall,1,NaturalGas,PSZ-AC with gas coil
1755,48,full_service_restaurant,1,NaturalGas,PSZ-AC with gas coil
1756,44,small_office,0,NaturalGas,Residential AC with residential forced air furnace
1757,10,medium_office,1,DistrictHeating,VAV district chilled water with district hot water reheat
1758,6,large_office,0,Electricity,PVAV with PFP boxes
1759,108,strip_mall,0,Electricity,PSZ-HP
1760,18,large_hotel,0,Electricity,PTAC with electric coil
1761,25,medium_office,1,NaturalGas,PVAV with gas heat with electric reheat
1762,29,small_office,1,Electricity,PVAV with PFP boxes
1763,104,small_hotel,0,Electricity,PTAC with electric coil
1764,13,secondary_school,0,Electricity,PSZ-AC with electric coil
1765,19,medium_office,1,NaturalGas,VAV chiller with gas boiler reheat
1766,13,primary_school,1,Electricity,PVAV with PFP boxes
1767,19,medium_office,1,NaturalGas,PSZ-AC with gas coil
1768,27,retail,0,Propane,PSZ-AC with gas coil
1769,42,small_hotel,0,Electricity,PTAC with electric coil
1770,105,medium_office,1,NaturalGas,PSZ-AC with gas coil
1771,37,warehouse,1,Electricity,PSZ-AC with electric coil
1772,0,warehouse,1,NaturalGas,PVAV with gas heat with electric reheat
1773,20,strip_mall,0,Electricity,PSZ-AC with electric coil
1774,6,retail,0,Electricity,PTHP
1775,2,retail,0,Electricity,PTHP
1776,5,strip_mall,0,NaturalGas,Residential AC with residential forced air furnace
1777,17,secondary_school,0,NaturalGas,PSZ-AC with gas coil
1778,16,small_hotel,0,Electricity,PTAC with electric coil
1779,0,small_hotel,0,NaturalGas,Residential AC with residential forced air furnace
1780,12,small_office,1,Electricity,PSZ-HP
1781,13,medium_office,0,Electricity,PSZ-AC with electric coil
1782,30,medium_office,1,Electricity,PVAV with PFP boxes
1783,39,strip_mall,0,Propane,PSZ-AC with gas coil
1784,27,strip_mall,0,Electricity,PSZ-HP
1785,45,warehouse,0,NaturalGas,Residential AC with residential forced air furnace
1786,105,small_hotel,0,Electricity,PTAC with electric coil
1787,0,small_office,0,Propane,PSZ-AC with gas coil
1788,39,retail,0,Electricity,PSZ-HP
1789,21,small_office,0,Electricity,PSZ-AC with electric coil
1790,26,small_office,0,Propane,Residential AC with residential forced air furnace
1791,0,medium_office,1,DistrictHeating,VAV district chilled water with district hot water reheat
1792,109,warehouse,0,Electricity,PSZ-HP
1793,17,warehouse,1,NaturalGas,PVAV with gas heat with electric reheat
1794,101,strip_mall,1,NaturalGas,PSZ-AC with gas coil
1795,12,large_hotel,0,Electricity,PTAC with electric coil
1796,28,retail,0,Electricity,PSZ-HP
1797,33,retail,0,Electricity,PTHP
1798,43,warehouse,0,NaturalGas,PSZ-AC with gas coil
1799,38,small_office,0,Electricity,PTAC with electric coil
1800,2,strip_mall,1,NaturalGas,PSZ-AC with gas coil
1801,34,small_hotel,0,Electricity,PTAC with electric coil
1802,23,warehouse,0,Propane,PSZ-AC with gas coil
1803,12,small_office,1,NaturalGas,PVAV with gas heat with electric reheat
1804,22,primary_school,1,NaturalGas,PSZ-AC with gas coil
1805,16,full_service_restaurant,1,NaturalGas,PSZ-AC with gas coil
1806,19,primary_school,1,NaturalGas,VAV chiller with gas boiler reheat
1807,39,large_hotel,0,Electricity,PTHP
1808,48,retail,1,FuelOil,PSZ-AC with gas coil
1809,38,retail,0,Propane,PSZ-AC with gas coil
1810,18,medium_office,1,Electricity,PVAV with PFP boxes
1811,32,small_office,1,NaturalGas,PSZ-AC with gas coil
1812,18,retail,1,Electricity,PSZ-AC with electric coil
1813,17,small_office,0,Propane,PSZ-AC with gas coil
1814,13,medium_office,1,NaturalGas,VAV air-cooled chiller with gas boiler reheat
1815,106,full_service_restaurant,0,Electricity,PSZ-AC with electric coil
1816,30,secondary_school,0,NaturalGas,PSZ-AC with gas coil
1817,28,medium_office,0,NaturalGas,PSZ-AC with gas coil
1818,7,full_service_restaurant,0,NaturalGas,PSZ-AC with gas coil
1819,30,small_office,1,Electricity,PSZ-HP
1820,105,full_service_restaurant,0,Electricity,PSZ-HP
1821,39,medium_office,0,Electricity,PSZ-AC with electric coil
1822,28,full_service_restaurant,1,NaturalGas,PSZ-AC with gas coil
1823,29,medium_office,0,NaturalGas,PVAV with gas heat with electric reheat
1824,12,warehouse,1,Electricity,PVAV with PFP boxes
1825,41,strip_mall,0,NaturalGas,PSZ-AC with gas coil
1826,102,medium_office,1,Electricity,PVAV with PFP boxes
1827,15,large_hotel,0,NaturalGas,PTAC with gas coil
1828,16,small_office,0,Electricity,PTAC with electric coil
1829,4,medium_office,0,NaturalGas,PVAV with gas boiler reheat
1830,102,small_hotel,0,Electricity,PTAC with electric coil
1831,42,warehouse,0,Electricity,PSZ-AC with electric coil
1832,102,medium_office,1,NaturalGas,PVAV with gas heat with electric reheat
1833,37,strip_mall,1,NaturalGas,PSZ-AC with gas coil
1834,48,large_office,0,NaturalGas,PVAV with gas heat with electric reheat
1835,48,large_office,0,NaturalGas,PVAV with gas boiler reheat
1836,13,warehouse,1,Electricity,PSZ-AC with electric coil
1837,103,retail,1,Electricity,PSZ-AC with electric coil
1838,32,full_service_restaurant,1,NaturalGas,PSZ-AC with gas coil
1839,3,full_service_restaurant,0,NaturalGas,PSZ-AC with gas coil
1840,10,primary_school,0,NaturalGas,PVAV with gas boiler reheat
1841,9,warehouse,0,Electricity,PTHP
1842,39,small_office,1,Electricity,PSZ-AC with electric coil
1843,3,strip_mall,0,Electricity,PSZ-AC with electric coil
1844,18,secondary_school,0,NaturalGas,PVAV with gas heat with electric reheat
1845,18,primary_school,1,NaturalGas,PVAV with gas boiler reheat
1846,105,medium_office,1,Electricity,PVAV with PFP boxes
1847,24,small_office,0,Propane,Residential AC with residential forced air furnace
1848,16,large_hotel,0,Electricity,PTAC with electric coil
1849,18,medium_office,1,NaturalGas,PVAV with gas boiler reheat
1850,31,strip_mall,0,Electricity,PSZ-HP
1851,0,outpatient,0,Electricity,PSZ-HP
1852,105,full_service_restaurant,0,DistrictHeating,VAV district chilled water with district hot water reheat
1853,18,large_hotel,0,NaturalGas,PTAC with gas boiler
1854,101,small_office,0,NaturalGas,Residential AC with residential forced air furnace
1855,33,full_service_restaurant,0,Electricity,PSZ-HP
1856,23,small_office,0,Electricity,PSZ-AC with electric coil
1857,102,strip_mall,2,NaturalGas,PSZ-AC with gas coil
1858,25,warehouse,0,Electricity,PTAC with electric coil
1859,9,medium_office,1,Electricity,VAV chiller with PFP boxes
1860,39,medium_office,1,NaturalGas,PSZ-AC with gas coil
1861,22,medium_office,1,Electricity,VAV chiller with PFP boxes
1862,36,medium_office,1,NaturalGas,PVAV with gas boiler reheat
1863,19,small_office,1,Electricity,PSZ-HP
1864,10,warehouse,0,Propane,Residential AC with residential forced air furnace
1865,5,quick_service_restaurant,0,NaturalGas,PSZ-AC with gas coil
1866,2,small_office,0,Electricity,PTAC with electric coil
1867,36,medium_office,1,NaturalGas,PSZ-AC with gas coil
1868,8,medium_office,1,NaturalGas,VAV air-cooled chiller with gas boiler reheat
1869,36,grocery,0,NaturalGas,PSZ-AC with gas coil
1870,10,strip_mall,0,FuelOil,PSZ-AC with gas coil
1871,24,quick_service_restaurant,0,NaturalGas,PSZ-AC with gas coil
1872,9,quick_service_restaurant,0,Electricity,PTAC with electric coil
1873,9,medium_office,1,Electricity,PSZ-AC with electric coil
1874,100,small_office,0,Electricity,PTAC with electric coil
1875,49,quick_service_restaurant,0,NaturalGas,PSZ-AC with gas coil
1876,101,small_office,1,Electricity,PSZ-HP
1877,6,full_service_restaurant,1,Electricity,PSZ-AC with electric coil
1878,47,full_service_restaurant,0,DistrictHeating,VAV district chilled water with district hot water reheat
1879,0,warehouse,1,Electricity,PSZ-AC with electric coil
1880,20,strip_mall,0,Electricity,PSZ-HP
1881,5,large_hotel,1,Electricity,PTAC with electric coil
1882,29,medium_office,1,NaturalGas,PVAV with gas heat with electric reheat
1883,100,small_hotel,0,Electricity,PTAC with electric coil
1884,105,warehouse,0,Electricity,PTHP
1885,4,large_hotel,0,NaturalGas,PTAC with gas coil
1886,101,warehouse,1,NaturalGas,PSZ-AC with gas coil
1887,48,large_office,0,NaturalGas,VAV chiller with gas boiler reheat
1888,26,secondary_school,0,NaturalGas,PSZ-AC with gas boiler
1889,10,small_hotel,0,Electricity,PTHP
1890,21,full_service_restaurant,0,Propane,PSZ-AC with gas coil
1891,44,retail,0,Electricity,PSZ-HP
1892,107,medium_office,1,Electricity,PVAV with PFP boxes
1893,102,medium_office,1,NaturalGas,PSZ-AC with gas coil
1894,106,strip_mall,0,Electricity,PSZ-HP
1895,30,retail,0,FuelOil,Residential AC with residential forced air furnace
1896,9,secondary_school,0,NaturalGas,PSZ-AC with gas coil
1897,22,warehouse,0,Propane,Residential AC with residential forced air furnace
1898,11,strip_mall,1,NaturalGas,PSZ-AC with gas coil
1899,24,retail,0,Propane,Residential AC with residential forced air furnace
1900,29,medium_office,1,NaturalGas,VAV air-cooled chiller with gas boiler reheat
1901,33,secondary_school,0,NaturalGas,PSZ-AC with gas coil
1902,0,medium_office,0,NaturalGas,PSZ-AC with gas coil
1903,39,medium_office,1,NaturalGas,PVAV with gas heat with electric reheat
1904,24,full_service_restaurant,0,Electricity,PSZ-HP
1905,4,grocery,1,NaturalGas,PSZ-AC with gas coil
1906,24,small_office,1,FuelOil,PSZ-AC with gas coil
1907,24,retail,1,NaturalGas,PSZ-AC with gas coil
1908,9,secondary_school,0,FuelOil,PSZ-AC with gas boiler
1909,40,full_service_restaurant,0,Propane,PSZ-AC with gas coil
1910,10,large_hotel,0,Electricity,PTHP
1911,7,small_office,0,NaturalGas,PSZ-AC with gas coil
1912,9,medium_office,1,DistrictHeating,VAV district chilled water with district hot water reheat
1913,32,strip_mall,2,Electricity,PVAV with PFP boxes
1914,107,medium_office,1,NaturalGas,PVAV with gas heat with electric reheat
1915,18,grocery,1,NaturalGas,PSZ-AC with gas coil
1916,39,medium_office,0,Electricity,PVAV with PFP boxes
1917,34,quick_service_restaurant,0,NaturalGas,PSZ-AC with gas coil
1918,30,secondary_school,0,NaturalGas,PTAC with gas boiler
1919,14,small_office,0,Electricity,PSZ-HP
1920,31,small_office,0,Electricity,PSZ-HP
1921,27,small_hotel,0,Electricity,PTAC with electric coil
1922,13,grocery,0,NaturalGas,PSZ-AC with gas coil
1923,23,large_hotel,0,Propane,PTAC with gas coil
1924,15,full_service_restaurant,1,NaturalGas,PSZ-AC with gas coil
1925,10,full_service_restaurant,1,DistrictHeating,VAV district chilled water with district hot water reheat
1926,103,strip_mall,1,Electricity,PSZ-AC with electric coil
1927,108,small_office,1,Electricity,PVAV with PFP boxes
1928,40,large_office,0,Electricity,VAV chiller with PFP boxes
1929,22,primary_school,1,NaturalGas,PVAV with gas heat with electric reheat
1930,32,full_service_restaurant,1,Electricity,PSZ-AC with electric coil
1931,35,retail,0,Electricity,PSZ-AC with electric coil
1932,19,warehouse,0,Propane,Residential AC with residential forced air furnace
1933,32,warehouse,1,Electricity,PSZ-AC with electric coil
1934,3,retail,0,NaturalGas,PSZ-AC with gas coil
1935,40,large_office,0,Electricity,PVAV with PFP boxes
1936,18,retail,0,Propane,Residential AC with residential forced air furnace
1937,107,large_hotel,0,Electricity,PTAC with electric coil
1938,19,grocery,1,Electricity,PSZ-AC with electric coil
1939,19,medium_office,0,NaturalGas,PVAV with gas heat with electric reheat
1940,13,medium_office,0,NaturalGas,PVAV with gas boiler reheat
1941,45,quick_service_restaurant,0,NaturalGas,PSZ-AC with gas coil
1942,5,full_service_restaurant,0,DistrictHeating,VAV district chilled water with district hot water reheat
1943,0,outpatient,0,Electricity,PSZ-AC with electric coil
1944,33,full_service_restaurant,1,NaturalGas,PSZ-AC with gas coil
1945,48,small_hotel,0,Electricity,PTAC with electric coil
1946,22,full_service_restaurant,0,DistrictHeating,VAV district chilled water with district hot water reheat
1947,24,retail,0,NaturalGas,Residential AC with residential forced air furnace
1948,102,large_office,1,NaturalGas,VAV chiller with gas boiler reheat
1949,30,grocery,1,NaturalGas,PSZ-AC with gas coil
1950,27,retail,0,NaturalGas,Residential AC with residential forced air furnace
1951,105,large_hotel,0,Electricity,PTAC with electric coil
1952,31,small_office,1,NaturalGas,PSZ-AC with gas coil
1953,107,small_hotel,0,Electricity,PTAC with electric coil
1954,30,small_hotel,0,Electricity,PTHP
1955,9,primary_school,0,NaturalGas,PSZ-AC with gas coil
1956,31,strip_mall,0,NaturalGas,Residential AC with residential forced air furnace
1957,5,strip_mall,2,NaturalGas,PSZ-AC with gas coil
1958,28,small_office,0,Propane,PSZ-AC with gas coil
1959,14,retail,1,NaturalGas,PSZ-AC with gas coil
1960,10,small_office,1,FuelOil,PVAV with gas heat with electric reheat
1961,27,retail,0,Electricity,PSZ-HP
1962,4,medium_office,1,NaturalGas,PVAV with gas heat with electric reheat
1963,2,full_service_restaurant,0,Propane,PSZ-AC with gas coil
1964,8,large_hotel,0,NaturalGas,PTAC with gas boiler
1965,107,retail,0,Electricity,PTAC with electric coil
1966,26,secondary_school,0,NaturalGas,VAV air-cooled chiller with gas boiler reheat
1967,30,medium_office,0,Electricity,PVAV with PFP boxes
1968,22,medium_office,0,Electricity,PSZ-HP
1969,47,small_office,0,NaturalGas,Residential AC with residential forced air furnace
1970,38,quick_service_restaurant,0,Electricity,PSZ-HP
1971,19,medium_office,1,NaturalGas,VAV air-cooled chiller with gas boiler reheat
1972,22,grocery,0,NaturalGas,PSZ-AC with gas coil
1973,21,warehouse,0,Electricity,PSZ-AC with electric coil
1974,19,large_office,0,Electricity,PVAV with PFP boxes
1975,4,small_office,1,Electricity,PSZ-AC with electric coil
1976,9,warehouse,1,Electricity,PVAV with PFP boxes
1977,13,grocery,1,NaturalGas,PSZ-AC with gas coil
1978,37,retail,0,NaturalGas,Residential AC with residential forced air furnace
1979,10,grocery,1,NaturalGas,PSZ-AC with gas coil
1980,20,retail,1,Electricity,PSZ-AC with electric coil
1981,39,small_hotel,0,Electricity,PTHP
1982,9,large_office,0,DistrictHeating,VAV district chilled water with district hot water reheat
1983,9,medium_office,0,NaturalGas,DOAS with fan coil chiller with boiler
1984,4,warehouse,0,Electricity,PTAC with electric coil
1985,27,strip_mall,1,NaturalGas,PSZ-AC with gas coil
1986,32,strip_mall,0,NaturalGas,Residential AC with residential forced air furnace
1987,37,retail,0,Propane,Residential AC with residential forced air furnace
1988,12,strip_mall,1,NaturalGas,PSZ-AC with gas coil
1989,104,small_office,1,NaturalGas,PSZ-AC with gas coil
1990,104,medium_office,1,NaturalGas,PVAV with gas boiler reheat
1991,37,retail,0,Electricity,PTHP
1992,18,warehouse,0,Propane,Residential AC with residential forced air furnace
1993,28,large_hotel,0,NaturalGas,PTAC with gas boiler
1994,8,large_hotel,0,NaturalGas,PTAC with gas coil
1995,8,small_office,0,Propane,PSZ-AC with gas coil
1996,8,medium_office,1,NaturalGas,PVAV with gas heat with electric reheat
1997,100,small_hotel,0,NaturalGas,Residential AC with residential forced air furnace
1998,38,full_service_restaurant,1,Electricity,PSZ-AC with electric coil
1999,18,medium_office,1,NaturalGas,PSZ-AC with gas coil
2000,13,primary_school,0,NaturalGas,PSZ-AC with gas coil
2001,25,medium_office,0,Electricity,PSZ-AC with electric coil
2002,25,large_office,0,Electricity,PVAV with PFP boxes
2003,25,medium_office,0,Electricity,PVAV with PFP boxes
2004,40,medium_office,1,NaturalGas,PSZ-AC with gas coil
2005,12,medium_office,0,Electricity,PVAV with PFP boxes
2006,18,warehouse,0,Electricity,PSZ-HP
2007,26,medium_office,0,NaturalGas,PSZ-AC with gas coil
2008,40,large_hotel,0,NaturalGas,PTAC with gas coil
2009,30,medium_office,1,NaturalGas,PVAV with gas heat with electric reheat
2010,31,retail,0,NaturalGas,Residential AC with residential forced air furnace
2011,20,retail,1,Propane,PSZ-AC with gas coil
2012,106,small_office,1,Electricity,PVAV with PFP boxes
2013,23,retail,0,Propane,Residential AC with residential forced air furnace
2014,48,secondary_school,0,NaturalGas,PSZ-AC with gas boiler
2015,35,small_office,0,Electricity,PSZ-HP
2016,36,grocery,1,NaturalGas,PSZ-AC with gas coil
2017,29,warehouse,1,Electricity,PSZ-AC with electric coil
2018,11,warehouse,1,NaturalGas,PSZ-AC with gas coil
2019,30,medium_office,0,NaturalGas,PVAV with gas heat with electric reheat
2020,48,medium_office,0,Electricity,PVAV with PFP boxes
2021,0,secondary_school,0,Electricity,PSZ-AC with electric coil
2022,1,full_service_restaurant,0,NaturalGas,PSZ-AC with gas coil
2023,9,medium_office,0,DistrictHeating,VAV chiller with district hot water reheat
2024,32,large_hotel,0,Electricity,PTHP
2025,21,retail,0,NaturalGas,PSZ-AC with gas coil
2026,101,medium_office,1,NaturalGas,PVAV with gas heat with electric reheat
2027,6,warehouse,0,NaturalGas,Residential AC with residential forced air furnace
2028,107,medium_office,1,NaturalGas,PSZ-AC with gas coil
2029,47,strip_mall,0,NaturalGas,Residential AC with residential forced air furnace
2030,10,retail,0,NaturalGas,Residential AC with residential forced air furnace
2031,29,secondary_school,0,NaturalGas,PSZ-AC with gas coil
2032,37,full_service_restaurant,1,Electricity,PSZ-AC with electric coil
2033,6,medium_office,1,Electricity,PSZ-HP
2034,5,secondary_school,0,Electricity,PTHP
2035,38,retail,0,Propane,Residential AC with residential forced air furnace
2036,5,full_service_restaurant,0,Propane,PSZ-AC with gas coil
2037,18,large_office,1,NaturalGas,VAV chiller with gas boiler reheat
2038,17,medium_office,0,NaturalGas,PSZ-AC with gas coil
2039,27,small_office,0,Propane,PSZ-AC with gas coil
2040,109,retail,0,Electricity,PSZ-HP
2041,104,small_office,0,NaturalGas,Residential AC with residential forced air furnace
2042,1,warehouse,0,Electricity,PSZ-HP
2043,8,grocery,1,NaturalGas,PSZ-AC with gas coil
2044,104,medium_office,0,NaturalGas,PSZ-AC with gas coil
2045,8,full_service_restaurant,0,Propane,PSZ-AC with gas coil
2046,48,medium_office,1,NaturalGas,PVAV with gas boiler reheat
2047,4,medium_office,1,NaturalGas,VAV chiller with gas boiler reheat
2048,15,small_hotel,0,Electricity,PTAC with electric coil
2049,20,warehouse,0,Electricity,PSZ-HP
2050,30,medium_office,1,NaturalGas,VAV air-cooled chiller with gas boiler reheat
2051,15,retail,0,NaturalGas,Residential AC with residential forced air furnace
2052,26,strip_mall,0,Electricity,PSZ-AC with electric coil
2053,108,quick_service_restaurant,0,NaturalGas,PSZ-AC with gas coil
2054,47,warehouse,0,Electricity,PSZ-AC with electric coil
2055,26,primary_school,1,NaturalGas,VAV air-cooled chiller with gas boiler reheat
2056,0,large_hotel,0,NaturalGas,PTAC with gas coil
2057,26,warehouse,0,Propane,PSZ-AC with gas coil
2058,25,grocery,1,NaturalGas,PSZ-AC with gas coil
2059,108,small_office,1,Electricity,PSZ-AC with electric coil
2060,100,quick_service_restaurant,0,Electricity,PSZ-AC with electric coil
2061,107,secondary_school,0,Electricity,PSZ-AC with electric coil
2062,0,outpatient,0,NaturalGas,PSZ-AC with gas coil
2063,106,small_office,0,Electricity,PTAC with electric coil
2064,7,warehouse,0,Electricity,PTAC with electric coil
2065,19,medium_office,0,NaturalGas,PSZ-AC with gas boiler
2066,29,small_office,1,Electricity,PSZ-HP
2067,32,retail,0,Electricity,PTAC with electric coil
2068,20,small_hotel,0,Electricity,PTAC with electric coil
2069,104,small_office,1,Electricity,PSZ-HP
2070,0,small_hotel,0,Electricity,PTHP
2071,101,large_office,0,NaturalGas,VAV chiller with gas boiler reheat
2072,10,medium_office,0,Electricity,PSZ-AC with electric coil
2073,27,small_office,0,Propane,Residential AC with residential forced air furnace
2074,103,warehouse,1,Electricity,PSZ-AC with electric coil
2075,37,strip_mall,2,Electricity,PVAV with PFP boxes
2076,33,small_office,1,NaturalGas,PVAV with gas heat with electric reheat
2077,5,retail,0,Propane,Residential AC with residential forced air furnace
2078,36,small_office,1,Electricity,PSZ-AC with electric coil
2079,0,medium_office,1,Electricity,PVAV with PFP boxes
2080,39,large_office,1,NaturalGas,VAV chiller with gas boiler reheat
2081,37,full_service_restaurant,1,NaturalGas,PSZ-AC with gas coil
2082,23,small_office,0,Propane,Residential AC with residential forced air furnace
2083,38,retail,0,Electricity,PTAC with electric coil
2084,14,retail,0,NaturalGas,Residential AC with residential forced air furnace
2085,10,medium_office,1,NaturalGas,PSZ-AC with gas coil
2086,29,medium_office,0,Electricity,PVAV with PFP boxes
2087,101,small_office,1,NaturalGas,PSZ-AC with gas coil
2088,102,strip_mall,1,Electricity,PSZ-AC with electric coil
2089,41,strip_mall,0,Electricity,PSZ-HP
2090,4,small_office,0,Propane,Residential AC with residential forced air furnace
2091,39,medium_office,1,Electricity,VAV chiller with PFP boxes
2092,17,retail,0,Propane,PSZ-AC with gas coil
2093,44,retail,0,Electricity,PSZ-AC with electric coil
2094,16,small_hotel,0,NaturalGas,Residential AC with residential forced air furnace
2095,22,primary_school,0,NaturalGas,PSZ-AC with gas coil
2096,35,quick_service_restaurant,0,Electricity,PSZ-AC with electric coil
2097,9,large_hotel,0,NaturalGas,DOAS with water source heat pumps cooling tower with boiler
2098,0,secondary_school,0,NaturalGas,PSZ-AC with gas coil
2099,17,secondary_school,0,NaturalGas,PSZ-AC with gas boiler
2100,101,medium_office,1,Electricity,PVAV with PFP boxes
2101,26,secondary_school,0,NaturalGas,PTAC with gas boiler
2102,30,full_service_restaurant,0,DistrictHeating,VAV district chilled water with district hot water reheat
2103,10,retail,0,Electricity,PTAC with electric coil
2104,19,medium_office,1,DistrictHeating,VAV district chilled water with district hot water reheat
2105,30,primary_school,1,NaturalGas,PVAV with gas boiler reheat
2106,38,strip_mall,2,NaturalGas,PSZ-AC with gas coil
2107,102,large_hotel,0,Electricity,PTAC with electric coil
2108,16,strip_mall,1,Electricity,PSZ-AC with electric coil
2109,101,medium_office,1,NaturalGas,PSZ-AC with gas coil
2110,17,grocery,0,NaturalGas,PSZ-AC with gas coil
2111,10,medium_office,0,Electricity,PSZ-HP
2112,105,grocery,0,NaturalGas,PSZ-AC with gas coil
2113,38,full_service_restaurant,0,Propane,PSZ-AC with gas coil
2114,9,quick_service_restaurant,0,FuelOil,Residential forced air furnace
2115,4,secondary_school,0,NaturalGas,PSZ-AC with gas coil
2116,4,small_office,1,NaturalGas,Residential AC with residential forced air furnace
2117,23,small_hotel,0,Electricity,PTAC with electric coil
2118,29,full_service_restaurant,0,Propane,PSZ-AC with gas coil
2119,14,retail,0,Electricity,PSZ-AC with electric coil
2120,12,full_service_restaurant,1,NaturalGas,PSZ-AC with gas coil
2121,100,full_service_restaurant,0,Electricity,PSZ-AC with electric coil
2122,107,full_service_restaurant,0,Electricity,PSZ-HP
2123,10,small_office,0,Propane,Residential AC with residential forced air furnace
2124,10,large_office,1,Electricity,VAV chiller with PFP boxes
2125,24,strip_mall,2,NaturalGas,PSZ-AC with gas coil
2126,31,small_hotel,0,Electricity,PTAC with electric coil
2127,4,strip_mall,1,Electricity,PSZ-AC with electric coil
2128,38,small_hotel,0,Electricity,PTHP
2129,39,large_office,1,Electricity,VAV chiller with PFP boxes
2130,10,medium_office,1,DistrictHeating,PSZ-AC with district hot water
2131,34,retail,0,Propane,PSZ-AC with gas coil
2132,107,full_service_restaurant,0,DistrictHeating,VAV district chilled water with district hot water reheat
2133,22,small_office,0,Electricity,PTHP
2134,5,retail,0,NaturalGas,Residential AC with residential forced air furnace
2135,23,large_hotel,0,Electricity,PTAC with electric coil
2136,106,strip_mall,2,NaturalGas,PSZ-AC with gas coil
2137,17,small_office,0,Propane,Residential AC with residential forced air furnace
2138,107,full_service_restaurant,0,Propane,PSZ-AC with gas coil
2139,105,grocery,1,NaturalGas,PSZ-AC with gas coil
2140,0,small_office,0,Electricity,PTHP
2141,22,small_office,1,NaturalGas,Residential AC with residential forced air furnace
2142,20,medium_office,0,NaturalGas,PSZ-AC with gas coil
2143,26,full_service_restaurant,0,Electricity,PSZ-AC with electric coil
2144,17,primary_school,0,NaturalGas,PSZ-AC with gas coil
2145,13,medium_office,0,Electricity,PVAV with PFP boxes
2146,40,medium_office,1,NaturalGas,PVAV with gas heat with electric reheat
2147,38,medium_office,1,DistrictHeating,VAV district chilled water with district hot water reheat
2148,9,outpatient,0,Electricity,PSZ-AC with electric coil
2149,10,medium_office,0,NaturalGas,PSZ-AC with gas boiler
2150,9,grocery,0,NaturalGas,PSZ-AC with gas coil
2151,27,warehouse,0,Electricity,PSZ-HP
2152,13,large_hotel,0,NaturalGas,PTAC with gas boiler
2153,2,warehouse,0,Electricity,PTAC with electric coil
2154,34,retail,0,Electricity,PSZ-AC with electric coil
2155,2,full_service_restaurant,0,Electricity,PSZ-HP
2156,104,strip_mall,2,NaturalGas,PSZ-AC with gas coil
2157,5,medium_office,1,DistrictHeating,VAV district chilled water with district hot water reheat
2158,15,strip_mall,1,NaturalGas,PSZ-AC with gas coil
2159,29,small_office,1,NaturalGas,PVAV with gas boiler reheat
2160,104,warehouse,0,Electricity,PTHP
2161,22,secondary_school,0,NaturalGas,PSZ-AC with gas boiler
2162,100,retail,1,NaturalGas,PSZ-AC with gas coil
2163,30,retail,1,FuelOil,PSZ-AC with gas coil
2164,22,secondary_school,0,NaturalGas,PVAV with gas heat with electric reheat
2165,12,secondary_school,0,Electricity,PSZ-AC with electric coil
2166,48,warehouse,1,NaturalGas,PVAV with gas heat with electric reheat
2167,36,full_service_restaurant,0,DistrictHeating,VAV district chilled water with district hot water reheat
2168,102,full_service_restaurant,1,NaturalGas,PSZ-AC with gas coil
2169,38,small_office,1,NaturalGas,Residential AC with residential forced air furnace
2170,29,secondary_school,0,NaturalGas,PTAC with gas boiler
2171,48,full_service_restaurant,0,Electricity,PSZ-AC with electric coil
2172,0,grocery,0,NaturalGas,PSZ-AC with gas coil
2173,101,large_hotel,0,NaturalGas,PTAC with gas boiler
2174,19,secondary_school,1,NaturalGas,VAV air-cooled chiller with gas boiler reheat
2175,23,warehouse,0,NaturalGas,Residential AC with residential forced air furnace
2176,21,full_service_restaurant,0,NaturalGas,PSZ-AC with gas coil
2177,100,small_hotel,0,Propane,Residential AC with residential forced air furnace
2178,19,outpatient,1,NaturalGas,PSZ-AC with gas coil
2179,29,primary_school,1,NaturalGas,PVAV with gas boiler reheat
2180,0,medium_office,0,DistrictHeating,VAV chiller with district hot water reheat
2181,8,medium_office,1,Electricity,PVAV with PFP boxes
2182,25,large_hotel,0,Electricity,PTAC with electric coil
2183,106,small_office,1,Electricity,PSZ-AC with electric coil
2184,22,large_office,1,NaturalGas,VAV chiller with gas boiler reheat
2185,33,small_office,1,Electricity,PSZ-AC with electric coil
2186,5,primary_school,1,Electricity,DOAS with water source heat pumps with ground source heat pump
2187,16,full_service_restaurant,0,Electricity,PSZ-AC with electric coil
2188,22,large_hotel,0,NaturalGas,DOAS with water source heat pumps cooling tower with boiler
2189,27,retail,1,Electricity,PSZ-AC with electric coil
2190,49,strip_mall,1,NaturalGas,PSZ-AC with gas coil
2191,107,warehouse,0,Electricity,PTHP
2192,12,retail,0,NaturalGas,Residential AC with residential forced air furnace
2193,33,warehouse,0,Propane,Residential AC with residential forced air furnace
2194,0,full_service_restaurant,1,Electricity,PSZ-AC with electric coil
2195,12,strip_mall,0,NaturalGas,Residential AC with residential forced air furnace
2196,40,small_hotel,0,Electricity,PTHP
2197,103,large_hotel,0,Electricity,PTAC with electric coil
2198,5,small_office,1,NaturalGas,PSZ-AC with gas coil
2199,34,quick_service_restaurant,0,Electricity,PSZ-AC with electric coil
2200,102,full_service_restaurant,0,DistrictHeating,VAV district chilled water with district hot water reheat
2201,17,warehouse,0,Electricity,PTAC with electric coil
2202,45,retail,1,Electricity,PSZ-AC with electric coil
2203,47,retail,0,FuelOil,Residential AC with residential forced air furnace
2204,43,small_office,0,Electricity,PSZ-AC with electric coil
2205,26,strip_mall,0,Electricity,PSZ-HP
2206,8,retail,0,Electricity,PTAC with electric coil
2207,4,warehouse,1,NaturalGas,PVAV with gas heat with electric reheat
2208,48,medium_office,1,NaturalGas,PSZ-AC with gas coil
2209,21,small_office,0,Electricity,PSZ-HP
2210,100,retail,0,Electricity,PSZ-HP
2211,107,full_service_restaurant,1,NaturalGas,PSZ-AC with gas coil
2212,26,large_hotel,0,Electricity,PTAC with electric coil
2213,9,quick_service_restaurant,0,Propane,PSZ-AC with gas coil
2214,19,strip_mall,1,NaturalGas,Residential AC with residential forced air furnace
2215,13,primary_school,1,Electricity,DOAS with water source heat pumps with ground source heat pump
2216,9,primary_school,1,NaturalGas,VAV air-cooled chiller with gas boiler reheat
2217,25,warehouse,1,Electricity,PSZ-AC with electric coil
2218,23,small_office,0,Propane,PSZ-AC with gas coil
2219,17,medium_office,0,Electricity,PSZ-AC with electric coil
2220,40,secondary_school,0,NaturalGas,PSZ-AC with gas coil
2221,101,small_hotel,0,Electricity,PTHP
2222,14,warehouse,0,Electricity,PTAC with electric coil
2223,25,retail,0,NaturalGas,Residential AC with residential forced air furnace
2224,36,warehouse,1,NaturalGas,PVAV with gas heat with electric reheat
2225,38,warehouse,1,NaturalGas,PVAV with gas heat with electric reheat
2226,9,outpatient,0,Electricity,PSZ-HP
2227,108,small_office,0,NaturalGas,Residential AC with residential forced air furnace
2228,20,primary_school,0,NaturalGas,PSZ-AC with gas coil
2229,40,medium_office,0,NaturalGas,PVAV with gas heat with electric reheat
2230,18,medium_office,0,Electricity,PSZ-AC with electric coil
2231,9,medium_office,0,NaturalGas,PVAV with gas boiler reheat
2232,101,quick_service_restaurant,0,NaturalGas,PSZ-AC with gas coil
2233,38,medium_office,1,Electricity,PVAV with PFP boxes
2234,10,small_office,1,NaturalGas,Residential AC with residential forced air furnace
2235,109,quick_service_restaurant,0,NaturalGas,PSZ-AC with gas coil
2236,38,full_service_restaurant,1,Electricity,PVAV with PFP boxes
2237,26,grocery,0,NaturalGas,PSZ-AC with gas coil
2238,40,quick_service_restaurant,0,Propane,PSZ-AC with gas coil
2239,11,warehouse,0,Electricity,PTAC with electric coil
2240,39,grocery,1,Electricity,PSZ-AC with electric coil
2241,40,primary_school,1,Electricity,DOAS with water source heat pumps with ground source heat pump
2242,7,retail,1,Electricity,PSZ-AC with electric coil
2243,4,medium_office,0,NaturalGas,PVAV with gas heat with electric reheat
2244,29,full_service_restaurant,0,DistrictHeating,VAV district chilled water with district hot water reheat
2245,17,medium_office,0,Electricity,PVAV with PFP boxes
2246,108,strip_mall,1,NaturalGas,PSZ-AC with gas coil
2247,10,large_office,1,NaturalGas,VAV chiller with gas boiler reheat
2248,27,retail,0,Propane,Residential AC with residential forced air furnace
2249,0,retail,0,Electricity,PTAC with electric coil
2250,23,strip_mall,0,NaturalGas,Residential AC with residential forced air furnace
2251,41,quick_service_restaurant,0,Electricity,PSZ-AC with electric coil
2252,4,full_service_restaurant,0,Propane,PSZ-AC with gas coil
2253,107,retail,0,FuelOil,PSZ-AC with gas coil
2254,29,full_service_restaurant,1,Electricity,PVAV with PFP boxes
2255,10,warehouse,1,Electricity,PSZ-AC with electric coil
2256,107,grocery,1,NaturalGas,PSZ-AC with gas coil
2257,0,grocery,1,NaturalGas,PSZ-AC with gas coil
2258,13,medium_office,1,NaturalGas,PVAV with gas boiler reheat
2259,40,full_service_restaurant,1,Electricity,PVAV with PFP boxes
2260,32,warehouse,1,NaturalGas,PVAV with gas heat with electric reheat
2261,8,retail,0,Propane,Residential AC with residential forced air furnace
2262,100,retail,0,FuelOil,PSZ-AC with gas coil
2263,27,strip_mall,2,NaturalGas,PSZ-AC with gas coil
2264,32,warehouse,0,Propane,Residential AC with residential forced air furnace
2265,5,warehouse,0,DistrictHeating,DOAS with fan coil air-cooled chiller with district hot water
2266,5,large_hotel,1,Electricity,DOAS with fan coil chiller with baseboard electric
2267,28,large_hotel,0,NaturalGas,PTAC with gas coil
2268,36,medium_office,1,NaturalGas,VAV air-cooled chiller with gas boiler reheat
2269,10,retail,1,DistrictHeating,PSZ-AC with district hot water
2270,40,medium_office,1,NaturalGas,VAV air-cooled chiller with gas boiler reheat
2271,21,strip_mall,0,NaturalGas,Residential AC with residential forced air furnace
2272,26,large_hotel,0,NaturalGas,PTAC with gas boiler
2273,40,medium_office,1,NaturalGas,PVAV with gas boiler reheat
2274,15,small_office,1,NaturalGas,PVAV with gas heat with electric reheat
2275,39,large_office,0,Electricity,PVAV with PFP boxes
2276,103,strip_mall,2,NaturalGas,PSZ-AC with gas coil
2277,18,medium_office,0,Electricity,PVAV with PFP boxes
2278,13,secondary_school,0,NaturalGas,PSZ-AC with gas boiler
2279,40,warehouse,0,Propane,PSZ-AC with gas coil
2280,2,retail,0,Propane,PSZ-AC with gas coil
2281,35,quick_service_restaurant,0,NaturalGas,PSZ-AC with gas coil
2282,16,retail,0,Electricity,PSZ-HP
2283,27,warehouse,1,NaturalGas,PSZ-AC with gas coil
2284,0,medium_office,0,Electricity,PVAV with PFP boxes
2285,40,large_hotel,0,NaturalGas,PTAC with gas boiler
2286,30,small_office,1,NaturalGas,PVAV with gas boiler reheat
2287,29,grocery,0,NaturalGas,PSZ-AC with gas coil
2288,5,secondary_school,1,Electricity,PTHP
2289,48,secondary_school,0,FuelOil,PSZ-AC with gas boiler
2290,25,medium_office,0,NaturalGas,PVAV with gas heat with electric reheat
2291,20,grocery,0,NaturalGas,PSZ-AC with gas coil
2292,17,quick_service_restaurant,0,Electricity,PSZ-HP
2293,44,quick_service_restaurant,0,Electricity,PSZ-AC with electric coil
2294,19,strip_mall,1,Electricity,PSZ-AC with electric coil
2295,25,small_office,1,NaturalGas,PVAV with gas heat with electric reheat
2296,31,retail,0,Electricity,PSZ-HP
2297,0,small_office,0,DistrictHeating,VAV district chilled water with district hot water reheat
2298,46,small_office,0,Electricity,PSZ-AC with electric coil
2299,2,warehouse,1,NaturalGas,PSZ-AC with gas coil
2300,105,small_hotel,0,Electricity,PTHP
2301,32,retail,0,Electricity,PTHP
2302,10,primary_school,1,NaturalGas,VAV air-cooled chiller with gas boiler reheat
2303,11,small_office,0,Electricity,PTAC with electric coil
2304,107,warehouse,0,Propane,PSZ-AC with gas coil
2305,107,small_office,0,Propane,PSZ-AC with gas coil
2306,25,medium_office,1,NaturalGas,VAV chiller with gas boiler reheat
2307,10,secondary_school,0,NaturalGas,PSZ-AC with gas coil
2308,0,primary_school,1,Electricity,PVAV with PFP boxes
2309,5,medium_office,0,DistrictHeating,VAV chiller with district hot water reheat
2310,10,full_service_restaurant,1,NaturalGas,PSZ-AC with gas coil
2311,18,medium_office,0,NaturalGas,PVAV with gas boiler reheat
2312,6,full_service_restaurant,0,NaturalGas,PSZ-AC with gas coil
2313,33,warehouse,0,Electricity,PSZ-HP
2314,49,small_office,1,NaturalGas,PVAV with gas heat with electric reheat
2315,23,small_office,0,Electricity,PSZ-HP
2316,5,outpatient,0,Electricity,PSZ-AC with electric coil
2317,32,strip_mall,2,NaturalGas,PSZ-AC with gas coil
2318,16,warehouse,1,NaturalGas,PSZ-AC with gas coil
2319,47,small_office,0,Electricity,PTAC with electric coil
2320,32,small_hotel,0,Electricity,PTHP
2321,100,strip_mall,0,Electricity,PSZ-HP
2322,34,strip_mall,1,NaturalGas,PSZ-AC with gas coil
2323,48,grocery,0,NaturalGas,PSZ-AC with gas coil
2324,102,full_service_restaurant,0,Electricity,PSZ-HP
2325,105,primary_school,0,NaturalGas,PSZ-AC with gas coil
2326,34,strip_mall,0,Electricity,PSZ-HP
2327,4,full_service_restaurant,0,Electricity,PSZ-HP
2328,28,medium_office,0,NaturalGas,PVAV with gas boiler reheat
2329,9,primary_school,1,NaturalGas,DOAS with fan coil air-cooled chiller with boiler
2330,13,small_hotel,0,Electricity,PTHP
2331,36,medium_office,1,NaturalGas,PVAV with gas heat with electric reheat
2332,100,warehouse,0,Electricity,PTAC with electric coil
2333,29,grocery,1,NaturalGas,PSZ-AC with gas coil
2334,39,small_office,1,Electricity,PSZ-HP
2335,33,strip_mall,1,Electricity,PSZ-AC with electric coil
2336,30,medium_office,0,Electricity,PSZ-AC with electric coil
2337,27,small_office,1,NaturalGas,PVAV with gas heat with electric reheat
2338,34,strip_mall,0,Electricity,PSZ-AC with electric coil
2339,17,warehouse,1,Electricity,PSZ-AC with electric coil
2340,9,large_office,0,Electricity,VAV chiller with PFP boxes
2341,2,small_office,1,Electricity,PSZ-AC with electric coil
2342,101,large_hotel,0,NaturalGas,PTAC with gas coil
2343,106,small_office,0,NaturalGas,Residential AC with residential forced air furnace
2344,12,small_office,0,Propane,PSZ-AC with gas coil
2345,26,small_hotel,0,Electricity,PTHP
2346,107,small_hotel,0,NaturalGas,Residential AC with residential forced air furnace
2347,22,grocery,1,Electricity,PSZ-AC with electric coil
2348,37,small_office,1,NaturalGas,PSZ-AC with gas coil
2349,103,small_office,1,Electricity,PVAV with PFP boxes
2350,11,retail,0,Electricity,PTAC with electric coil
2351,48,medium_office,0,DistrictHeating,DOAS with fan coil district chilled water with district hot water
2352,9,full_service_restaurant,1,Electricity,PVAV with PFP boxes
2353,9,medium_office,0,Electricity,PSZ-HP
2354,35,retail,1,NaturalGas,PSZ-AC with gas coil
2355,2,full_service_restaurant,1,NaturalGas,PSZ-AC with gas coil
2356,16,small_office,1,Electricity,PSZ-AC with electric coil
2357,0,medium_office,0,Electricity,PSZ-AC with electric coil
2358,30,full_service_restaurant,1,Electricity,PVAV with PFP boxes
2359,47,full_service_restaurant,0,FuelOil,PSZ-AC with gas coil
2360,13,warehouse,0,Electricity,PTHP
2361,17,small_office,1,Electricity,PSZ-HP
2362,13,strip_mall,2,Electricity,PVAV with PFP boxes
2363,102,small_hotel,0,Electricity,PTHP
2364,36,secondary_school,0,NaturalGas,PSZ-AC with gas boiler
2365,43,full_service_restaurant,0,NaturalGas,PSZ-AC with gas coil
2366,5,secondary_school,0,Electricity,DOAS with water source heat pumps with ground source heat pump
2367,36,warehouse,0,Electricity,PSZ-HP
2368,49,medium_office,1,NaturalGas,PVAV with gas boiler reheat
2369,8,large_hotel,0,Electricity,PTHP
2370,13,large_hotel,0,NaturalGas,PTAC with gas coil
2371,17,medium_office,1,Electricity,PVAV with PFP boxes
2372,6,warehouse,0,Propane,PSZ-AC with gas coil
2373,104,small_hotel,0,Electricity,PTHP
2374,8,large_office,1,Electricity,VAV chiller with PFP boxes
2375,17,large_hotel,0,Electricity,PTHP
2376,30,strip_mall,1,Electricity,PSZ-AC with electric coil
2377,13,grocery,0,Electricity,PSZ-AC with electric coil
2378,33,large_hotel,0,NaturalGas,PTAC with gas coil
2379,24,primary_school,0,FuelOil,PVAV with gas boiler reheat
2380,9,large_office,1,DistrictHeating,VAV district chilled water with district hot water reheat
2381,19,secondary_school,1,NaturalGas,PVAV with gas boiler reheat
2382,31,small_office,0,Propane,PSZ-AC with gas coil
2383,29,warehouse,0,Electricity,PTAC with electric coil
2384,48,medium_office,0,NaturalGas,PVAV with gas boiler reheat
2385,100,small_office,1,Electricity,PVAV with PFP boxes
2386,2,quick_service_restaurant,0,Propane,PSZ-AC with gas coil
2387,35,small_office,0,Electricity,PSZ-AC with electric coil
2388,33,small_hotel,0,Electricity,PTHP
2389,22,quick_service_restaurant,0,Electricity,PTAC with electric coil
2390,39,medium_office,1,Electricity,PSZ-AC with electric coil
2391,19,secondary_school,0,NaturalGas,DOAS with fan coil air-cooled chiller with boiler
2392,11,retail,0,Electricity,PTHP
2393,36,retail,1,FuelOil,PSZ-AC with gas coil
2394,38,small_office,0,FuelOil,Residential AC with residential forced air furnace
2395,36,warehouse,0,Propane,PSZ-AC with gas coil
2396,45,retail,1,NaturalGas,PSZ-AC with gas coil
2397,29,small_hotel,0,Electricity,PTHP
2398,20,secondary_school,0,NaturalGas,PSZ-AC with gas boiler
2399,39,warehouse,0,Propane,PSZ-AC with gas coil
2400,46,strip_mall,0,Electricity,PSZ-HP
2401,4,quick_service_restaurant,0,Electricity,PSZ-HP
2402,6,primary_school,1,Electricity,PVAV with PFP boxes
2403,105,warehouse,0,NaturalGas,Residential AC with residential forced air furnace
2404,19,medium_office,1,NaturalGas,DOAS with water source heat pumps cooling tower with boiler
2405,47,full_service_restaurant,0,NaturalGas,PSZ-AC with gas coil
2406,8,quick_service_restaurant,0,Electricity,PSZ-HP
2407,7,small_hotel,0,Electricity,PTAC with electric coil
2408,101,large_hotel,0,Electricity,PTHP
2409,48,medium_office,0,Electricity,PSZ-AC with electric coil
2410,30,primary_school,1,NaturalGas,PSZ-AC with gas boiler
2411,21,small_office,0,Electricity,PTAC with electric coil
2412,19,full_service_restaurant,1,NaturalGas,PVAV with gas heat with electric reheat
2413,12,grocery,1,NaturalGas,PSZ-AC with gas coil
2414,6,medium_office,1,Electricity,VAV chiller with PFP boxes
2415,106,small_office,1,NaturalGas,PSZ-AC with gas coil
2416,34,small_office,1,NaturalGas,PSZ-AC with gas coil
2417,0,large_hotel,0,Electricity,PTHP
2418,105,medium_office,0,Electricity,PSZ-HP
2419,3,small_office,0,NaturalGas,Residential AC with residential forced air furnace
2420,101,medium_office,0,Electricity,PSZ-HP
2421,10,primary_school,1,NaturalGas,PVAV with gas boiler reheat
2422,24,small_office,1,NaturalGas,PSZ-AC with gas coil
2423,29,primary_school,1,NaturalGas,PSZ-AC with gas boiler
2424,21,strip_mall,0,Electricity,PSZ-AC with electric coil
2425,42,small_office,0,Propane,PSZ-AC with gas coil
2426,17,full_service_restaurant,0,Propane,PSZ-AC with gas coil
2427,19,full_service_restaurant,0,Propane,PSZ-AC with gas coil
2428,22,secondary_school,1,NaturalGas,PVAV with gas heat with electric reheat
2429,36,medium_office,0,NaturalGas,PVAV with gas heat with electric reheat
2430,29,full_service_restaurant,1,Electricity,PSZ-AC with electric coil
2431,43,strip_mall,0,Electricity,PSZ-HP
2432,13,small_office,1,NaturalGas,Residential AC with residential forced air furnace
2433,100,small_office,0,NaturalGas,Residential AC with residential forced air furnace
2434,39,grocery,0,NaturalGas,PSZ-AC with gas coil
2435,17,retail,0,Propane,Residential AC with residential forced air furnace
2436,0,quick_service_restaurant,0,Electricity,PTAC with electric coil
2437,47,retail,0,Propane,Residential AC with residential forced air furnace
2438,30,warehouse,0,Electricity,PTAC with electric coil
2439,47,quick_service_restaurant,0,NaturalGas,PSZ-AC with gas coil
2440,26,medium_office,1,NaturalGas,PVAV with gas heat with electric reheat
2441,5,outpatient,0,Electricity,PSZ-HP
2442,18,small_office,1,Electricity,PSZ-AC with electric coil
2443,48,large_office,1,Electricity,VAV chiller with PFP boxes
2444,105,retail,0,Electricity,PTAC with electric coil
2445,11,small_office,0,Propane,PSZ-AC with gas coil
2446,109,small_hotel,0,NaturalGas,Residential AC with residential forced air furnace
2447,105,strip_mall,2,Electricity,PVAV with PFP boxes
2448,10,medium_office,0,Electricity,PVAV with PFP boxes
2449,13,medium_office,1,NaturalGas,PVAV with gas heat with electric reheat
2450,19,small_hotel,0,NaturalGas,PTAC with gas boiler
2451,106,grocery,1,NaturalGas,PSZ-AC with gas coil
2452,39,small_office,0,Propane,PSZ-AC with gas coil
2453,102,medium_office,0,NaturalGas,PVAV with gas boiler reheat
2454,48,medium_office,1,NaturalGas,VAV air-cooled chiller with gas boiler reheat
2455,13,medium_office,0,Electricity,PSZ-HP
2456,19,full_service_restaurant,1,Electricity,PSZ-AC with electric coil
2457,6,medium_office,1,Electricity,PSZ-AC with electric coil
2458,46,small_office,0,NaturalGas,Residential AC with residential forced air furnace
2459,30,retail,0,DistrictHeating,PSZ-AC with district hot water
2460,26,warehouse,1,NaturalGas,PVAV with gas heat with electric reheat
2461,8,medium_office,0,Electricity,PSZ-AC with electric coil
2462,19,medium_office,0,DistrictHeating,VAV chiller with district hot water reheat
2463,37,full_service_restaurant,0,Propane,PSZ-AC with gas coil
2464,18,large_hotel,0,NaturalGas,PTAC with gas coil
2465,104,primary_school,0,NaturalGas,PSZ-AC with gas coil
2466,49,strip_mall,1,Electricity,PSZ-AC with electric coil
2467,38,grocery,1,NaturalGas,PSZ-AC with gas coil
2468,12,small_office,0,Electricity,PTHP
2469,37,warehouse,1,NaturalGas,PVAV with gas heat with electric reheat
2470,105,medium_office,0,NaturalGas,PVAV with gas boiler reheat
2471,36,small_office,1,NaturalGas,PVAV with gas boiler reheat
2472,0,full_service_restaurant,1,Electricity,PVAV with PFP boxes
2473,32,retail,0,NaturalGas,Residential AC with residential forced air furnace
2474,101,full_service_restaurant,0,Electricity,PSZ-HP
2475,16,strip_mall,1,NaturalGas,PSZ-AC with gas coil
2476,41,full_service_restaurant,0,Electricity,PSZ-AC with electric coil
2477,11,warehouse,0,Electricity,PSZ-HP
2478,32,medium_office,1,Electricity,PVAV with PFP boxes
2479,18,small_office,1,Electricity,PVAV with PFP boxes
2480,101,full_service_restaurant,0,DistrictHeating,VAV district chilled water with district hot water reheat
2481,37,warehouse,0,Electricity,PTHP
2482,25,strip_mall,1,Electricity,PSZ-AC with electric coil
2483,19,retail,0,Propane,Residential AC with residential forced air furnace
2484,8,medium_office,0,Electricity,PVAV with PFP boxes
2485,17,large_hotel,0,NaturalGas,PTAC with gas coil
2486,103,quick_service_restaurant,0,NaturalGas,PSZ-AC with gas coil
2487,42,small_office,0,Electricity,PSZ-HP
2488,12,full_service_restaurant,1,Electricity,PSZ-AC with electric coil
2489,39,medium_office,0,NaturalGas,PVAV with gas boiler reheat
2490,102,medium_office,0,Electricity,PSZ-HP
2491,107,medium_office,0,Electricity,PSZ-HP
2492,109,retail,1,Electricity,PSZ-AC with electric coil
2493,29,medium_office,0,Electricity,PSZ-AC with electric coil
2494,17,secondary_school,0,NaturalGas,VAV air-cooled chiller with gas boiler reheat
2495,35,warehouse,0,Electricity,PSZ-AC with electric coil
2496,20,retail,0,Electricity,PTAC with electric coil
2497,32,retail,1,Propane,PSZ-AC with gas coil
2498,4,retail,0,Propane,PSZ-AC with gas coil
2499,42,strip_mall,0,Electricity,PSZ-HP
2500,33,grocery,1,NaturalGas,PSZ-AC with gas coil
2501,20,medium_office,0,NaturalGas,PVAV with gas heat with electric reheat
2502,17,small_hotel,0,Electricity,PTHP
2503,48,medium_office,1,NaturalGas,PVAV with gas heat with electric reheat
2504,32,warehouse,0,Electricity,PTHP
2505,17,small_office,0,FuelOil,Residential AC with residential forced air furnace
2506,10,medium_office,1,NaturalGas,VAV air-cooled chiller with gas boiler reheat
2507,18,primary_school,1,NaturalGas,PSZ-AC with gas boiler
2508,20,medium_office,1,Electricity,PVAV with PFP boxes
2509,21,strip_mall,0,Electricity,PSZ-HP
2510,18,full_service_restaurant,0,Electricity,PSZ-AC with electric coil
2511,11,strip_mall,2,NaturalGas,PSZ-AC with gas coil
2512,39,retail,1,Electricity,PSZ-AC with electric coil
2513,0,medium_office,1,NaturalGas,PVAV with gas boiler reheat
2514,38,large_hotel,0,Electricity,PTHP
2515,18,small_office,0,Electricity,PTHP
2516,100,small_hotel,0,Electricity,PTHP
2517,102,retail,0,Electricity,PTAC with electric coil
2518,26,full_service_restaurant,0,Electricity,PSZ-HP
2519,22,secondary_school,0,Electricity,PTHP
2520,11,secondary_school,0,NaturalGas,PSZ-AC with gas coil
2521,9,warehouse,1,Propane,PSZ-AC with gas coil
2522,2,strip_mall,2,NaturalGas,PSZ-AC with gas coil
2523,32,small_office,0,Propane,Residential AC with residential forced air furnace
2524,16,warehouse,0,Electricity,PTAC with electric coil
2525,30,full_service_restaurant,1,Electricity,PSZ-AC with electric coil
2526,9,medium_office,1,NaturalGas,PVAV with gas boiler reheat
2527,2,strip_mall,1,Electricity,PSZ-AC with electric coil
2528,38,grocery,0,NaturalGas,PSZ-AC with gas coil
2529,8,grocery,0,NaturalGas,PSZ-AC with gas coil
2530,7,small_office,0,Electricity,PTHP
2531,26,grocery,1,NaturalGas,PSZ-AC with gas coil
2532,18,small_office,1,NaturalGas,PVAV with gas boiler reheat
2533,11,full_service_restaurant,1,NaturalGas,PSZ-AC with gas coil
2534,10,large_office,0,Electricity,VAV chiller with PFP boxes
2535,28,retail,1,Electricity,PSZ-AC with electric coil
2536,0,medium_office,1,NaturalGas,PSZ-AC with gas coil
2537,11,small_office,1,NaturalGas,PVAV with gas heat with electric reheat
2538,19,large_office,1,Electricity,VAV chiller with PFP boxes
2539,107,strip_mall,2,Electricity,PVAV with PFP boxes
2540,109,strip_mall,1,NaturalGas,PSZ-AC with gas coil
2541,38,secondary_school,0,Electricity,PSZ-AC with electric coil
2542,48,primary_school,1,NaturalGas,PVAV with gas boiler reheat
2543,33,large_hotel,0,Electricity,PTAC with electric coil
2544,0,secondary_school,0,NaturalGas,PSZ-AC with gas boiler
2545,43,small_office,0,NaturalGas,Residential AC with residential forced air furnace
2546,106,strip_mall,1,Electricity,PSZ-AC with electric coil
2547,34,retail,1,NaturalGas,PSZ-AC with gas coil
2548,38,medium_office,0,NaturalGas,PSZ-AC with gas coil
2549,46,full_service_restaurant,0,NaturalGas,PSZ-AC with gas coil
2550,25,quick_service_restaurant,0,FuelOil,Residential forced air furnace
2551,9,full_service_restaurant,0,DistrictHeating,VAV district chilled water with district hot water reheat
2552,34,strip_mall,0,NaturalGas,Residential AC with residential forced air furnace
2553,24,small_office,1,FuelOil,PVAV with gas heat with electric reheat
2554,4,medium_office,1,DistrictHeating,VAV district chilled water with district hot water reheat
2555,28,warehouse,1,NaturalGas,PVAV with gas heat with electric reheat
2556,48,small_office,1,FuelOil,PSZ-AC with gas coil
2557,18,medium_office,0,NaturalGas,PVAV with gas heat with electric reheat
2558,17,primary_school,1,NaturalGas,VAV air-cooled chiller with gas boiler reheat
2559,33,small_office,1,Electricity,PVAV with PFP boxes
2560,32,medium_office,1,NaturalGas,PSZ-AC with gas coil
2561,26,retail,0,Electricity,PSZ-HP
2562,26,small_hotel,0,NaturalGas,Residential AC with residential forced air furnace
2563,108,small_hotel,0,Electricity,PTAC with electric coil
2564,40,large_office,1,NaturalGas,VAV chiller with gas boiler reheat
2565,30,small_office,1,FuelOil,PSZ-AC with gas coil
2566,10,medium_office,1,Electricity,PSZ-AC with electric coil
2567,17,medium_office,0,Electricity,PSZ-HP
2568,15,retail,0,Electricity,PSZ-AC with electric coil
2569,18,medium_office,1,Electricity,VAV chiller with PFP boxes
2570,48,secondary_school,0,NaturalGas,PSZ-AC with gas coil
2571,3,small_office,0,Propane,PSZ-AC with gas coil
2572,18,outpatient,0,NaturalGas,PSZ-AC with gas coil
2573,109,small_hotel,0,Electricity,PTAC with electric coil
2574,32,grocery,1,NaturalGas,PSZ-AC with gas coil
2575,108,small_office,1,Electricity,PSZ-HP
2576,8,medium_office,1,NaturalGas,VAV chiller with gas boiler reheat
2577,28,retail,0,FuelOil,PSZ-AC with gas coil
2578,4,large_office,0,Electricity,PVAV with PFP boxes
2579,9,outpatient,0,NaturalGas,PSZ-AC with gas coil
2580,12,secondary_school,0,NaturalGas,PSZ-AC with gas coil
2581,32,medium_office,0,NaturalGas,PSZ-AC with gas coil
2582,26,medium_office,1,Electricity,PVAV with PFP boxes
2583,15,small_hotel,0,NaturalGas,Residential AC with residential forced air furnace
2584,13,warehouse,1,NaturalGas,PVAV with gas heat with electric reheat
2585,19,large_office,0,DistrictHeating,VAV district chilled water with district hot water reheat
2586,24,warehouse,0,Propane,Residential AC with residential forced air furnace
2587,21,quick_service_restaurant,0,NaturalGas,PSZ-AC with gas coil
2588,104,full_service_restaurant,0,DistrictHeating,VAV district chilled water with district hot water reheat
2589,23,retail,0,Electricity,PSZ-AC with electric coil
2590,28,small_office,1,NaturalGas,Residential AC with residential forced air furnace
2591,9,primary_school,1,NaturalGas,DOAS with water source heat pumps cooling tower with boiler
2592,19,large_office,0,NaturalGas,PVAV with gas boiler reheat
2593,104,strip_mall,1,Electricity,PSZ-AC with electric coil
2594,48,warehouse,0,Electricity,PSZ-HP
2595,34,retail,0,Propane,Residential AC with residential forced air furnace
2596,49,grocery,1,NaturalGas,PSZ-AC with gas coil
2597,49,warehouse,0,Electricity,PTAC with electric coil
2598,103,small_office,0,Electricity,PTAC with electric coil
2599,20,large_office,1,NaturalGas,VAV chiller with gas boiler reheat
2600,39,primary_school,1,Electricity,PVAV with PFP boxes
2601,38,warehouse,0,FuelOil,Residential forced air furnace
2602,40,grocery,1,Electricity,PSZ-AC with electric coil
2603,36,primary_school,1,NaturalGas,PVAV with gas boiler reheat
2604,2,large_hotel,0,Electricity,PTAC with electric coil
2605,25,medium_office,1,Electricity,PSZ-HP
2606,12,outpatient,0,Electricity,PSZ-AC with electric coil
2607,44,strip_mall,0,Electricity,PSZ-AC with electric coil
2608,29,medium_office,0,NaturalGas,PVAV with gas boiler reheat
2609,101,medium_office,0,NaturalGas,PVAV with gas boiler reheat
2610,8,warehouse,1,Electricity,PVAV with PFP boxes
2611,0,retail,1,Propane,PSZ-AC with gas coil
2612,13,small_hotel,0,Propane,Residential AC with residential forced air furnace
2613,5,grocery,1,NaturalGas,PSZ-AC with gas coil
2614,49,full_service_restaurant,1,NaturalGas,PSZ-AC with gas coil
2615,19,secondary_school,1,NaturalGas,VAV chiller with gas boiler reheat
2616,32,medium_office,0,Electricity,PSZ-AC with electric coil
2617,42,retail,1,NaturalGas,PSZ-AC with gas coil
2618,7,small_office,0,Electricity,PTAC with electric coil
2619,39,large_office,0,NaturalGas,VAV chiller with gas boiler reheat
2620,12,strip_mall,2,NaturalGas,PSZ-AC with gas coil
2621,29,medium_office,0,DistrictHeating,DOAS with fan coil district chilled water with district hot water
2622,103,small_office,1,Electricity,PSZ-AC with electric coil
2623,103,medium_office,1,NaturalGas,PVAV with gas boiler reheat
2624,38,medium_office,0,Electricity,PSZ-AC with electric coil
2625,48,outpatient,0,NaturalGas,PSZ-AC with gas coil
2626,10,retail,1,Propane,PSZ-AC with gas coil
2627,38,medium_office,0,DistrictHeating,VAV chiller with district hot water reheat
2628,12,primary_school,1,Electricity,PVAV with PFP boxes
2629,45,small_hotel,0,Electricity,PTAC with electric coil
2630,20,large_hotel,0,Electricity,PTAC with electric coil
2631,16,small_office,1,NaturalGas,Residential AC with residential forced air furnace
2632,38,medium_office,0,Electricity,PVAV with PFP boxes
2633,0,primary_school,1,Electricity,DOAS with water source heat pumps with ground source heat pump
2634,30,medium_office,0,DistrictHeating,DOAS with fan coil district chilled water with district hot water
2635,6,full_service_restaurant,1,Electricity,PVAV with PFP boxes
2636,7,small_office,0,NaturalGas,Residential AC with residential forced air furnace
2637,13,large_hotel,0,Electricity,PTHP
2638,10,full_service_restaurant,1,Electricity,PSZ-AC with electric coil
2639,2,secondary_school,0,NaturalGas,PSZ-AC with gas coil
2640,104,full_service_restaurant,1,NaturalGas,PSZ-AC with gas coil
2641,20,outpatient,0,NaturalGas,PSZ-AC with gas coil
2642,37,primary_school,1,Electricity,PVAV with PFP boxes
2643,16,medium_office,0,NaturalGas,PSZ-AC with gas coil
2644,12,grocery,1,Electricity,PSZ-AC with electric coil
2645,26,secondary_school,0,NaturalGas,PVAV with gas heat with electric reheat
2646,16,small_office,1,Electricity,PVAV with PFP boxes
2647,29,retail,0,DistrictHeating,PSZ-AC with district hot water
2648,104,warehouse,0,NaturalGas,Residential AC with residential forced air furnace
2649,101,strip_mall,2,NaturalGas,PSZ-AC with gas coil
2650,101,grocery,0,NaturalGas,PSZ-AC with gas coil
2651,26,retail,0,Propane,PSZ-AC with gas coil
2652,34,warehouse,0,Electricity,PSZ-HP
2653,30,warehouse,0,Propane,PSZ-AC with gas coil
2654,27,small_office,1,Electricity,PSZ-AC with electric coil
2655,47,retail,0,Electricity,PSZ-HP
2656,11,small_office,1,Electricity,PSZ-AC with electric coil
2657,30,medium_office,0,NaturalGas,PVAV with gas boiler reheat
2658,45,warehouse,0,Electricity,PSZ-HP
2659,8,quick_service_restaurant,0,Electricity,PTAC with electric coil
2660,48,large_office,1,Electricity,PVAV with PFP boxes
2661,19,strip_mall,2,Electricity,PVAV with PFP boxes
2662,36,small_office,1,Electricity,PVAV with PFP boxes
2663,10,large_office,0,DistrictHeating,VAV district chilled water with district hot water reheat
2664,18,medium_office,0,Electricity,PSZ-HP
2665,8,retail,0,Electricity,PTHP
2666,27,warehouse,0,Propane,Residential AC with residential forced air furnace
2667,24,full_service_restaurant,1,NaturalGas,PSZ-AC with gas coil
2668,22,large_hotel,1,Electricity,PTAC with electric coil
2669,104,full_service_restaurant,0,Electricity,PSZ-HP
2670,104,medium_office,1,NaturalGas,PSZ-AC with gas coil
2671,12,medium_office,0,NaturalGas,PSZ-AC with gas coil
2672,16,full_service_restaurant,0,DistrictHeating,VAV district chilled water with district hot water reheat
2673,13,secondary_school,0,NaturalGas,PVAV with gas heat with electric reheat
2674,40,medium_office,1,Electricity,VAV chiller with PFP boxes
2675,40,grocery,0,NaturalGas,PSZ-AC with gas coil
2676,104,medium_office,1,NaturalGas,PVAV with gas heat with electric reheat
2677,17,secondary_school,0,Electricity,PSZ-AC with electric coil
2678,9,grocery,1,Electricity,PSZ-AC with electric coil
2679,108,strip_mall,0,Propane,PSZ-AC with gas coil
2680,29,retail,1,FuelOil,PSZ-AC with gas coil
2681,22,full_service_restaurant,1,NaturalGas,PVAV with gas heat with electric reheat
2682,9,large_office,0,NaturalGas,PVAV with gas heat with electric reheat
2683,28,strip_mall,1,Electricity,PSZ-AC with electric coil
2684,34,small_office,0,Propane,Residential AC with residential forced air furnace
2685,102,strip_mall,0,Propane,PSZ-AC with gas coil
2686,105,secondary_school,0,Electricity,PSZ-AC with electric coil
2687,37,quick_service_restaurant,0,Electricity,PSZ-HP
2688,33,large_hotel,0,NaturalGas,PTAC with gas boiler
2689,9,secondary_school,0,Electricity,PSZ-AC with electric coil
2690,19,large_office,0,NaturalGas,VAV chiller with gas boiler reheat
2691,40,secondary_school,0,Electricity,PSZ-AC with electric coil
2692,17,secondary_school,0,NaturalGas,PTAC with gas boiler
2693,39,primary_school,1,NaturalGas,PSZ-AC with gas coil
2694,25,medium_office,0,NaturalGas,DOAS with fan coil chiller with boiler
2695,19,large_office,0,Electricity,VAV chiller with PFP boxes
2696,10,small_hotel,0,NaturalGas,Residential AC with residential forced air furnace
2697,33,grocery,0,NaturalGas,PSZ-AC with gas coil
2698,36,retail,0,FuelOil,Residential AC with residential forced air furnace
2699,20,small_office,1,Electricity,PSZ-AC with electric coil
2700,8,large_hotel,0,NaturalGas,DOAS with water source heat pumps cooling tower with boiler
2701,9,small_office,1,NaturalGas,Residential AC with residential forced air furnace
2702,105,strip_mall,0,Propane,PSZ-AC with gas coil
2703,23,small_office,0,Electricity,PTAC with electric coil
2704,31,full_service_restaurant,0,Electricity,PSZ-AC with electric coil
2705,3,small_hotel,0,Electricity,PTAC with electric coil
2706,10,secondary_school,0,DistrictHeating,Baseboard district hot water
2707,25,primary_school,0,NaturalGas,PSZ-AC with gas coil
2708,37,medium_office,0,Electricity,PSZ-AC with electric coil
2709,16,small_hotel,0,Electricity,PTHP
2710,27,full_service_restaurant,1,NaturalGas,PSZ-AC with gas coil
2711,102,warehouse,1,NaturalGas,PSZ-AC with gas coil
2712,37,medium_office,1,Electricity,PVAV with PFP boxes
2713,49,small_office,1,Electricity,PSZ-AC with electric coil
2714,10,small_office,1,FuelOil,Residential AC with residential forced air furnace
2715,18,medium_office,1,NaturalGas,VAV air-cooled chiller with gas boiler reheat
2716,10,medium_office,0,NaturalGas,PVAV with gas heat with electric reheat
2717,36,quick_service_restaurant,0,NaturalGas,Residential AC with residential forced air furnace
2718,39,full_service_restaurant,0,Electricity,PSZ-HP
2719,25,secondary_school,0,NaturalGas,PSZ-AC with gas coil
2720,20,medium_office,1,NaturalGas,VAV air-cooled chiller with gas boiler reheat
2721,17,medium_office,1,DistrictHeating,VAV district chilled water with district hot water reheat
2722,100,full_service_restaurant,0,Propane,PSZ-AC with gas coil
2723,25,small_office,0,Propane,PSZ-AC with gas coil
2724,21,retail,0,Propane,PSZ-AC with gas coil
2725,23,quick_service_restaurant,0,NaturalGas,PSZ-AC with gas coil
2726,25,small_hotel,0,Electricity,PTHP
2727,109,full_service_restaurant,0,Electricity,PSZ-AC with electric coil
2728,40,primary_school,1,NaturalGas,PSZ-AC with gas coil
2729,38,small_office,0,Electricity,PTHP
2730,24,outpatient,0,NaturalGas,PSZ-AC with gas coil
2731,27,retail,0,Electricity,PTAC with electric coil
2732,49,full_service_restaurant,0,Electricity,PSZ-HP
2733,40,medium_office,0,Electricity,PSZ-HP
2734,4,small_office,0,Electricity,PTAC with electric coil
2735,22,medium_office,1,NaturalGas,VAV chiller with gas boiler reheat
2736,107,small_office,0,Electricity,PTHP
2737,11,full_service_restaurant,0,Propane,PSZ-AC with gas coil
2738,15,large_hotel,0,Electricity,PTAC with electric coil
2739,40,small_office,1,NaturalGas,Residential AC with residential forced air furnace
2740,33,medium_office,0,NaturalGas,PSZ-AC with gas coil
2741,100,small_office,1,Electricity,PSZ-AC with electric coil
2742,38,small_hotel,0,NaturalGas,Residential AC with residential forced air furnace
2743,107,small_hotel,0,Electricity,PTHP
2744,5,outpatient,1,Electricity,PVAV with PFP boxes
2745,32,primary_school,1,Electricity,PVAV with PFP boxes
2746,8,primary_school,1,Electricity,PVAV with PFP boxes
2747,18,warehouse,0,Electricity,PTAC with electric coil
2748,13,small_hotel,0,NaturalGas,Residential AC with residential forced air furnace
2749,39,medium_office,1,Electricity,PSZ-HP
2750,39,large_office,0,Electricity,VAV chiller with PFP boxes
2751,30,small_office,1,NaturalGas,Residential AC with residential forced air furnace
2752,10,warehouse,1,Propane,PSZ-AC with gas coil
2753,23,large_hotel,0,NaturalGas,PTAC with gas boiler
2754,5,warehouse,0,Propane,Residential AC with residential forced air furnace
2755,12,medium_office,0,Electricity,PSZ-AC with electric coil
2756,22,primary_school,1,NaturalGas,VAV air-cooled chiller with gas boiler reheat
2757,5,medium_office,0,NaturalGas,PSZ-AC with gas coil
2758,10,quick_service_restaurant,0,Electricity,PSZ-HP
2759,8,large_office,0,Electricity,PVAV with PFP boxes
2760,6,retail,1,NaturalGas,PSZ-AC with gas coil
2761,0,medium_office,0,DistrictHeating,DOAS with fan coil district chilled water with district hot water
2762,25,strip_mall,2,Electricity,PVAV with PFP boxes
2763,27,medium_office,1,NaturalGas,PSZ-AC with gas coil
2764,4,strip_mall,2,Electricity,PVAV with PFP boxes
2765,49,retail,0,NaturalGas,Residential AC with residential forced air furnace
2766,47,strip_mall,1,NaturalGas,PSZ-AC with gas coil
2767,4,large_office,1,NaturalGas,VAV chiller with gas boiler reheat
2768,12,retail,0,Electricity,PTAC with electric coil
2769,16,strip_mall,2,Electricity,PVAV with PFP boxes
2770,10,full_service_restaurant,1,Propane,PSZ-AC with gas coil
2771,28,medium_office,0,NaturalGas,PVAV with gas heat with electric reheat
2772,6,warehouse,1,NaturalGas,PSZ-AC with gas coil
2773,106,full_service_restaurant,1,NaturalGas,PSZ-AC with gas coil
2774,8,small_office,0,Propane,Residential AC with residential forced air furnace
2775,12,large_office,0,Electricity,PVAV with PFP boxes
2776,107,medium_office,0,NaturalGas,PVAV with gas boiler reheat
2777,103,small_hotel,0,Electricity,PTAC with electric coil
2778,48,secondary_school,0,NaturalGas,PTAC with gas boiler
2779,3,warehouse,0,NaturalGas,Residential AC with residential forced air furnace
2780,17,warehouse,0,FuelOil,Residential forced air furnace
2781,32,medium_office,0,Electricity,PVAV with PFP boxes
2782,29,large_office,1,NaturalGas,VAV chiller with gas boiler reheat
2783,107,secondary_school,0,NaturalGas,PSZ-AC with gas coil
2784,22,grocery,0,Electricity,PSZ-AC with electric coil
2785,24,small_office,1,Electricity,PSZ-AC with electric coil
2786,10,grocery,0,NaturalGas,PSZ-AC with gas coil
2787,48,primary_school,0,NaturalGas,PSZ-AC with gas coil
2788,1,small_office,0,Electricity,PSZ-HP
2789,38,warehouse,1,Electricity,PVAV with PFP boxes
2790,5,small_office,0,Propane,PSZ-AC with gas coil
2791,26,primary_school,1,NaturalGas,PVAV with gas boiler reheat
2792,30,strip_mall,2,Electricity,PVAV with PFP boxes
2793,16,medium_office,1,NaturalGas,PVAV with gas boiler reheat
2794,29,small_office,1,NaturalGas,Residential AC with residential forced air furnace
2795,48,retail,1,Electricity,PSZ-AC with electric coil
2796,38,quick_service_restaurant,0,Electricity,PTAC with electric coil
2797,20,small_office,1,Electricity,PVAV with PFP boxes
2798,5,large_office,0,Electricity,VAV chiller with PFP boxes
2799,4,large_office,1,Electricity,VAV chiller with PFP boxes
2800,9,primary_school,1,NaturalGas,VAV chiller with gas boiler reheat
2801,17,grocery,1,NaturalGas,PSZ-AC with gas coil
2802,22,primary_school,1,NaturalGas,VAV chiller with gas boiler reheat
2803,1,retail,1,NaturalGas,PSZ-AC with gas coil
2804,31,full_service_restaurant,1,NaturalGas,PSZ-AC with gas coil
2805,4,medium_office,1,Electricity,PVAV with PFP boxes
2806,10,warehouse,1,NaturalGas,PVAV with gas heat with electric reheat
2807,35,small_office,1,NaturalGas,PSZ-AC with gas coil
2808,20,large_hotel,0,NaturalGas,PTAC with gas boiler
2809,24,full_service_restaurant,1,Propane,PSZ-AC with gas coil
2810,109,warehouse,0,Electricity,PTAC with electric coil
2811,10,primary_school,0,NaturalGas,PSZ-AC with gas coil
2812,40,warehouse,0,Propane,Residential AC with residential forced air furnace
2813,19,medium_office,1,Electricity,PSZ-HP
2814,19,full_service_restaurant,1,Electricity,PVAV with PFP boxes
2815,4,warehouse,1,Electricity,PSZ-AC with electric coil
2816,5,outpatient,2,Electricity,PVAV with PFP boxes
2817,15,primary_school,0,NaturalGas,PSZ-AC with gas coil
2818,6,secondary_school,0,Electricity,PSZ-AC with electric coil
2819,11,retail,0,Propane,PSZ-AC with gas coil
2820,14,quick_service_restaurant,0,Electricity,PSZ-AC with electric coil
2821,6,large_hotel,1,Electricity,PTAC with electric coil
2822,37,grocery,1,NaturalGas,PSZ-AC with gas coil
2823,13,medium_office,1,Electricity,PSZ-AC with electric coil
2824,26,medium_office,0,Electricity,PVAV with PFP boxes
2825,24,retail,1,Electricity,PSZ-AC with electric coil
2826,0,medium_office,1,Electricity,VAV chiller with PFP boxes
2827,12,medium_office,1,Electricity,PSZ-AC with electric coil
2828,23,strip_mall,0,Electricity,PSZ-AC with electric coil
2829,18,secondary_school,0,NaturalGas,DOAS with fan coil air-cooled chiller with boiler
2830,45,strip_mall,1,Electricity,PSZ-AC with electric coil
2831,106,small_hotel,0,NaturalGas,Residential AC with residential forced air furnace
2832,10,secondary_school,0,NaturalGas,PSZ-AC with gas boiler
2833,101,strip_mall,0,Propane,PSZ-AC with gas coil
2834,37,small_office,0,Propane,PSZ-AC with gas coil
2835,34,strip_mall,2,NaturalGas,PSZ-AC with gas coil
2836,38,large_hotel,0,NaturalGas,PTAC with gas coil
2837,31,strip_mall,1,NaturalGas,PSZ-AC with gas coil
2838,37,strip_mall,2,NaturalGas,PSZ-AC with gas coil
2839,28,medium_office,1,NaturalGas,PVAV with gas heat with electric reheat
2840,49,strip_mall,2,NaturalGas,PSZ-AC with gas coil
2841,101,large_office,0,NaturalGas,PVAV with gas boiler reheat
2842,23,warehouse,0,Electricity,PSZ-AC with electric coil
2843,2,small_office,1,Electricity,PVAV with PFP boxes
2844,21,warehouse,0,Propane,Residential AC with residential forced air furnace
2845,31,small_office,1,NaturalGas,PVAV with gas heat with electric reheat
2846,12,outpatient,0,Electricity,PSZ-HP
2847,106,medium_office,1,NaturalGas,PVAV with gas boiler reheat
2848,6,large_office,1,Electricity,VAV chiller with PFP boxes
2849,25,secondary_school,0,FuelOil,PSZ-AC with gas boiler
2850,30,primary_school,0,FuelOil,PSZ-AC with gas coil
2851,23,large_hotel,0,Propane,DOAS with water source heat pumps cooling tower with boiler
2852,20,full_service_restaurant,1,Propane,PSZ-AC with gas coil
2853,20,grocery,1,NaturalGas,PSZ-AC with gas coil
2854,26,medium_office,1,NaturalGas,PVAV with gas boiler reheat
2855,8,primary_school,1,NaturalGas,DOAS with fan coil air-cooled chiller with boiler
2856,28,secondary_school,0,NaturalGas,PSZ-AC with gas coil
2857,105,small_office,1,NaturalGas,PVAV with gas heat with electric reheat
2858,102,grocery,0,NaturalGas,PSZ-AC with gas coil
2859,17,retail,0,Electricity,PTAC with electric coil
2860,36,medium_office,1,Electricity,PVAV with PFP boxes
2861,5,large_office,1,Electricity,PVAV with PFP boxes
2862,24,warehouse,0,Electricity,PSZ-HP
2863,108,small_hotel,0,NaturalGas,Residential AC with residential forced air furnace
2864,47,strip_mall,2,NaturalGas,PSZ-AC with gas coil
2865,101,secondary_school,0,Electricity,PSZ-AC with electric coil
2866,32,full_service_restaurant,1,Electricity,PVAV with PFP boxes
2867,2,small_hotel,0,Electricity,PTHP
2868,45,large_hotel,0,Electricity,PTAC with electric coil
2869,49,strip_mall,0,NaturalGas,Residential AC with residential forced air furnace
2870,108,full_service_restaurant,0,Electricity,PSZ-HP
2871,106,small_office,1,Electricity,PSZ-HP
2872,100,strip_mall,1,NaturalGas,PSZ-AC with gas coil
2873,8,medium_office,0,NaturalGas,PVAV with gas heat with electric reheat
2874,105,small_office,0,Electricity,PTHP
2875,106,warehouse,0,Electricity,PTHP
2876,10,full_service_restaurant,1,FuelOil,PSZ-AC with gas coil
2877,39,warehouse,1,NaturalGas,PVAV with gas heat with electric reheat
2878,25,large_office,1,Electricity,VAV chiller with PFP boxes
2879,107,large_office,1,NaturalGas,VAV chiller with gas boiler reheat
2880,15,full_service_restaurant,0,Electricity,PSZ-AC with electric coil
2881,5,outpatient,1,Electricity,PSZ-AC with electric coil
2882,5,primary_school,0,Electricity,PSZ-AC with electric coil
2883,27,primary_school,0,NaturalGas,PSZ-AC with gas coil
2884,35,strip_mall,0,NaturalGas,Residential AC with residential forced air furnace
2885,48,large_office,1,DistrictHeating,VAV district chilled water with district hot water reheat
2886,37,medium_office,0,Electricity,PVAV with PFP boxes
2887,8,outpatient,0,NaturalGas,PSZ-AC with gas coil
2888,8,warehouse,0,Electricity,PTHP
2889,32,small_office,0,FuelOil,Residential AC with residential forced air furnace
2890,39,grocery,0,Electricity,PSZ-AC with electric coil
2891,28,warehouse,0,Electricity,PSZ-HP
2892,22,warehouse,1,NaturalGas,PVAV with gas boiler reheat
2893,18,warehouse,1,Electricity,PSZ-AC with electric coil
2894,30,retail,0,Electricity,PTAC with electric coil
2895,22,outpatient,1,Electricity,PSZ-AC with electric coil
2896,8,full_service_restaurant,1,Electricity,PSZ-AC with electric coil
2897,22,secondary_school,0,Electricity,DOAS with water source heat pumps with ground source heat pump
2898,17,primary_school,1,Electricity,PVAV with PFP boxes
2899,17,secondary_school,0,NaturalGas,PVAV with gas heat with electric reheat
2900,33,warehouse,1,Electricity,PSZ-AC with electric coil
2901,40,warehouse,1,NaturalGas,PVAV with gas boiler reheat
2902,0,medium_office,0,NaturalGas,PVAV with gas heat with electric reheat
2903,8,secondary_school,0,NaturalGas,PSZ-AC with gas coil
2904,25,full_service_restaurant,0,Propane,PSZ-AC with gas coil
2905,28,grocery,1,NaturalGas,PSZ-AC with gas coil
2906,34,retail,1,Electricity,PSZ-AC with electric coil
2907,105,large_office,0,NaturalGas,VAV chiller with gas boiler reheat
2908,102,large_office,0,NaturalGas,VAV chiller with gas boiler reheat
2909,17,medium_office,1,NaturalGas,PVAV with gas boiler reheat
2910,103,full_service_restaurant,0,Electricity,PSZ-HP
2911,8,small_office,1,NaturalGas,Residential AC with residential forced air furnace
2912,9,large_hotel,1,NaturalGas,DOAS with fan coil chiller with boiler
2913,34,warehouse,0,Propane,Residential AC with residential forced air furnace
2914,12,secondary_school,0,Electricity,PTHP
2915,19,primary_school,0,NaturalGas,PVAV with gas heat with electric reheat
2916,18,retail,1,Propane,PSZ-AC with gas coil
2917,108,full_service_restaurant,0,DistrictHeating,VAV district chilled water with district hot water reheat
2918,109,small_office,0,Electricity,PTAC with electric coil
2919,24,medium_office,0,NaturalGas,PSZ-AC with gas coil
2920,0,medium_office,0,Electricity,PSZ-HP
2921,105,secondary_school,0,NaturalGas,PSZ-AC with gas coil
2922,2,full_service_restaurant,1,Electricity,PSZ-AC with electric coil
2923,4,primary_school,0,NaturalGas,PSZ-AC with gas coil
2924,14,full_service_restaurant,0,Electricity,PSZ-AC with electric coil
2925,13,primary_school,0,Electricity,PSZ-AC with electric coil
2926,17,grocery,0,Electricity,PSZ-AC with electric coil
2927,12,full_service_restaurant,1,Electricity,PVAV with PFP boxes
2928,40,primary_school,1,NaturalGas,PVAV with gas heat with electric reheat
2929,20,secondary_school,0,NaturalGas,PVAV with gas heat with electric reheat
2930,23,warehouse,0,Propane,Residential AC with residential forced air furnace
2931,47,warehouse,0,NaturalGas,Residential AC with residential forced air furnace
2932,2,warehouse,0,Electricity,PSZ-HP
2933,17,medium_office,0,DistrictHeating,VAV chiller with district hot water reheat
2934,102,grocery,1,NaturalGas,PSZ-AC with gas coil
2935,48,small_hotel,0,Electricity,PTHP
2936,8,primary_school,1,NaturalGas,VAV air-cooled chiller with gas boiler reheat
2937,10,large_office,0,NaturalGas,PVAV with gas boiler reheat
2938,101,warehouse,0,Electricity,PTHP
2939,106,medium_office,0,NaturalGas,PSZ-AC with gas coil
2940,24,grocery,0,NaturalGas,PSZ-AC with gas coil
2941,36,primary_school,0,NaturalGas,PSZ-AC with gas coil
2942,13,small_office,1,NaturalGas,PVAV with gas boiler reheat
2943,24,large_hotel,0,Electricity,PTHP
2944,30,large_office,0,DistrictHeating,VAV district chilled water with district hot water reheat
2945,5,retail,1,Propane,PSZ-AC with gas coil
2946,101,full_service_restaurant,1,NaturalGas,PSZ-AC with gas coil
2947,105,large_hotel,0,NaturalGas,PTAC with gas boiler
2948,38,secondary_school,0,NaturalGas,PSZ-AC with gas coil
2949,36,small_hotel,0,NaturalGas,Residential AC with residential forced air furnace
2950,36,retail,0,DistrictHeating,PSZ-AC with district hot water
2951,33,quick_service_restaurant,0,Electricity,PSZ-HP
2952,44,quick_service_restaurant,0,NaturalGas,PSZ-AC with gas coil
2953,5,large_office,0,DistrictHeating,VAV district chilled water with district hot water reheat
2954,20,medium_office,0,NaturalGas,PVAV with gas boiler reheat
2955,102,small_office,0,Electricity,PTHP
2956,107,grocery,0,NaturalGas,PSZ-AC with gas coil
2957,13,primary_school,1,NaturalGas,PSZ-AC with gas coil
2958,101,large_office,1,Electricity,VAV chiller with PFP boxes
2959,48,medium_office,1,Electricity,PVAV with PFP boxes
2960,32,quick_service_restaurant,0,Electricity,PSZ-HP
2961,27,medium_office,1,Electricity,PVAV with PFP boxes
2962,41,small_office,0,Electricity,PSZ-HP
2963,23,strip_mall,0,Electricity,PSZ-HP
2964,35,retail,0,Electricity,PSZ-HP
2965,18,retail,0,Electricity,PTAC with electric coil
2966,103,strip_mall,0,Propane,PSZ-AC with gas coil
2967,47,small_office,0,Propane,Residential AC with residential forced air furnace
2968,29,large_office,0,DistrictHeating,VAV district chilled water with district hot water reheat
2969,37,full_service_restaurant,1,Electricity,PVAV with PFP boxes
2970,38,medium_office,1,NaturalGas,PVAV with gas boiler reheat
2971,25,large_hotel,0,NaturalGas,PTAC with gas boiler
2972,7,warehouse,0,Propane,PSZ-AC with gas coil
2973,36,small_office,1,Electricity,PSZ-HP
2974,25,medium_office,1,DistrictHeating,VAV district chilled water with district hot water reheat
2975,22,outpatient,0,Electricity,PSZ-AC with electric coil
2976,33,secondary_school,0,NaturalGas,PSZ-AC with gas boiler
2977,13,retail,0,Electricity,PTHP
2978,0,small_office,0,FuelOil,Residential AC with residential forced air furnace
2979,42,retail,0,Electricity,PSZ-AC with electric coil
2980,15,warehouse,0,Electricity,PSZ-HP
2981,103,medium_office,0,NaturalGas,PSZ-AC with gas coil
2982,33,secondary_school,0,NaturalGas,PVAV with gas heat with electric reheat
2983,40,quick_service_restaurant,0,Electricity,PTAC with electric coil
2984,25,retail,0,Propane,Residential AC with residential forced air furnace
2985,22,secondary_school,1,Electricity,PTHP
2986,107,secondary_school,0,Propane,PSZ-AC with gas coil
2987,9,secondary_school,1,NaturalGas,VAV chiller with gas boiler reheat
2988,12,large_hotel,0,NaturalGas,PTAC with gas boiler
2989,29,warehouse,0,Propane,PSZ-AC with gas coil
2990,101,strip_mall,1,Electricity,PSZ-AC with electric coil
2991,11,full_service_restaurant,0,Electricity,PSZ-HP
2992,104,medium_office,1,Electricity,PVAV with PFP boxes
2993,26,medium_office,0,Electricity,PSZ-AC with electric coil
2994,0,warehouse,1,Electricity,PVAV with PFP boxes
2995,103,full_service_restaurant,1,NaturalGas,PSZ-AC with gas coil
2996,45,small_office,1,Electricity,PSZ-AC with electric coil
2997,48,primary_school,1,NaturalGas,PSZ-AC with gas boiler
2998,0,quick_service_restaurant,0,NaturalGas,Residential AC with residential forced air furnace
2999,39,large_hotel,0,Electricity,DOAS with water source heat pumps with ground source heat pump
3000,16,medium_office,0,Electricity,PSZ-HP
3001,29,outpatient,0,NaturalGas,PSZ-AC with gas coil
3002,18,secondary_school,1,NaturalGas,VAV air-cooled chiller with gas boiler reheat
3003,19,large_hotel,0,NaturalGas,DOAS with water source heat pumps cooling tower with boiler
3004,9,warehouse,0,DistrictHeating,DOAS with fan coil air-cooled chiller with district hot water
3005,29,small_office,1,FuelOil,PSZ-AC with gas coil
3006,19,primary_school,1,NaturalGas,DOAS with fan coil air-cooled chiller with boiler
3007,24,warehouse,1,NaturalGas,PSZ-AC with gas coil
3008,7,large_hotel,0,Electricity,PTAC with electric coil
3009,102,large_hotel,0,NaturalGas,PTAC with gas boiler
3010,36,large_hotel,0,NaturalGas,PTAC with gas coil
3011,22,primary_school,0,Electricity,PSZ-AC with electric coil
3012,17,full_service_restaurant,1,Electricity,PSZ-AC with electric coil
3013,36,secondary_school,0,NaturalGas,PSZ-AC with gas coil
3014,48,small_office,1,Electricity,PSZ-AC with electric coil
3015,103,retail,0,Electricity,PTAC with electric coil
3016,13,full_service_restaurant,0,Electricity,PSZ-HP
3017,3,strip_mall,0,Electricity,PSZ-HP
3018,15,strip_mall,1,Electricity,PSZ-AC with electric coil
3019,13,medium_office,1,Electricity,VAV chiller with PFP boxes
3020,108,retail,0,Electricity,PTAC with electric coil
3021,34,small_office,0,Propane,PSZ-AC with gas coil
3022,36,small_office,1,NaturalGas,Residential AC with residential forced air furnace
3023,106,retail,0,Electricity,PTAC with electric coil
3024,13,large_office,1,NaturalGas,VAV chiller with gas boiler reheat
3025,18,medium_office,1,NaturalGas,VAV chiller with gas boiler reheat
3026,18,small_hotel,0,NaturalGas,Residential AC with residential forced air furnace
3027,8,large_office,1,NaturalGas,VAV chiller with gas boiler reheat
3028,21,small_office,0,Propane,Residential AC with residential forced air furnace
3029,28,medium_office,1,NaturalGas,VAV chiller with gas boiler reheat
3030,15,small_office,1,Electricity,PSZ-AC with electric coil
3031,48,large_office,1,NaturalGas,DOAS with water source heat pumps cooling tower with boiler
3032,24,quick_service_restaurant,0,FuelOil,Residential forced air furnace
3033,13,primary_school,0,Electricity,PVAV with PFP boxes
3034,25,large_hotel,0,Electricity,PTHP
3035,45,retail,0,NaturalGas,Residential AC with residential forced air furnace
3036,18,primary_school,1,NaturalGas,VAV chiller with gas boiler reheat
3037,36,primary_school,1,NaturalGas,PSZ-AC with gas boiler
3038,1,warehouse,0,Electricity,PTAC with electric coil
3039,37,quick_service_restaurant,0,Electricity,PTAC with electric coil
3040,30,warehouse,1,FuelOil,PSZ-AC with gas coil
3041,100,secondary_school,0,Propane,PSZ-AC with gas coil
3042,7,warehouse,0,NaturalGas,Residential AC with residential forced air furnace
3043,16,small_office,0,Propane,PSZ-AC with gas coil
3044,27,large_hotel,0,Electricity,PTAC with electric coil
3045,29,large_office,1,DistrictHeating,VAV chiller with district hot water reheat
3046,25,large_hotel,0,NaturalGas,PTAC with gas coil
3047,6,medium_office,0,Electricity,PSZ-HP
3048,108,small_office,1,NaturalGas,PSZ-AC with gas coil
3049,9,primary_school,1,Electricity,DOAS with water source heat pumps with ground source heat pump
3050,35,small_office,0,Propane,Residential AC with residential forced air furnace
3051,7,strip_mall,1,Electricity,PSZ-AC with electric coil
3052,16,grocery,1,NaturalGas,PSZ-AC with gas coil
3053,13,large_office,0,Electricity,PVAV with PFP boxes
3054,2,primary_school,1,Electricity,PVAV with PFP boxes
3055,34,secondary_school,0,Electricity,PSZ-AC with electric coil
3056,27,small_office,1,Electricity,PVAV with PFP boxes
3057,34,small_office,1,Electricity,PSZ-AC with electric coil
3058,4,small_hotel,0,Electricity,PTHP
3059,102,small_office,1,NaturalGas,PVAV with gas heat with electric reheat
3060,9,large_office,1,DistrictHeating,VAV chiller with district hot water reheat
3061,13,warehouse,1,Electricity,PVAV with PFP boxes
3062,17,medium_office,1,Electricity,VAV chiller with PFP boxes
3063,104,retail,0,Electricity,PTAC with electric coil
3064,4,large_hotel,0,DistrictHeating,PTAC with baseboard district hot water
3065,30,secondary_school,0,NaturalGas,DOAS with fan coil air-cooled chiller with boiler
3066,108,grocery,0,NaturalGas,PSZ-AC with gas coil
3067,39,medium_office,0,NaturalGas,PVAV with gas heat with electric reheat
3068,24,primary_school,0,FuelOil,PSZ-AC with gas coil
3069,40,small_office,0,Electricity,PTHP
3070,29,retail,0,FuelOil,Residential AC with residential forced air furnace
3071,100,warehouse,1,Electricity,PSZ-AC with electric coil
3072,27,secondary_school,0,NaturalGas,PSZ-AC with gas coil
3073,19,small_office,1,Propane,PSZ-AC with gas coil
3074,10,primary_school,1,NaturalGas,PSZ-AC with gas boiler
3075,30,large_hotel,0,Electricity,PTHP
3076,12,warehouse,1,NaturalGas,PVAV with gas heat with electric reheat
3077,47,strip_mall,0,Electricity,PSZ-HP
3078,38,medium_office,1,NaturalGas,PSZ-AC with gas coil
3079,103,medium_office,1,Electricity,PVAV with PFP boxes
3080,107,small_office,1,NaturalGas,PVAV with gas heat with electric reheat
3081,106,small_hotel,0,Electricity,PTAC with electric coil
3082,18,secondary_school,1,NaturalGas,PVAV with gas boiler reheat
3083,8,outpatient,0,Electricity,PSZ-AC with electric coil
3084,36,medium_office,0,Electricity,PVAV with PFP boxes
3085,25,medium_office,1,Electricity,VAV chiller with PFP boxes
3086,48,full_service_restaurant,0,Electricity,PSZ-HP
3087,4,primary_school,1,NaturalGas,PSZ-AC with gas coil
3088,0,large_hotel,0,NaturalGas,DOAS with water source heat pumps cooling tower with boiler
3089,25,medium_office,0,NaturalGas,PVAV with gas boiler reheat
3090,18,medium_office,1,Electricity,PSZ-AC with electric coil
3091,19,outpatient,0,Electricity,PSZ-AC with electric coil
3092,25,medium_office,1,Electricity,PSZ-AC with electric coil
3093,42,small_office,0,Electricity,PSZ-AC with electric coil
3094,30,medium_office,1,DistrictHeating,VAV district chilled water with district hot water reheat
3095,35,secondary_school,0,NaturalGas,PSZ-AC with gas coil
3096,13,grocery,1,Electricity,PSZ-AC with electric coil
3097,30,medium_office,0,Electricity,PSZ-HP
3098,19,large_office,1,Electricity,PVAV with PFP boxes
3099,101,retail,0,Electricity,PTAC with electric coil
3100,18,warehouse,0,DistrictHeating,DOAS with fan coil air-cooled chiller with district hot water
3101,2,small_office,1,Electricity,PSZ-HP
3102,18,large_hotel,0,Electricity,PTHP
3103,16,strip_mall,2,NaturalGas,PSZ-AC with gas coil
3104,48,large_office,1,NaturalGas,VAV air-cooled chiller with gas boiler reheat
3105,6,small_office,0,NaturalGas,PSZ-AC with gas coil
3106,9,secondary_school,0,NaturalGas,PSZ-AC with gas boiler
3107,38,medium_office,1,Electricity,VAV chiller with PFP boxes
3108,49,quick_service_restaurant,0,Electricity,PSZ-HP
3109,24,small_office,1,NaturalGas,PVAV with gas heat with electric reheat
3110,107,warehouse,0,NaturalGas,Residential AC with residential forced air furnace
3111,22,medium_office,0,NaturalGas,PVAV with gas boiler reheat
3112,39,large_hotel,0,NaturalGas,PTAC with gas boiler
3113,2,small_office,1,NaturalGas,PVAV with gas heat with electric reheat
3114,103,small_office,1,Electricity,PSZ-HP
3115,47,full_service_restaurant,0,Electricity,PSZ-AC with electric coil
3116,17,large_hotel,0,NaturalGas,PTAC with gas boiler
3117,20,warehouse,0,Electricity,PTAC with electric coil
3118,10,strip_mall,1,NaturalGas,Residential AC with residential forced air furnace
3119,48,grocery,1,NaturalGas,PSZ-AC with gas coil
3120,104,grocery,0,NaturalGas,PSZ-AC with gas coil
3121,33,small_office,1,Electricity,PSZ-HP
3122,30,outpatient,0,NaturalGas,PSZ-AC with gas coil
3123,5,secondary_school,0,NaturalGas,PSZ-AC with gas coil
3124,18,small_office,1,Electricity,PSZ-HP
3125,15,large_hotel,0,DistrictHeating,PTAC with baseboard district hot water
3126,9,medium_office,0,NaturalGas,PSZ-AC with gas boiler
3127,109,small_office,1,Electricity,PVAV with PFP boxes
3128,12,large_hotel,0,NaturalGas,PTAC with gas coil
3129,31,secondary_school,0,NaturalGas,PSZ-AC with gas coil
3130,28,full_service_restaurant,0,Electricity,PSZ-AC with electric coil
3131,29,medium_office,1,DistrictHeating,VAV district chilled water with district hot water reheat
3132,40,full_service_restaurant,0,DistrictHeating,VAV district chilled water with district hot water reheat
3133,17,full_service_restaurant,1,Electricity,PVAV with PFP boxes
3134,6,large_hotel,1,Electricity,DOAS with fan coil chiller with baseboard electric
3135,26,medium_office,1,Electricity,VAV chiller with PFP boxes
3136,36,secondary_school,0,NaturalGas,PTAC with gas boiler
3137,100,large_hotel,0,Electricity,PTHP
3138,103,full_service_restaurant,0,DistrictHeating,VAV district chilled water with district hot water reheat
3139,45,strip_mall,2,Electricity,PVAV with PFP boxes
3140,44,retail,1,NaturalGas,PSZ-AC with gas coil
3141,13,secondary_school,0,Electricity,DOAS with water source heat pumps with ground source heat pump
3142,16,medium_office,1,Electricity,PVAV with PFP boxes
3143,48,medium_office,1,FuelOil,PSZ-AC with gas boiler
3144,32,quick_service_restaurant,0,Electricity,PTAC with electric coil
3145,19,medium_office,0,DistrictHeating,DOAS with fan coil district chilled water with district hot water
3146,12,warehouse,0,Electricity,PTHP
3147,108,full_service_restaurant,1,NaturalGas,PSZ-AC with gas coil
3148,7,small_office,1,Electricity,PSZ-AC with electric coil
3149,38,medium_office,0,Electricity,PSZ-HP
3150,48,large_hotel,1,Electricity,PTAC with electric coil
3151,108,grocery,1,NaturalGas,PSZ-AC with gas coil
3152,47,small_hotel,0,Electricity,PTAC with electric coil
3153,22,secondary_school,0,NaturalGas,PTAC with gas boiler
3154,8,medium_office,0,NaturalGas,DOAS with fan coil chiller with boiler
3155,16,small_office,1,Electricity,PSZ-HP
3156,19,warehouse,1,Electricity,PVAV with PFP boxes
3157,12,medium_office,1,Electricity,PSZ-HP
3158,100,small_office,1,Electricity,PSZ-HP
3159,19,outpatient,1,NaturalGas,PVAV with gas boiler reheat
3160,33,warehouse,1,NaturalGas,PVAV with gas heat with electric reheat
3161,14,strip_mall,0,Electricity,PSZ-HP
3162,9,grocery,1,Propane,PSZ-AC with gas coil
3163,24,large_hotel,0,FuelOil,PTAC with gas boiler
3164,2,warehouse,1,Electricity,PSZ-AC with electric coil
3165,35,full_service_restaurant,0,Propane,PSZ-AC with gas coil
3166,22,medium_office,1,NaturalGas,DOAS with water source heat pumps cooling tower with boiler
3167,48,large_hotel,0,NaturalGas,PTAC with gas coil
3168,4,outpatient,0,NaturalGas,PSZ-AC with gas coil
3169,8,medium_office,1,Electricity,PSZ-HP
3170,16,primary_school,0,NaturalGas,PSZ-AC with gas coil
3171,101,large_office,0,Electricity,PVAV with PFP boxes
3172,105,large_hotel,0,NaturalGas,PTAC with gas coil
3173,109,strip_mall,0,Electricity,PSZ-HP
3174,12,medium_office,1,DistrictHeating,VAV district chilled water with district hot water reheat
3175,36,medium_office,0,NaturalGas,PVAV with gas boiler reheat
3176,11,large_hotel,0,NaturalGas,PTAC with gas coil
3177,9,large_office,0,NaturalGas,VAV chiller with gas boiler reheat
3178,18,full_service_restaurant,0,Electricity,PSZ-HP
3179,43,retail,0,Electricity,PSZ-HP
3180,8,warehouse,0,Propane,Residential AC with residential forced air furnace
3181,31,retail,1,Electricity,PSZ-AC with electric coil
3182,29,strip_mall,1,Electricity,PSZ-AC with electric coil
3183,100,large_hotel,0,NaturalGas,PTAC with gas boiler
3184,102,large_office,1,Electricity,VAV chiller with PFP boxes
3185,25,primary_school,1,NaturalGas,VAV air-cooled chiller with gas boiler reheat
3186,11,medium_office,0,NaturalGas,PSZ-AC with gas coil
3187,49,strip_mall,2,Electricity,PVAV with PFP boxes
3188,15,small_office,0,Electricity,PTAC with electric coil
3189,17,medium_office,1,NaturalGas,PSZ-AC with gas coil
3190,10,medium_office,0,NaturalGas,DOAS with fan coil air-cooled chiller with boiler
3191,13,large_hotel,0,Propane,PTAC with gas boiler
3192,101,secondary_school,0,NaturalGas,PSZ-AC with gas coil
3193,41,retail,0,Electricity,PSZ-HP
3194,13,full_service_restaurant,1,NaturalGas,PVAV with gas heat with electric reheat
3195,4,medium_office,0,Electricity,PVAV with PFP boxes
3196,103,strip_mall,2,Electricity,PVAV with PFP boxes
3197,39,secondary_school,0,NaturalGas,PVAV with gas heat with electric reheat
3198,39,small_hotel,0,NaturalGas,PTAC with gas boiler
3199,39,quick_service_restaurant,0,NaturalGas,Residential AC with residential forced air furnace
3200,5,warehouse,0,DistrictHeating,DOAS with fan coil chiller with district hot water
3201,16,strip_mall,0,NaturalGas,Residential AC with residential forced air furnace
3202,46,retail,1,NaturalGas,PSZ-AC with gas coil
3203,12,large_office,1,Electricity,VAV chiller with PFP boxes
3204,36,outpatient,1,NaturalGas,PSZ-AC with gas coil
3205,40,primary_school,0,NaturalGas,PSZ-AC with gas coil
3206,20,medium_office,1,NaturalGas,PVAV with gas boiler reheat
3207,33,strip_mall,2,Electricity,PVAV with PFP boxes
3208,102,secondary_school,0,Electricity,PSZ-AC with electric coil
3209,13,secondary_school,0,Electricity,PTHP
3210,5,warehouse,1,NaturalGas,PVAV with gas heat with electric reheat
3211,20,large_hotel,0,NaturalGas,PTAC with gas coil
3212,21,small_office,0,Propane,PSZ-AC with gas coil
3213,7,retail,0,Propane,PSZ-AC with gas coil
3214,4,large_hotel,0,Electricity,PTAC with electric coil
3215,17,primary_school,1,NaturalGas,PVAV with gas boiler reheat
3216,10,quick_service_restaurant,0,NaturalGas,Residential AC with residential forced air furnace
3217,13,medium_office,1,NaturalGas,VAV chiller with gas boiler reheat
3218,105,large_office,1,Electricity,VAV chiller with PFP boxes
3219,0,secondary_school,0,Electricity,DOAS with water source heat pumps with ground source heat pump
3220,8,primary_school,1,NaturalGas,DOAS with water source heat pumps cooling tower with boiler
3221,0,strip_mall,1,NaturalGas,Residential AC with residential forced air furnace
3222,108,full_service_restaurant,0,Propane,PSZ-AC with gas coil
3223,38,primary_school,1,Electricity,PVAV with PFP boxes
3224,26,medium_office,0,Electricity,PSZ-HP
3225,25,medium_office,1,NaturalGas,PVAV with gas boiler reheat
3226,26,retail,1,Electricity,PSZ-AC with electric coil
3227,47,warehouse,0,Propane,Residential AC with residential forced air furnace
3228,2,quick_service_restaurant,0,Electricity,PSZ-HP
3229,23,retail,1,NaturalGas,PSZ-AC with gas coil
3230,37,warehouse,1,Electricity,PVAV with PFP boxes
3231,12,retail,0,Electricity,PTHP
3232,32,medium_office,1,NaturalGas,VAV air-cooled chiller with gas boiler reheat
3233,30,large_hotel,0,DistrictHeating,PTAC with baseboard district hot water
3234,48,medium_office,0,Electricity,PSZ-HP
3235,102,medium_office,0,NaturalGas,PVAV with gas heat with electric reheat
3236,104,grocery,1,NaturalGas,PSZ-AC with gas coil
3237,34,secondary_school,0,NaturalGas,PSZ-AC with gas coil
3238,107,primary_school,1,Electricity,PVAV with PFP boxes
3239,49,warehouse,1,Electricity,PSZ-AC with electric coil
3240,10,medium_office,1,NaturalGas,VAV chiller with gas boiler reheat
3241,30,secondary_school,0,NaturalGas,VAV air-cooled chiller with gas boiler reheat
3242,49,medium_office,0,NaturalGas,PSZ-AC with gas coil
3243,43,retail,0,Electricity,PSZ-AC with electric coil
3244,46,warehouse,0,NaturalGas,Residential AC with residential forced air furnace
3245,102,warehouse,0,Electricity,PTHP
3246,32,warehouse,0,FuelOil,Residential forced air furnace
3247,12,small_office,1,NaturalGas,Residential AC with residential forced air furnace
3248,39,secondary_school,0,NaturalGas,PSZ-AC with gas boiler
3249,32,medium_office,1,NaturalGas,PVAV with gas heat with electric reheat
3250,18,grocery,0,Electricity,PSZ-AC with electric coil
3251,27,medium_office,0,NaturalGas,PSZ-AC with gas coil
3252,48,retail,0,DistrictHeating,PSZ-AC with district hot water
3253,0,primary_school,0,NaturalGas,PSZ-AC with gas coil
3254,32,large_hotel,0,NaturalGas,PTAC with gas boiler
3255,17,small_hotel,0,NaturalGas,Residential AC with residential forced air furnace
3256,14,small_office,1,NaturalGas,PSZ-AC with gas coil
3257,107,large_hotel,0,NaturalGas,PTAC with gas boiler
3258,6,grocery,1,Electricity,PSZ-AC with electric coil
3259,106,full_service_restaurant,0,DistrictHeating,VAV district chilled water with district hot water reheat
3260,32,grocery,0,NaturalGas,PSZ-AC with gas coil
3261,25,large_office,1,NaturalGas,VAV chiller with gas boiler reheat
3262,12,outpatient,0,NaturalGas,PSZ-AC with gas coil
3263,105,primary_school,1,NaturalGas,PSZ-AC with gas coil
3264,45,small_office,1,Electricity,PVAV with PFP boxes
3265,100,small_office,0,Propane,PSZ-AC with gas coil
3266,20,secondary_school,0,Electricity,PSZ-AC with electric coil
3267,107,primary_school,0,NaturalGas,PSZ-AC with gas coil
3268,0,small_office,1,NaturalGas,PVAV with gas boiler reheat
3269,45,small_office,0,Electricity,PTAC with electric coil
3270,31,warehouse,1,NaturalGas,PSZ-AC with gas coil
3271,42,warehouse,0,Electricity,PSZ-HP
3272,25,large_office,0,DistrictHeating,VAV district chilled water with district hot water reheat
3273,108,warehouse,0,Electricity,PTHP
3274,39,small_office,1,NaturalGas,PVAV with gas boiler reheat
3275,4,small_office,1,Electricity,PVAV with PFP boxes
3276,100,small_office,1,NaturalGas,PSZ-AC with gas coil
3277,13,quick_service_restaurant,0,NaturalGas,Residential AC with residential forced air furnace
3278,47,small_office,1,NaturalGas,PSZ-AC with gas coil
3279,9,large_hotel,1,Electricity,PTAC with electric coil
3280,10,primary_school,0,FuelOil,PVAV with gas boiler reheat
3281,27,warehouse,0,Electricity,PTAC with electric coil
3282,8,retail,1,Propane,PSZ-AC with gas coil
3283,33,large_hotel,0,Electricity,PTHP
3284,19,warehouse,1,DistrictHeating,DOAS with fan coil chiller with district hot water
3285,1,retail,0,NaturalGas,Residential AC with residential forced air furnace
3286,13,strip_mall,1,NaturalGas,Residential AC with residential forced air furnace
3287,22,large_hotel,1,NaturalGas,DOAS with fan coil chiller with boiler
3288,19,large_hotel,1,Electricity,PTAC with electric coil
3289,10,medium_office,0,NaturalGas,DOAS with fan coil chiller with boiler
3290,23,large_hotel,0,NaturalGas,PTAC with gas coil
3291,18,medium_office,0,NaturalGas,DOAS with fan coil air-cooled chiller with boiler
3292,11,large_hotel,0,NaturalGas,PTAC with gas boiler
3293,32,large_hotel,0,NaturalGas,PTAC with gas coil
3294,29,secondary_school,0,FuelOil,PSZ-AC with gas boiler
3295,2,grocery,0,NaturalGas,PSZ-AC with gas coil
3296,11,strip_mall,1,Electricity,PSZ-AC with electric coil
3297,49,small_office,0,Electricity,PTAC with electric coil
3298,47,quick_service_restaurant,0,Electricity,PSZ-AC with electric coil
3299,100,secondary_school,0,Electricity,PSZ-AC with electric coil
3300,104,medium_office,0,NaturalGas,PVAV with gas boiler reheat
3301,11,large_hotel,0,Electricity,PTAC with electric coil
3302,47,large_hotel,0,Electricity,PTAC with electric coil
3303,104,secondary_school,0,Electricity,PSZ-AC with electric coil
3304,5,grocery,0,NaturalGas,PSZ-AC with gas coil
3305,40,large_hotel,1,Electricity,PTAC with electric coil
3306,10,large_office,0,NaturalGas,VAV chiller with gas boiler reheat
3307,0,retail,0,Electricity,PTHP
3308,109,small_office,0,NaturalGas,Residential AC with residential forced air furnace
3309,39,outpatient,0,Electricity,PSZ-AC with electric coil
3310,40,outpatient,0,Electricity,PSZ-AC with electric coil
3311,104,secondary_school,0,NaturalGas,PSZ-AC with gas coil
3312,20,medium_office,1,NaturalGas,PVAV with gas heat with electric reheat
3313,14,full_service_restaurant,1,NaturalGas,PSZ-AC with gas coil
3314,8,full_service_restaurant,0,DistrictHeating,VAV district chilled water with district hot water reheat
3315,102,strip_mall,2,Electricity,PVAV with PFP boxes
3316,26,warehouse,0,FuelOil,Residential forced air furnace
3317,104,medium_office,0,Electricity,PSZ-HP
3318,47,medium_office,0,NaturalGas,PSZ-AC with gas coil
3319,103,small_hotel,0,NaturalGas,Residential AC with residential forced air furnace
3320,40,secondary_school,0,NaturalGas,PSZ-AC with gas boiler
3321,48,primary_school,1,FuelOil,PVAV with gas boiler reheat
3322,101,primary_school,0,NaturalGas,PSZ-AC with gas coil
3323,34,retail,0,Electricity,PSZ-HP
3324,13,warehouse,1,Propane,PSZ-AC with gas coil
3325,33,full_service_restaurant,0,DistrictHeating,VAV district chilled water with district hot water reheat
3326,20,small_office,1,Electricity,PSZ-HP
3327,25,medium_office,0,DistrictHeating,VAV chiller with district hot water reheat
3328,42,quick_service_restaurant,0,Electricity,PSZ-AC with electric coil
3329,30,small_office,1,FuelOil,PVAV with gas heat with electric reheat
3330,9,large_office,1,NaturalGas,DOAS with water source heat pumps cooling tower with boiler
3331,105,medium_office,0,NaturalGas,PVAV with gas heat with electric reheat
3332,26,small_office,0,Electricity,PTHP
3333,7,small_office,1,Electricity,PSZ-HP
3334,26,full_service_restaurant,0,Propane,PSZ-AC with gas coil
3335,40,large_hotel,0,NaturalGas,DOAS with water source heat pumps cooling tower with boiler
3336,47,strip_mall,0,Electricity,PSZ-AC with electric coil
3337,106,warehouse,0,NaturalGas,Residential AC with residential forced air furnace
3338,27,small_office,1,Electricity,PSZ-HP
3339,45,strip_mall,0,NaturalGas,Residential AC with residential forced air furnace
3340,10,large_office,1,Electricity,PVAV with PFP boxes
3341,17,primary_school,1,NaturalGas,PSZ-AC with gas boiler
3342,21,retail,0,Electricity,PSZ-AC with electric coil
3343,25,grocery,0,NaturalGas,PSZ-AC with gas coil
3344,48,small_office,1,NaturalGas,PVAV with gas boiler reheat
3345,20,primary_school,1,Electricity,PVAV with PFP boxes
3346,37,retail,1,Propane,PSZ-AC with gas coil
3347,42,small_office,1,NaturalGas,PSZ-AC with gas coil
3348,38,retail,0,Electricity,PTHP
3349,15,small_office,0,Propane,PSZ-AC with gas coil
3350,34,retail,1,Propane,PSZ-AC with gas coil
3351,14,quick_service_restaurant,0,NaturalGas,PSZ-AC with gas coil
3352,8,medium_office,1,DistrictHeating,VAV district chilled water with district hot water reheat
3353,48,small_office,1,FuelOil,PVAV with gas heat with electric reheat
3354,102,small_hotel,0,NaturalGas,PTAC with gas boiler
3355,14,strip_mall,1,NaturalGas,PSZ-AC with gas coil
3356,27,secondary_school,0,Electricity,PSZ-AC with electric coil
3357,17,primary_school,1,Electricity,DOAS with water source heat pumps with ground source heat pump
3358,7,retail,1,NaturalGas,PSZ-AC with gas coil
3359,30,large_office,1,NaturalGas,VAV chiller with gas boiler reheat
3360,44,warehouse,0,NaturalGas,Residential AC with residential forced air furnace
3361,22,outpatient,0,NaturalGas,PSZ-AC with gas coil
3362,29,primary_school,0,NaturalGas,PVAV with gas boiler reheat
3363,40,secondary_school,0,NaturalGas,PVAV with gas heat with electric reheat
3364,9,secondary_school,1,NaturalGas,PVAV with gas boiler reheat
3365,5,secondary_school,1,Electricity,PSZ-HP
3366,8,outpatient,0,Electricity,PSZ-HP
3367,23,retail,1,Propane,PSZ-AC with gas coil
3368,9,grocery,0,Electricity,PSZ-AC with electric coil
3369,15,medium_office,0,NaturalGas,PSZ-AC with gas coil
3370,19,retail,0,Electricity,PTHP
3371,30,warehouse,1,Electricity,PVAV with PFP boxes
3372,101,medium_office,0,NaturalGas,PVAV with gas heat with electric reheat
3373,36,medium_office,0,DistrictHeating,DOAS with fan coil district chilled water with district hot water
3374,26,large_hotel,0,Electricity,PTHP
3375,22,outpatient,2,Electricity,PVAV with PFP boxes
3376,21,quick_service_restaurant,0,Electricity,PSZ-AC with electric coil
3377,105,large_hotel,0,Electricity,PTHP
3378,38,medium_office,0,DistrictHeating,DOAS with fan coil district chilled water with district hot water
3379,19,large_office,0,NaturalGas,VAV air-cooled chiller with gas boiler reheat
3380,43,strip_mall,0,Electricity,PSZ-AC with electric coil
3381,33,primary_school,1,NaturalGas,PSZ-AC with gas coil
3382,39,primary_school,1,NaturalGas,VAV chiller with gas boiler reheat
3383,10,small_office,1,Propane,PSZ-AC with gas coil
3384,25,retail,1,Propane,PSZ-AC with gas coil
3385,22,medium_office,1,Electricity,PSZ-HP
3386,48,medium_office,0,FuelOil,PSZ-AC with gas coil
3387,106,warehouse,0,Propane,PSZ-AC with gas coil
3388,107,secondary_school,0,Electricity,PTHP
3389,12,small_hotel,0,Electricity,PTHP
3390,19,warehouse,0,Electricity,PTHP
3391,29,medium_office,0,Electricity,PSZ-HP
3392,110,strip_mall,0,NaturalGas,PSZ-AC with gas coil
3393,8,secondary_school,1,NaturalGas,VAV chiller with gas boiler reheat
3394,12,large_hotel,0,Electricity,PTHP
3395,20,medium_office,0,Electricity,PSZ-AC with electric coil
3396,10,full_service_restaurant,1,Electricity,PVAV with PFP boxes
3397,19,outpatient,1,NaturalGas,PSZ-AC with gas boiler
3398,18,small_hotel,0,Electricity,PTHP
3399,0,secondary_school,0,Electricity,PTHP
3400,47,primary_school,0,NaturalGas,PVAV with gas boiler reheat
3401,8,medium_office,0,NaturalGas,PVAV with gas boiler reheat
3402,30,primary_school,0,NaturalGas,PVAV with gas boiler reheat
3403,13,primary_school,1,NaturalGas,PVAV with gas boiler reheat
3404,10,primary_school,1,NaturalGas,VAV chiller with gas boiler reheat
3405,12,large_hotel,0,DistrictHeating,PTAC with baseboard district hot water
3406,20,secondary_school,0,NaturalGas,DOAS with fan coil air-cooled chiller with boiler
3407,37,secondary_school,0,NaturalGas,PSZ-AC with gas coil
3408,0,medium_office,1,DistrictHeating,PSZ-AC with district hot water
3409,0,large_hotel,0,NaturalGas,PTAC with gas boiler
3410,17,medium_office,1,NaturalGas,PVAV with gas heat with electric reheat
3411,14,small_office,0,NaturalGas,Residential AC with residential forced air furnace
3412,106,full_service_restaurant,0,Electricity,PSZ-HP
3413,5,large_hotel,0,DistrictHeating,PTAC with baseboard district hot water
3414,107,small_hotel,0,Propane,Residential AC with residential forced air furnace
3415,39,large_office,0,NaturalGas,PVAV with gas boiler reheat
3416,29,medium_office,1,Electricity,PSZ-HP
3417,29,medium_office,1,FuelOil,PSZ-AC with gas boiler
3418,14,retail,0,Electricity,PSZ-HP
3419,32,small_office,1,NaturalGas,PVAV with gas heat with electric reheat
3420,109,large_hotel,0,Electricity,PTAC with electric coil
3421,33,full_service_restaurant,1,Electricity,PSZ-AC with electric coil
3422,39,large_hotel,0,NaturalGas,PTAC with gas coil
3423,42,full_service_restaurant,1,NaturalGas,PSZ-AC with gas coil
3424,48,warehouse,0,Propane,PSZ-AC with gas coil
3425,107,medium_office,0,NaturalGas,PVAV with gas heat with electric reheat
3426,24,warehouse,1,FuelOil,PSZ-AC with gas coil
3427,18,secondary_school,1,NaturalGas,VAV chiller with gas boiler reheat
3428,22,primary_school,0,Electricity,PVAV with PFP boxes
3429,13,secondary_school,0,NaturalGas,DOAS with fan coil air-cooled chiller with boiler
3430,42,full_service_restaurant,0,Propane,PSZ-AC with gas coil
3431,7,warehouse,1,Electricity,PSZ-AC with electric coil
3432,104,large_hotel,0,Electricity,PTAC with electric coil
3433,108,medium_office,0,NaturalGas,PSZ-AC with gas coil
3434,106,grocery,0,NaturalGas,PSZ-AC with gas coil
3435,26,primary_school,1,NaturalGas,PSZ-AC with gas boiler
3436,28,primary_school,1,NaturalGas,PSZ-AC with gas coil
3437,107,quick_service_restaurant,0,Electricity,PSZ-HP
3438,17,small_office,1,NaturalGas,PVAV with gas boiler reheat
3439,102,large_hotel,0,NaturalGas,PTAC with gas coil
3440,47,small_office,1,FuelOil,PSZ-AC with gas coil
3441,105,full_service_restaurant,1,Electricity,PSZ-AC with electric coil
3442,2,warehouse,0,Propane,PSZ-AC with gas coil
3443,5,primary_school,0,Electricity,PSZ-HP
3444,16,large_hotel,0,Electricity,PTHP
3445,27,retail,1,Propane,PSZ-AC with gas coil
3446,19,large_office,1,DistrictHeating,VAV chiller with district hot water reheat
3447,49,small_office,0,Propane,PSZ-AC with gas coil
3448,24,small_office,1,Electricity,PVAV with PFP boxes
3449,26,outpatient,0,NaturalGas,PSZ-AC with gas coil
3450,109,small_hotel,0,Electricity,PTHP
3451,102,primary_school,0,NaturalGas,PSZ-AC with gas coil
3452,2,grocery,1,NaturalGas,PSZ-AC with gas coil
3453,17,warehouse,0,Propane,PSZ-AC with gas coil
3454,12,medium_office,0,NaturalGas,PVAV with gas boiler reheat
3455,39,outpatient,0,NaturalGas,PSZ-AC with gas coil
3456,103,medium_office,1,NaturalGas,PVAV with gas heat with electric reheat
3457,19,primary_school,1,Electricity,PVAV with PFP boxes
3458,24,retail,1,Propane,PSZ-AC with gas coil
3459,9,small_office,1,NaturalGas,PVAV with gas boiler reheat
3460,30,large_hotel,0,NaturalGas,PTAC with gas coil
3461,5,full_service_restaurant,1,Electricity,PSZ-HP
3462,46,strip_mall,0,Electricity,PSZ-AC with electric coil
3463,2,large_hotel,0,NaturalGas,PTAC with gas coil
3464,29,secondary_school,0,NaturalGas,DOAS with fan coil air-cooled chiller with boiler
3465,13,quick_service_restaurant,0,Electricity,PTAC with electric coil
3466,19,outpatient,0,Electricity,PSZ-HP
3467,37,medium_office,0,NaturalGas,PSZ-AC with gas coil
3468,20,small_office,1,NaturalGas,Residential AC with residential forced air furnace
3469,103,medium_office,1,NaturalGas,PSZ-AC with gas coil
3470,18,primary_school,0,NaturalGas,PVAV with gas heat with electric reheat
3471,4,small_office,1,Electricity,PSZ-HP
3472,36,large_hotel,0,DistrictHeating,PTAC with baseboard district hot water
3473,5,large_hotel,0,NaturalGas,PTAC with gas boiler
3474,29,retail,0,Electricity,PTAC with electric coil
3475,48,large_hotel,0,DistrictHeating,PTAC with baseboard district hot water
3476,18,primary_school,1,Electricity,PVAV with PFP boxes
3477,38,primary_school,1,Electricity,DOAS with water source heat pumps with ground source heat pump
3478,0,small_office,0,DistrictHeating,VAV chiller with district hot water reheat
3479,32,quick_service_restaurant,0,Propane,PSZ-AC with gas coil
3480,13,quick_service_restaurant,0,Propane,PSZ-AC with gas coil
3481,13,small_office,1,Propane,PSZ-AC with gas coil
3482,108,warehouse,0,Propane,PSZ-AC with gas coil
3483,13,quick_service_restaurant,0,Electricity,PSZ-HP
3484,32,warehouse,1,Electricity,PVAV with PFP boxes
3485,34,small_office,1,Electricity,PVAV with PFP boxes
3486,10,large_hotel,1,Electricity,PTAC with electric coil
3487,24,large_hotel,0,FuelOil,PTAC with gas coil
3488,8,medium_office,1,NaturalGas,PVAV with gas boiler reheat
3489,6,grocery,0,Electricity,PSZ-AC with electric coil
3490,12,medium_office,1,NaturalGas,PVAV with gas heat with electric reheat
3491,14,small_office,1,Electricity,PVAV with PFP boxes
3492,16,grocery,1,Electricity,PSZ-AC with electric coil
3493,43,quick_service_restaurant,0,Electricity,PSZ-AC with electric coil
3494,33,primary_school,1,NaturalGas,PVAV with gas heat with electric reheat
3495,14,retail,1,Electricity,PSZ-AC with electric coil
3496,2,large_hotel,0,Electricity,PTHP
3497,7,small_office,1,Electricity,PVAV with PFP boxes
3498,42,full_service_restaurant,0,Electricity,PSZ-AC with electric coil
3499,100,large_hotel,0,NaturalGas,PTAC with gas coil
3500,2,warehouse,1,Electricity,PVAV with PFP boxes
3501,32,medium_office,1,Electricity,PSZ-HP
3502,35,full_service_restaurant,0,Electricity,PSZ-AC with electric coil
3503,5,medium_office,1,NaturalGas,PSZ-AC with gas coil
3504,34,small_office,1,NaturalGas,PVAV with gas heat with electric reheat
3505,6,quick_service_restaurant,0,Electricity,PSZ-HP
3506,105,primary_school,1,Electricity,PVAV with PFP boxes
3507,0,small_office,0,DistrictHeating,PSZ-AC with district hot water
3508,107,large_hotel,0,Electricity,PTHP
3509,100,retail,1,Electricity,PSZ-AC with electric coil
3510,14,small_office,0,Electricity,PTAC with electric coil
3511,2,medium_office,0,NaturalGas,PSZ-AC with gas coil
3512,109,small_office,1,Electricity,PSZ-AC with electric coil
3513,104,primary_school,1,NaturalGas,PSZ-AC with gas coil
3514,8,primary_school,1,NaturalGas,VAV chiller with gas boiler reheat
3515,100,full_service_restaurant,0,DistrictHeating,VAV district chilled water with district hot water reheat
3516,38,small_office,0,DistrictHeating,VAV district chilled water with district hot water reheat
3517,16,retail,1,Electricity,PSZ-AC with electric coil
3518,104,small_hotel,0,NaturalGas,PTAC with gas boiler
3519,22,outpatient,0,Electricity,PSZ-HP
3520,8,primary_school,0,NaturalGas,PSZ-AC with gas coil
3521,39,primary_school,1,NaturalGas,PVAV with gas heat with electric reheat
3522,32,secondary_school,0,Electricity,PSZ-AC with electric coil
3523,105,small_office,1,NaturalGas,Residential AC with residential forced air furnace
3524,6,large_office,0,Electricity,VAV chiller with PFP boxes
3525,100,medium_office,0,NaturalGas,PSZ-AC with gas coil
3526,39,primary_school,1,NaturalGas,VAV air-cooled chiller with gas boiler reheat
3527,33,warehouse,1,Electricity,PVAV with PFP boxes
3528,32,outpatient,0,Electricity,PSZ-AC with electric coil
3529,17,medium_office,0,NaturalGas,PVAV with gas heat with electric reheat
3530,10,medium_office,1,FuelOil,PSZ-AC with gas boiler
3531,16,strip_mall,0,Propane,PSZ-AC with gas coil
3532,108,small_hotel,0,Electricity,PTHP
3533,108,strip_mall,1,Electricity,PSZ-AC with electric coil
3534,108,large_hotel,0,Electricity,PTAC with electric coil
3535,14,warehouse,1,Electricity,PSZ-AC with electric coil
3536,10,strip_mall,1,Electricity,PSZ-AC with electric coil
3537,48,large_office,0,DistrictHeating,PVAV with district hot water reheat
3538,29,secondary_school,1,NaturalGas,VAV air-cooled chiller with gas boiler reheat
3539,1,retail,0,Electricity,PSZ-AC with electric coil
3540,26,large_hotel,0,NaturalGas,PTAC with gas coil
3541,26,small_office,0,Electricity,PTAC with electric coil
3542,108,secondary_school,0,Electricity,PSZ-AC with electric coil
3543,8,quick_service_restaurant,0,Propane,PSZ-AC with gas coil
3544,11,small_office,1,Electricity,PVAV with PFP boxes
3545,26,small_office,1,NaturalGas,PVAV with gas boiler reheat
3546,31,medium_office,1,NaturalGas,PVAV with gas boiler reheat
3547,39,small_office,0,Electricity,PTHP
3548,20,primary_school,1,NaturalGas,PSZ-AC with gas coil
3549,19,warehouse,1,Propane,PSZ-AC with gas coil
3550,109,grocery,1,NaturalGas,PSZ-AC with gas coil
3551,33,secondary_school,0,Electricity,PSZ-AC with electric coil
3552,41,small_office,0,NaturalGas,PSZ-AC with gas coil
3553,4,small_office,1,NaturalGas,PVAV with gas boiler reheat
3554,10,medium_office,1,Electricity,PSZ-HP
3555,24,small_office,1,Propane,PSZ-AC with gas coil
3556,48,full_service_restaurant,0,DistrictHeating,VAV district chilled water with district hot water reheat
3557,33,primary_school,0,NaturalGas,PSZ-AC with gas coil
3558,0,medium_office,1,NaturalGas,PVAV with gas heat with electric reheat
3559,2,strip_mall,2,Electricity,PVAV with PFP boxes
3560,34,medium_office,1,Electricity,PVAV with PFP boxes
3561,107,large_hotel,0,NaturalGas,PTAC with gas coil
3562,47,retail,1,Propane,PSZ-AC with gas coil
3563,22,retail,1,Propane,PSZ-AC with gas coil
3564,29,warehouse,1,FuelOil,PSZ-AC with gas coil
3565,3,small_office,0,Electricity,PSZ-HP
3566,31,large_hotel,0,NaturalGas,PTAC with gas boiler
3567,21,retail,0,Propane,Residential AC with residential forced air furnace
3568,107,medium_office,1,Electricity,VAV chiller with PFP boxes
3569,44,warehouse,0,Electricity,PSZ-AC with electric coil
3570,15,secondary_school,0,NaturalGas,PSZ-AC with gas boiler
3571,0,small_hotel,0,NaturalGas,PTAC with gas boiler
3572,37,large_hotel,0,NaturalGas,PTAC with gas coil
3573,20,small_hotel,0,Propane,Residential AC with residential forced air furnace
3574,108,warehouse,1,NaturalGas,PSZ-AC with gas coil
3575,24,small_hotel,0,NaturalGas,Residential AC with residential forced air furnace
3576,5,large_hotel,0,NaturalGas,PTAC with gas coil
3577,9,outpatient,1,Electricity,PVAV with PFP boxes
3578,11,small_office,1,Electricity,PSZ-HP
3579,106,large_hotel,0,Electricity,PTAC with electric coil
3580,18,full_service_restaurant,1,Propane,PSZ-AC with gas coil
3581,8,warehouse,0,DistrictHeating,DOAS with fan coil air-cooled chiller with district hot water
3582,8,small_office,1,NaturalGas,PVAV with gas boiler reheat
3583,11,quick_service_restaurant,0,Electricity,PSZ-HP
3584,108,strip_mall,2,NaturalGas,PSZ-AC with gas coil
3585,8,medium_office,0,DistrictHeating,VAV chiller with district hot water reheat
3586,39,large_hotel,1,Electricity,PTAC with electric coil
3587,16,medium_office,0,NaturalGas,PVAV with gas boiler reheat
3588,26,warehouse,0,Propane,Residential AC with residential forced air furnace
3589,28,small_office,1,Electricity,PSZ-AC with electric coil
3590,27,primary_school,0,Electricity,PVAV with PFP boxes
3591,20,large_hotel,0,Propane,PTAC with gas boiler
3592,16,full_service_restaurant,0,Electricity,PSZ-HP
3593,40,full_service_restaurant,1,NaturalGas,PVAV with gas heat with electric reheat
3594,8,large_office,1,Electricity,PVAV with PFP boxes
3595,29,secondary_school,0,NaturalGas,VAV air-cooled chiller with gas boiler reheat
3596,0,small_office,0,Propane,Residential AC with residential forced air furnace
3597,33,small_office,1,NaturalGas,Residential AC with residential forced air furnace
3598,32,outpatient,0,Electricity,PSZ-HP
3599,18,quick_service_restaurant,0,NaturalGas,Residential AC with residential forced air furnace
3600,42,strip_mall,0,NaturalGas,Residential AC with residential forced air furnace
3601,32,full_service_restaurant,1,Propane,PSZ-AC with gas coil
3602,29,primary_school,1,NaturalGas,DOAS with fan coil air-cooled chiller with boiler
3603,31,warehouse,0,Electricity,PSZ-HP
3604,30,large_office,1,DistrictHeating,VAV chiller with district hot water reheat
3605,30,medium_office,1,Electricity,PSZ-HP
3606,37,large_hotel,0,NaturalGas,PTAC with gas boiler
3607,13,secondary_school,0,NaturalGas,PTAC with gas boiler
3608,27,small_office,0,Electricity,PTHP
3609,49,warehouse,1,NaturalGas,PVAV with gas heat with electric reheat
3610,17,quick_service_restaurant,0,NaturalGas,Residential AC with residential forced air furnace
3611,40,medium_office,0,NaturalGas,PVAV with gas boiler reheat
3612,101,small_office,0,Electricity,PTHP
3613,28,quick_service_restaurant,0,Electricity,PSZ-HP
3614,106,strip_mall,0,Propane,PSZ-AC with gas coil
3615,9,medium_office,0,NaturalGas,DOAS with fan coil air-cooled chiller with boiler
3616,10,warehouse,1,Electricity,PVAV with PFP boxes
3617,10,secondary_school,0,NaturalGas,PTAC with gas boiler
3618,106,primary_school,0,NaturalGas,PSZ-AC with gas coil
3619,25,retail,0,Electricity,PTAC with electric coil
3620,36,warehouse,0,Electricity,PTAC with electric coil
3621,20,secondary_school,0,NaturalGas,PTAC with gas boiler
3622,107,primary_school,1,NaturalGas,PSZ-AC with gas coil
3623,35,strip_mall,1,NaturalGas,PSZ-AC with gas coil
3624,36,medium_office,0,Electricity,PSZ-AC with electric coil
3625,15,medium_office,1,NaturalGas,PVAV with gas boiler reheat
3626,48,medium_office,0,NaturalGas,PSZ-AC with gas boiler
3627,48,medium_office,0,NaturalGas,DOAS with fan coil air-cooled chiller with boiler
3628,22,secondary_school,1,NaturalGas,VAV chiller with gas boiler reheat
3629,104,primary_school,1,Electricity,PVAV with PFP boxes
3630,30,quick_service_restaurant,0,Electricity,PSZ-HP
3631,37,grocery,0,NaturalGas,PSZ-AC with gas coil
3632,16,medium_office,0,Electricity,PVAV with PFP boxes
3633,25,full_service_restaurant,1,Electricity,PSZ-AC with electric coil
3634,5,small_office,0,Propane,Residential AC with residential forced air furnace
3635,48,large_hotel,0,Electricity,PTHP
3636,106,primary_school,1,NaturalGas,PSZ-AC with gas coil
3637,30,primary_school,1,NaturalGas,DOAS with fan coil air-cooled chiller with boiler
3638,7,retail,0,Electricity,PTAC with electric coil
3639,42,quick_service_restaurant,0,NaturalGas,PSZ-AC with gas coil
3640,13,large_office,1,Electricity,VAV chiller with PFP boxes
3641,7,warehouse,1,NaturalGas,PSZ-AC with gas coil
3642,1,small_office,1,Electricity,PVAV with PFP boxes
3643,105,full_service_restaurant,1,Electricity,PVAV with PFP boxes
3644,22,secondary_school,1,NaturalGas,VAV air-cooled chiller with gas boiler reheat
3645,9,secondary_school,0,NaturalGas,PTAC with gas boiler
3646,23,retail,0,NaturalGas,Residential AC with residential forced air furnace
3647,40,grocery,0,Electricity,PSZ-AC with electric coil
3648,35,retail,0,NaturalGas,Residential AC with residential forced air furnace
3649,18,large_office,0,Electricity,PVAV with PFP boxes
3650,36,small_office,1,FuelOil,PSZ-AC with gas coil
3651,20,small_office,0,Electricity,PTHP
3652,4,grocery,0,NaturalGas,PSZ-AC with gas coil
3653,9,primary_school,0,Electricity,PSZ-AC with electric coil
3654,29,secondary_school,1,NaturalGas,PVAV with gas boiler reheat
3655,30,primary_school,1,FuelOil,PVAV with gas boiler reheat
3656,37,grocery,1,Electricity,PSZ-AC with electric coil
3657,27,outpatient,0,NaturalGas,PSZ-AC with gas coil
3658,11,small_hotel,0,Electricity,PTHP
3659,13,large_hotel,0,NaturalGas,DOAS with water source heat pumps cooling tower with boiler
3660,106,medium_office,1,NaturalGas,PSZ-AC with gas coil
3661,6,quick_service_restaurant,0,Electricity,PTAC with electric coil
3662,40,outpatient,1,Electricity,PSZ-AC with electric coil
3663,25,primary_school,1,NaturalGas,DOAS with fan coil air-cooled chiller with boiler
3664,105,primary_school,1,NaturalGas,VAV chiller with gas boiler reheat
3665,48,quick_service_restaurant,0,NaturalGas,Residential AC with residential forced air furnace
3666,28,strip_mall,2,Electricity,PVAV with PFP boxes
3667,101,warehouse,0,NaturalGas,Residential AC with residential forced air furnace
3668,105,medium_office,0,Electricity,PSZ-AC with electric coil
3669,21,small_hotel,0,Electricity,PTAC with electric coil
3670,100,quick_service_restaurant,0,NaturalGas,PSZ-AC with gas coil
3671,16,large_hotel,0,NaturalGas,PTAC with gas boiler
3672,9,outpatient,2,Electricity,PVAV with PFP boxes
3673,1,large_hotel,0,Electricity,PTAC with electric coil
3674,4,large_office,1,Electricity,PVAV with PFP boxes
3675,46,warehouse,0,Propane,PSZ-AC with gas coil
3676,1,secondary_school,0,NaturalGas,PSZ-AC with gas coil
3677,25,small_office,1,NaturalGas,Residential AC with residential forced air furnace
3678,33,medium_office,0,NaturalGas,PVAV with gas heat with electric reheat
3679,15,strip_mall,2,NaturalGas,PSZ-AC with gas coil
3680,22,large_hotel,1,Electricity,DOAS with fan coil chiller with baseboard electric
3681,9,large_office,1,NaturalGas,VAV air-cooled chiller with gas boiler reheat
3682,32,secondary_school,0,NaturalGas,PSZ-AC with gas coil
3683,0,large_office,0,DistrictHeating,VAV district chilled water with district hot water reheat
3684,101,medium_office,0,Electricity,PSZ-AC with electric coil
3685,28,medium_office,1,DistrictHeating,VAV district chilled water with district hot water reheat
3686,19,retail,1,Propane,PSZ-AC with gas coil
3687,30,quick_service_restaurant,0,NaturalGas,Residential AC with residential forced air furnace
3688,18,strip_mall,1,NaturalGas,Residential AC with residential forced air furnace
3689,26,warehouse,0,DistrictHeating,DOAS with fan coil air-cooled chiller with district hot water
3690,102,medium_office,0,Electricity,PSZ-AC with electric coil
3691,22,outpatient,1,Electricity,PVAV with PFP boxes
3692,36,secondary_school,0,FuelOil,PSZ-AC with gas boiler
3693,0,medium_office,1,Electricity,PSZ-HP
3694,101,grocery,1,NaturalGas,PSZ-AC with gas coil
3695,105,secondary_school,1,Electricity,PTHP
3696,8,medium_office,1,Electricity,VAV chiller with PFP boxes
3697,37,full_service_restaurant,0,DistrictHeating,VAV district chilled water with district hot water reheat
3698,103,grocery,0,NaturalGas,PSZ-AC with gas coil
3699,4,small_hotel,0,NaturalGas,Residential AC with residential forced air furnace
3700,22,large_office,0,NaturalGas,VAV chiller with gas boiler reheat
3701,29,large_hotel,0,DistrictHeating,PTAC with baseboard district hot water
3702,22,secondary_school,0,NaturalGas,VAV air-cooled chiller with gas boiler reheat
3703,37,secondary_school,0,Electricity,PSZ-AC with electric coil
3704,3,large_hotel,0,NaturalGas,PTAC with gas boiler
3705,107,grocery,1,Electricity,PSZ-AC with electric coil
3706,19,large_office,0,NaturalGas,PVAV with gas heat with electric reheat
3707,28,small_office,0,Propane,Residential AC with residential forced air furnace
3708,49,medium_office,0,NaturalGas,PVAV with gas boiler reheat
3709,35,small_office,1,NaturalGas,PVAV with gas heat with electric reheat
3710,18,medium_office,0,NaturalGas,PSZ-AC with gas boiler
3711,31,medium_office,0,NaturalGas,PSZ-AC with gas coil
3712,22,large_office,0,NaturalGas,PVAV with gas boiler reheat
3713,107,medium_office,0,Electricity,PSZ-AC with electric coil
3714,102,warehouse,0,NaturalGas,Residential AC with residential forced air furnace
3715,103,grocery,1,NaturalGas,PSZ-AC with gas coil
3716,37,small_office,0,Propane,Residential AC with residential forced air furnace
3717,30,medium_office,1,FuelOil,PSZ-AC with gas boiler
3718,48,medium_office,0,NaturalGas,DOAS with fan coil chiller with boiler
3719,7,small_hotel,0,Electricity,PTHP
3720,27,medium_office,0,NaturalGas,PVAV with gas heat with electric reheat
3721,101,small_office,1,NaturalGas,PVAV with gas heat with electric reheat
3722,29,full_service_restaurant,1,Propane,PSZ-AC with gas coil
3723,36,large_hotel,0,Electricity,PTHP
3724,24,medium_office,0,DistrictHeating,VAV chiller with district hot water reheat
3725,39,outpatient,0,Electricity,PSZ-HP
3726,40,primary_school,1,NaturalGas,VAV air-cooled chiller with gas boiler reheat
3727,38,retail,1,Propane,PSZ-AC with gas coil
3728,24,quick_service_restaurant,0,Electricity,PSZ-HP
3729,9,grocery,0,Propane,Residential AC with residential forced air furnace
3730,12,medium_office,1,NaturalGas,VAV chiller with gas boiler reheat
3731,110,small_office,0,Electricity,PSZ-AC with electric coil
3732,23,secondary_school,0,NaturalGas,PSZ-AC with gas coil
3733,15,large_hotel,0,DistrictHeating,DOAS with fan coil district chilled water with district hot water
3734,10,secondary_school,0,DistrictHeating,VAV district chilled water with district hot water reheat
3735,103,large_hotel,0,Electricity,PTHP
3736,101,small_hotel,0,NaturalGas,PTAC with gas boiler
3737,106,medium_office,1,NaturalGas,PVAV with gas heat with electric reheat
3738,101,medium_office,0,Electricity,PVAV with PFP boxes
3739,102,secondary_school,0,NaturalGas,PSZ-AC with gas coil
3740,37,warehouse,0,Propane,Residential AC with residential forced air furnace
3741,101,large_office,0,Electricity,VAV chiller with PFP boxes
3742,41,warehouse,0,NaturalGas,PSZ-AC with gas coil
3743,32,warehouse,1,Propane,PSZ-AC with gas coil
3744,46,retail,0,Propane,PSZ-AC with gas coil
3745,34,small_office,1,Electricity,PSZ-HP
3746,105,small_hotel,0,NaturalGas,PTAC with gas boiler
3747,47,secondary_school,0,FuelOil,PSZ-AC with gas boiler
3748,16,grocery,0,Electricity,PSZ-AC with electric coil
3749,4,small_office,1,Propane,PSZ-AC with gas coil
3750,32,grocery,1,Electricity,PSZ-AC with electric coil
3751,45,small_office,1,Electricity,PSZ-HP
3752,36,outpatient,0,Electricity,PSZ-HP
3753,27,medium_office,0,Electricity,PSZ-AC with electric coil
3754,29,strip_mall,2,Electricity,PVAV with PFP boxes
3755,45,warehouse,0,Electricity,PTAC with electric coil
3756,4,medium_office,0,DistrictHeating,VAV chiller with district hot water reheat
3757,24,secondary_school,0,DistrictHeating,Baseboard district hot water
3758,0,secondary_school,0,NaturalGas,PVAV with gas heat with electric reheat
3759,25,primary_school,1,NaturalGas,DOAS with water source heat pumps cooling tower with boiler
3760,13,large_hotel,0,Propane,PTAC with gas coil
3761,108,medium_office,1,NaturalGas,PVAV with gas boiler reheat
3762,48,warehouse,0,Electricity,PTAC with electric coil
3763,46,retail,0,Electricity,PSZ-HP
3764,29,medium_office,0,NaturalGas,PSZ-AC with gas boiler
3765,6,warehouse,0,DistrictHeating,DOAS with fan coil air-cooled chiller with district hot water
3766,15,retail,0,Electricity,PSZ-HP
3767,41,retail,1,Electricity,PSZ-AC with electric coil
3768,11,grocery,1,NaturalGas,PSZ-AC with gas coil
3769,101,large_hotel,1,Electricity,PTAC with electric coil
3770,4,full_service_restaurant,1,NaturalGas,PVAV with gas heat with electric reheat
3771,105,medium_office,1,Electricity,VAV chiller with PFP boxes
3772,103,small_hotel,0,Electricity,PTHP
3773,16,primary_school,1,Electricity,PVAV with PFP boxes
3774,12,primary_school,1,Electricity,DOAS with water source heat pumps with ground source heat pump
3775,22,small_office,1,NaturalGas,PVAV with gas boiler reheat
3776,28,large_office,1,NaturalGas,VAV chiller with gas boiler reheat
3777,27,primary_school,0,Electricity,PSZ-AC with electric coil
3778,38,secondary_school,0,NaturalGas,PSZ-AC with gas boiler
3779,0,medium_office,1,NaturalGas,VAV air-cooled chiller with gas boiler reheat
3780,8,warehouse,1,Propane,PSZ-AC with gas coil
3781,29,quick_service_restaurant,0,NaturalGas,Residential AC with residential forced air furnace
3782,18,full_service_restaurant,1,NaturalGas,PVAV with gas heat with electric reheat
3783,13,large_office,0,DistrictHeating,VAV district chilled water with district hot water reheat
3784,34,primary_school,0,NaturalGas,PSZ-AC with gas coil
3785,13,retail,0,DistrictHeating,PSZ-AC with district hot water
3786,36,full_service_restaurant,1,Electricity,PVAV with PFP boxes
3787,29,large_hotel,0,Electricity,PTHP
3788,18,large_office,0,NaturalGas,PVAV with gas boiler reheat
3789,105,warehouse,0,Propane,PSZ-AC with gas coil
3790,106,secondary_school,0,Electricity,PSZ-AC with electric coil
3791,40,primary_school,1,NaturalGas,VAV chiller with gas boiler reheat
3792,17,medium_office,0,DistrictHeating,DOAS with fan coil district chilled water with district hot water
3793,103,large_hotel,0,NaturalGas,PTAC with gas boiler
3794,22,retail,0,Propane,Residential AC with residential forced air furnace
3795,22,warehouse,0,DistrictHeating,DOAS with fan coil air-cooled chiller with district hot water
3796,8,medium_office,1,Electricity,PSZ-AC with electric coil
3797,20,warehouse,1,Electricity,PSZ-AC with electric coil
3798,103,medium_office,0,Electricity,PSZ-HP
3799,31,retail,0,Propane,PSZ-AC with gas coil
3800,38,quick_service_restaurant,0,NaturalGas,Residential AC with residential forced air furnace
3801,29,small_office,1,FuelOil,PVAV with gas heat with electric reheat
3802,1,small_office,1,NaturalGas,PSZ-AC with gas coil
3803,0,primary_school,1,NaturalGas,VAV air-cooled chiller with gas boiler reheat
3804,3,small_office,0,Electricity,PSZ-AC with electric coil
3805,45,small_office,1,NaturalGas,PSZ-AC with gas coil
3806,18,outpatient,1,NaturalGas,PSZ-AC with gas coil
3807,48,large_office,0,Electricity,VAV chiller with PFP boxes
3808,0,full_service_restaurant,1,Propane,PSZ-AC with gas coil
3809,35,large_hotel,0,NaturalGas,PTAC with gas boiler
3810,38,medium_office,0,NaturalGas,PVAV with gas heat with electric reheat
3811,6,large_office,0,DistrictHeating,VAV district chilled water with district hot water reheat
3812,105,medium_office,0,Electricity,PVAV with PFP boxes
3813,10,secondary_school,1,FuelOil,VAV chiller with gas boiler reheat
3814,40,medium_office,1,NaturalGas,VAV chiller with gas boiler reheat
3815,102,large_office,0,NaturalGas,PVAV with gas boiler reheat
3816,41,warehouse,1,Electricity,PSZ-AC with electric coil
3817,25,large_hotel,0,NaturalGas,DOAS with water source heat pumps cooling tower with boiler
3818,10,medium_office,0,NaturalGas,PVAV with gas boiler reheat
3819,105,quick_service_restaurant,0,Electricity,PSZ-HP
3820,48,small_office,1,Electricity,PVAV with PFP boxes
3821,36,large_office,0,DistrictHeating,VAV district chilled water with district hot water reheat
3822,36,outpatient,0,Electricity,PSZ-AC with electric coil
3823,43,quick_service_restaurant,0,NaturalGas,PSZ-AC with gas coil
3824,100,full_service_restaurant,0,FuelOil,PSZ-AC with gas coil
3825,9,full_service_restaurant,1,Propane,PSZ-AC with gas coil
3826,17,medium_office,1,Electricity,PSZ-AC with electric coil
3827,39,medium_office,1,DistrictHeating,VAV district chilled water with district hot water reheat
3828,107,medium_office,0,Electricity,PVAV with PFP boxes
3829,14,small_office,1,Electricity,PSZ-AC with electric coil
3830,103,small_office,0,NaturalGas,Residential AC with residential forced air furnace
3831,24,small_office,1,FuelOil,Residential AC with residential forced air furnace
3832,30,secondary_school,0,Electricity,PSZ-AC with electric coil
3833,13,secondary_school,0,NaturalGas,VAV air-cooled chiller with gas boiler reheat
3834,31,strip_mall,2,NaturalGas,PSZ-AC with gas coil
3835,30,small_office,0,Electricity,PTHP
3836,25,warehouse,0,Propane,Residential AC with residential forced air furnace
3837,26,small_office,1,Electricity,PSZ-AC with electric coil
3838,48,large_office,0,NaturalGas,DOAS with water source heat pumps cooling tower with boiler
3839,38,large_hotel,1,Electricity,PTAC with electric coil
3840,26,retail,0,Propane,Residential AC with residential forced air furnace
3841,25,outpatient,0,NaturalGas,PSZ-AC with gas coil
3842,16,large_hotel,0,NaturalGas,PTAC with gas coil
3843,39,primary_school,1,Electricity,DOAS with water source heat pumps with ground source heat pump
3844,17,strip_mall,1,NaturalGas,Residential AC with residential forced air furnace
3845,31,large_hotel,0,NaturalGas,PTAC with gas coil
3846,101,large_hotel,0,Electricity,DOAS with water source heat pumps with ground source heat pump
3847,39,large_hotel,0,DistrictHeating,DOAS with fan coil district chilled water with district hot water
3848,38,medium_office,1,DistrictHeating,PSZ-AC with district hot water
3849,16,grocery,0,NaturalGas,PSZ-AC with gas coil
3850,20,secondary_school,0,NaturalGas,VAV air-cooled chiller with gas boiler reheat
3851,29,primary_school,0,FuelOil,PSZ-AC with gas coil
3852,23,quick_service_restaurant,0,Electricity,PSZ-AC with electric coil
3853,41,small_hotel,0,Electricity,PTAC with electric coil
3854,46,small_office,0,FuelOil,Residential AC with residential forced air furnace
3855,9,large_office,0,NaturalGas,PVAV with gas boiler reheat
3856,47,strip_mall,0,FuelOil,PSZ-AC with gas coil
3857,107,outpatient,0,NaturalGas,PSZ-AC with gas coil
3858,34,large_hotel,0,Electricity,PTAC with electric coil
3859,15,small_office,1,NaturalGas,Residential AC with residential forced air furnace
3860,48,warehouse,1,FuelOil,PSZ-AC with gas coil
3861,104,small_office,1,NaturalGas,PVAV with gas heat with electric reheat
3862,39,secondary_school,0,NaturalGas,PTAC with gas boiler
3863,29,secondary_school,0,NaturalGas,PVAV with gas heat with electric reheat
3864,30,secondary_school,0,NaturalGas,PVAV with gas heat with electric reheat
3865,23,small_office,1,NaturalGas,PSZ-AC with gas coil
3866,38,large_hotel,0,NaturalGas,DOAS with water source heat pumps cooling tower with boiler
3867,35,retail,0,Propane,PSZ-AC with gas coil
3868,28,large_hotel,0,DistrictHeating,PTAC with baseboard district hot water
3869,36,medium_office,1,DistrictHeating,VAV district chilled water with district hot water reheat
3870,102,small_office,1,NaturalGas,Residential AC with residential forced air furnace
3871,5,small_office,1,NaturalGas,PVAV with gas heat with electric reheat
3872,2,secondary_school,0,NaturalGas,PVAV with gas heat with electric reheat
3873,7,strip_mall,2,Electricity,PVAV with PFP boxes
3874,30,large_hotel,0,DistrictHeating,DOAS with fan coil district chilled water with district hot water
3875,18,large_office,1,Electricity,VAV chiller with PFP boxes
3876,24,medium_office,1,FuelOil,PSZ-AC with gas boiler
3877,27,secondary_school,0,NaturalGas,PSZ-AC with gas boiler
3878,4,secondary_school,0,NaturalGas,PSZ-AC with gas boiler
3879,34,retail,0,NaturalGas,Residential AC with residential forced air furnace
3880,34,warehouse,0,Electricity,PTAC with electric coil
3881,13,outpatient,1,NaturalGas,PSZ-AC with gas coil
3882,30,retail,0,Electricity,PTHP
3883,28,large_hotel,0,Electricity,PTAC with electric coil
3884,10,quick_service_restaurant,0,FuelOil,Residential forced air furnace
3885,45,retail,0,Electricity,PTAC with electric coil
3886,29,medium_office,1,Electricity,PSZ-AC with electric coil
3887,26,small_office,1,Electricity,PVAV with PFP boxes
3888,36,large_hotel,0,NaturalGas,PTAC with gas boiler
3889,25,primary_school,1,Electricity,PVAV with PFP boxes
3890,33,primary_school,1,Electricity,PVAV with PFP boxes
3891,33,medium_office,1,NaturalGas,PVAV with gas heat with electric reheat
3892,11,quick_service_restaurant,0,Propane,PSZ-AC with gas coil
3893,13,outpatient,0,Electricity,PSZ-AC with electric coil
3894,36,quick_service_restaurant,0,Electricity,PSZ-HP
3895,103,small_office,1,NaturalGas,PSZ-AC with gas coil
3896,41,small_office,1,Electricity,PSZ-AC with electric coil
3897,22,primary_school,0,Electricity,PSZ-HP
3898,9,secondary_school,1,NaturalGas,VAV air-cooled chiller with gas boiler reheat
3899,26,secondary_school,0,NaturalGas,DOAS with fan coil air-cooled chiller with boiler
3900,10,secondary_school,0,DistrictHeating,DOAS with fan coil district chilled water with district hot water
3901,33,large_hotel,0,NaturalGas,DOAS with water source heat pumps cooling tower with boiler
3902,25,medium_office,0,NaturalGas,PSZ-AC with gas boiler
3903,10,small_office,1,NaturalGas,PVAV with gas boiler reheat
3904,101,small_hotel,0,Propane,Residential AC with residential forced air furnace
3905,9,large_hotel,1,Electricity,DOAS with fan coil chiller with baseboard electric
3906,11,outpatient,0,NaturalGas,PSZ-AC with gas coil
3907,100,small_hotel,0,NaturalGas,PTAC with gas boiler
3908,39,large_office,0,DistrictHeating,VAV district chilled water with district hot water reheat
3909,10,large_office,0,NaturalGas,DOAS with water source heat pumps cooling tower with boiler
3910,13,large_hotel,0,Electricity,DOAS with water source heat pumps with ground source heat pump
3911,105,primary_school,1,NaturalGas,VAV air-cooled chiller with gas boiler reheat
3912,34,secondary_school,0,NaturalGas,PSZ-AC with gas boiler
3913,24,small_office,1,Electricity,PSZ-HP
3914,105,large_office,0,NaturalGas,PVAV with gas boiler reheat
3915,30,medium_office,1,Electricity,PSZ-AC with electric coil
3916,16,warehouse,0,Propane,PSZ-AC with gas coil
3917,48,strip_mall,1,Electricity,PSZ-AC with electric coil
3918,37,small_office,0,FuelOil,Residential AC with residential forced air furnace
3919,102,large_hotel,0,Electricity,PTHP
3920,36,retail,0,Propane,PSZ-AC with gas coil
3921,29,small_hotel,0,NaturalGas,Residential AC with residential forced air furnace
3922,18,large_office,0,DistrictHeating,VAV district chilled water with district hot water reheat
3923,17,outpatient,0,Electricity,PSZ-HP
3924,25,warehouse,1,Electricity,PVAV with PFP boxes
3925,106,strip_mall,2,Electricity,PVAV with PFP boxes
3926,17,warehouse,1,Electricity,PVAV with PFP boxes
3927,103,large_hotel,0,NaturalGas,PTAC with gas coil
3928,10,grocery,1,Electricity,PSZ-AC with electric coil
3929,9,secondary_school,0,NaturalGas,DOAS with fan coil air-cooled chiller with boiler
3930,2,full_service_restaurant,1,Electricity,PVAV with PFP boxes
3931,20,medium_office,1,NaturalGas,VAV chiller with gas boiler reheat
3932,106,quick_service_restaurant,0,Electricity,PSZ-HP
3933,26,medium_office,0,NaturalGas,PVAV with gas boiler reheat
3934,24,grocery,1,NaturalGas,PSZ-AC with gas coil
3935,102,small_hotel,0,Propane,Residential AC with residential forced air furnace
3936,48,small_hotel,0,NaturalGas,Residential AC with residential forced air furnace
3937,8,secondary_school,1,NaturalGas,PVAV with gas boiler reheat
3938,20,small_office,0,FuelOil,Residential AC with residential forced air furnace
3939,23,retail,0,Electricity,PSZ-HP
3940,2,large_hotel,0,NaturalGas,PTAC with gas boiler
3941,36,large_hotel,0,DistrictHeating,DOAS with fan coil district chilled water with district hot water
3942,105,primary_school,1,NaturalGas,PVAV with gas heat with electric reheat
3943,40,secondary_school,1,NaturalGas,PVAV with gas heat with electric reheat
3944,18,secondary_school,0,Electricity,PSZ-AC with electric coil
3945,13,primary_school,1,NaturalGas,VAV air-cooled chiller with gas boiler reheat
3946,19,secondary_school,0,FuelOil,PSZ-AC with gas boiler
3947,31,full_service_restaurant,0,Propane,PSZ-AC with gas coil
3948,45,full_service_restaurant,1,Electricity,PSZ-AC with electric coil
3949,47,medium_office,0,DistrictHeating,VAV chiller with district hot water reheat
3950,4,large_hotel,0,DistrictHeating,DOAS with fan coil district chilled water with district hot water
3951,41,medium_office,1,Electricity,PVAV with PFP boxes
3952,20,primary_school,1,NaturalGas,PVAV with gas boiler reheat
3953,23,primary_school,0,NaturalGas,PSZ-AC with gas coil
3954,32,full_service_restaurant,0,DistrictHeating,VAV district chilled water with district hot water reheat
3955,38,small_office,0,Propane,PSZ-AC with gas coil
3956,102,medium_office,1,Electricity,VAV chiller with PFP boxes
3957,107,medium_office,1,Electricity,PSZ-AC with electric coil
3958,20,large_office,1,Electricity,VAV chiller with PFP boxes
3959,30,primary_school,1,FuelOil,PSZ-AC with gas boiler
3960,3,full_service_restaurant,0,Propane,PSZ-AC with gas coil
3961,25,large_office,0,NaturalGas,PVAV with gas heat with electric reheat
3962,9,warehouse,0,DistrictHeating,DOAS with fan coil chiller with district hot water
3963,29,medium_office,1,Electricity,VAV chiller with PFP boxes
3964,11,strip_mall,2,Electricity,PVAV with PFP boxes
3965,10,large_hotel,0,FuelOil,PTAC with gas boiler
3966,48,small_office,1,NaturalGas,Residential AC with residential forced air furnace
3967,15,full_service_restaurant,0,Electricity,PSZ-HP
3968,19,large_office,1,DistrictHeating,VAV district chilled water with district hot water reheat
3969,38,large_office,0,DistrictHeating,VAV district chilled water with district hot water reheat
3970,105,outpatient,0,NaturalGas,PSZ-AC with gas coil
3971,11,primary_school,1,NaturalGas,PSZ-AC with gas coil
3972,0,primary_school,1,NaturalGas,PSZ-AC with gas boiler
3973,35,retail,1,Electricity,PSZ-AC with electric coil
3974,3,small_office,1,NaturalGas,PSZ-AC with gas coil
3975,6,retail,0,Propane,PSZ-AC with gas coil
3976,34,full_service_restaurant,1,Propane,PSZ-AC with gas coil
3977,6,primary_school,0,Electricity,PSZ-AC with electric coil
3978,48,primary_school,1,FuelOil,PSZ-AC with gas boiler
3979,0,medium_office,1,Electricity,PSZ-AC with electric coil
3980,35,strip_mall,2,NaturalGas,PSZ-AC with gas coil
3981,48,secondary_school,1,FuelOil,VAV chiller with gas boiler reheat
3982,25,small_office,1,FuelOil,PSZ-AC with gas coil
3983,39,warehouse,0,Electricity,PTHP
3984,16,quick_service_restaurant,0,NaturalGas,Residential AC with residential forced air furnace
3985,101,large_office,0,DistrictHeating,VAV district chilled water with district hot water reheat
3986,30,large_office,0,NaturalGas,PVAV with gas heat with electric reheat
3987,26,warehouse,0,Electricity,PSZ-HP
3988,0,primary_school,1,NaturalGas,PSZ-AC with gas coil
3989,35,small_hotel,0,Electricity,PTHP
3990,38,medium_office,1,Electricity,PSZ-HP
3991,101,medium_office,1,Electricity,VAV chiller with PFP boxes
3992,23,strip_mall,1,NaturalGas,PSZ-AC with gas coil
3993,107,secondary_school,0,Electricity,DOAS with water source heat pumps with ground source heat pump
3994,38,secondary_school,0,Electricity,PTHP
3995,13,primary_school,1,NaturalGas,PVAV with gas heat with electric reheat
3996,34,primary_school,0,Electricity,PSZ-AC with electric coil
3997,21,warehouse,0,Electricity,PSZ-HP
3998,22,quick_service_restaurant,0,NaturalGas,Residential AC with residential forced air furnace
3999,7,large_hotel,0,Electricity,PTHP
4000,6,secondary_school,1,Electricity,PTHP
4001,34,warehouse,1,NaturalGas,PSZ-AC with gas coil
4002,107,small_office,1,NaturalGas,Residential AC with residential forced air furnace
4003,104,primary_school,1,NaturalGas,VAV chiller with gas boiler reheat
4004,102,primary_school,1,NaturalGas,PSZ-AC with gas coil
4005,29,primary_school,1,NaturalGas,VAV air-cooled chiller with gas boiler reheat
4006,40,secondary_school,0,Electricity,PTHP
4007,30,primary_school,1,NaturalGas,VAV air-cooled chiller with gas boiler reheat
4008,20,large_hotel,0,Propane,PTAC with gas coil
4009,39,retail,0,Electricity,PTAC with electric coil
4010,36,large_office,1,NaturalGas,VAV chiller with gas boiler reheat
4011,30,medium_office,1,Electricity,VAV chiller with PFP boxes
4012,102,full_service_restaurant,0,Propane,PSZ-AC with gas coil
4013,48,full_service_restaurant,0,Propane,PSZ-AC with gas coil
4014,42,retail,1,Electricity,PSZ-AC with electric coil
4015,1,quick_service_restaurant,0,Electricity,PSZ-AC with electric coil
4016,11,secondary_school,0,NaturalGas,PSZ-AC with gas boiler
4017,25,small_office,0,Propane,Residential AC with residential forced air furnace
4018,28,quick_service_restaurant,0,NaturalGas,Residential AC with residential forced air furnace
4019,25,quick_service_restaurant,0,Electricity,PSZ-HP
4020,17,large_hotel,0,NaturalGas,DOAS with water source heat pumps cooling tower with boiler
4021,12,medium_office,0,NaturalGas,PVAV with gas heat with electric reheat
4022,16,medium_office,0,Electricity,PSZ-AC with electric coil
4023,33,medium_office,1,NaturalGas,PSZ-AC with gas coil
4024,2,secondary_school,0,Electricity,PSZ-AC with electric coil
4025,10,primary_school,1,FuelOil,VAV air-cooled chiller with gas boiler reheat
4026,9,small_office,1,Propane,PSZ-AC with gas coil
4027,21,strip_mall,1,NaturalGas,PSZ-AC with gas coil
4028,23,small_hotel,0,Propane,Residential AC with residential forced air furnace
4029,34,full_service_restaurant,1,NaturalGas,PSZ-AC with gas coil
4030,8,full_service_restaurant,1,Electricity,PVAV with PFP boxes
4031,43,retail,1,NaturalGas,PSZ-AC with gas coil
4032,48,medium_office,1,DistrictHeating,VAV district chilled water with district hot water reheat
4033,10,large_office,0,NaturalGas,PVAV with gas heat with electric reheat
4034,47,retail,1,NaturalGas,PSZ-AC with gas coil
4035,101,outpatient,0,NaturalGas,PSZ-AC with gas coil
4036,25,large_office,0,Electricity,VAV chiller with PFP boxes
4037,0,large_office,0,Electricity,PVAV with PFP boxes
4038,101,strip_mall,2,Electricity,PVAV with PFP boxes
4039,18,large_office,0,NaturalGas,VAV chiller with gas boiler reheat
4040,30,large_office,0,NaturalGas,VAV chiller with gas boiler reheat
4041,25,large_office,1,Electricity,PVAV with PFP boxes
4042,48,primary_school,0,FuelOil,PSZ-AC with gas coil
4043,2,medium_office,0,Electricity,PVAV with PFP boxes
4044,47,full_service_restaurant,0,Electricity,PSZ-HP
4045,29,large_office,0,NaturalGas,VAV chiller with gas boiler reheat
4046,26,medium_office,1,Electricity,PSZ-AC with electric coil
4047,100,warehouse,0,Propane,PSZ-AC with gas coil
4048,37,primary_school,1,NaturalGas,VAV air-cooled chiller with gas boiler reheat
4049,32,grocery,1,Propane,PSZ-AC with gas coil
4050,23,strip_mall,2,NaturalGas,PSZ-AC with gas coil
4051,105,grocery,0,Electricity,PSZ-AC with electric coil
4052,33,medium_office,1,NaturalGas,VAV air-cooled chiller with gas boiler reheat
4053,39,large_hotel,0,DistrictHeating,PTAC with baseboard district hot water
4054,11,primary_school,0,NaturalGas,PSZ-AC with gas coil
4055,32,medium_office,1,Electricity,PSZ-AC with electric coil
4056,29,medium_office,0,NaturalGas,DOAS with fan coil air-cooled chiller with boiler
4057,5,large_hotel,0,DistrictHeating,DOAS with fan coil district chilled water with district hot water
4058,108,small_office,0,Propane,PSZ-AC with gas coil
4059,107,retail,0,FuelOil,Residential AC with residential forced air furnace
4060,6,medium_office,0,DistrictHeating,VAV chiller with district hot water reheat
4061,101,full_service_restaurant,0,Propane,PSZ-AC with gas coil
4062,25,secondary_school,0,NaturalGas,PSZ-AC with gas boiler
4063,37,medium_office,1,NaturalGas,PSZ-AC with gas coil
4064,100,full_service_restaurant,0,Electricity,PSZ-HP
4065,48,large_hotel,0,NaturalGas,PTAC with gas boiler
4066,38,large_office,0,Electricity,PVAV with PFP boxes
4067,27,grocery,1,NaturalGas,PSZ-AC with gas coil
4068,30,retail,0,Propane,PSZ-AC with gas coil
4069,23,large_hotel,0,Electricity,PTHP
4070,104,strip_mall,2,Electricity,PVAV with PFP boxes
4071,104,warehouse,0,Propane,PSZ-AC with gas coil
4072,29,warehouse,1,Electricity,PVAV with PFP boxes
4073,34,medium_office,0,Electricity,PSZ-AC with electric coil
4074,4,medium_office,1,NaturalGas,VAV air-cooled chiller with gas boiler reheat
4075,106,primary_school,1,Electricity,PVAV with PFP boxes
4076,11,primary_school,1,Electricity,PVAV with PFP boxes
4077,6,primary_school,1,Electricity,DOAS with water source heat pumps with ground source heat pump
4078,49,small_office,1,Electricity,PVAV with PFP boxes
4079,9,large_office,0,NaturalGas,DOAS with water source heat pumps cooling tower with boiler
4080,39,small_office,0,DistrictHeating,VAV district chilled water with district hot water reheat
4081,102,medium_office,1,Electricity,PSZ-AC with electric coil
4082,4,full_service_restaurant,1,Electricity,PSZ-AC with electric coil
4083,3,retail,0,Electricity,PSZ-AC with electric coil
4084,29,large_hotel,0,NaturalGas,PTAC with gas coil
4085,108,secondary_school,0,NaturalGas,PSZ-AC with gas coil
4086,3,strip_mall,0,NaturalGas,Residential AC with residential forced air furnace
4087,38,grocery,1,Electricity,PSZ-AC with electric coil
4088,9,outpatient,1,Electricity,PSZ-AC with electric coil
4089,1,quick_service_restaurant,0,NaturalGas,PSZ-AC with gas coil
4090,15,medium_office,0,NaturalGas,PVAV with gas boiler reheat
4091,109,small_office,1,Electricity,PSZ-HP
4092,36,warehouse,1,Electricity,PSZ-AC with electric coil
4093,24,strip_mall,1,Electricity,PSZ-AC with electric coil
4094,12,grocery,0,NaturalGas,PSZ-AC with gas coil
4095,39,secondary_school,1,NaturalGas,VAV air-cooled chiller with gas boiler reheat
4096,38,secondary_school,0,Electricity,DOAS with water source heat pumps with ground source heat pump
4097,9,small_office,1,FuelOil,PSZ-AC with gas coil
4098,17,outpatient,0,Electricity,PSZ-AC with electric coil
4099,18,quick_service_restaurant,0,Electricity,PSZ-HP
4100,41,retail,0,NaturalGas,PSZ-AC with gas coil
4101,38,medium_office,1,Electricity,PSZ-AC with electric coil
4102,45,full_service_restaurant,1,Electricity,PVAV with PFP boxes
4103,29,large_office,0,NaturalGas,PVAV with gas boiler reheat
4104,46,strip_mall,1,NaturalGas,PSZ-AC with gas coil
4105,100,secondary_school,0,NaturalGas,PSZ-AC with gas coil
4106,11,secondary_school,0,Electricity,PSZ-AC with electric coil
4107,16,secondary_school,0,NaturalGas,PSZ-AC with gas boiler
4108,28,primary_school,0,NaturalGas,PSZ-AC with gas coil
4109,20,primary_school,1,Electricity,DOAS with water source heat pumps with ground source heat pump
4110,4,primary_school,1,NaturalGas,VAV chiller with gas boiler reheat
4111,19,hospital,1,NaturalGas,VAV chiller with gas boiler reheat
4112,8,secondary_school,0,NaturalGas,PSZ-AC with gas boiler
4113,0,small_office,0,DistrictHeating,DOAS with fan coil district chilled water with district hot water
4114,11,warehouse,1,NaturalGas,PVAV with gas heat with electric reheat
4115,107,large_office,0,NaturalGas,VAV chiller with gas boiler reheat
4116,104,medium_office,0,NaturalGas,PVAV with gas heat with electric reheat
4117,18,medium_office,1,NaturalGas,DOAS with water source heat pumps cooling tower with boiler
4118,104,small_office,0,Electricity,PTHP
4119,30,large_office,0,NaturalGas,PVAV with gas boiler reheat
4120,32,large_office,1,Electricity,VAV chiller with PFP boxes
4121,0,warehouse,0,FuelOil,Residential forced air furnace
4122,27,medium_office,1,NaturalGas,VAV air-cooled chiller with gas boiler reheat
4123,45,retail,0,Propane,PSZ-AC with gas coil
4124,102,medium_office,0,Electricity,PVAV with PFP boxes
4125,105,secondary_school,0,Electricity,PTHP
4126,32,medium_office,1,Electricity,VAV chiller with PFP boxes
4127,9,warehouse,1,Propane,PVAV with gas heat with electric reheat
4128,3,warehouse,0,Electricity,PSZ-AC with electric coil
4129,27,medium_office,0,NaturalGas,PVAV with gas boiler reheat
4130,28,small_office,1,NaturalGas,PVAV with gas boiler reheat
4131,36,full_service_restaurant,1,Propane,PSZ-AC with gas coil
4132,10,large_hotel,0,NaturalGas,PTAC with gas boiler
4133,12,large_office,1,Electricity,PVAV with PFP boxes
4134,20,medium_office,0,Electricity,PVAV with PFP boxes
4135,20,small_hotel,0,NaturalGas,Residential AC with residential forced air furnace
4136,30,large_office,0,Electricity,PVAV with PFP boxes
4137,48,large_hotel,0,NaturalGas,DOAS with water source heat pumps cooling tower with boiler
4138,2,secondary_school,0,NaturalGas,PSZ-AC with gas boiler
4139,1,small_office,1,Electricity,PSZ-AC with electric coil
4140,109,small_office,1,NaturalGas,PSZ-AC with gas coil
4141,104,strip_mall,0,Propane,PSZ-AC with gas coil
4142,29,large_office,0,NaturalGas,PVAV with gas heat with electric reheat
4143,29,small_office,0,Electricity,PTHP
4144,10,outpatient,1,NaturalGas,PSZ-AC with gas coil
4145,40,primary_school,0,Electricity,PSZ-AC with electric coil
4146,33,outpatient,0,NaturalGas,PSZ-AC with gas coil
4147,15,grocery,1,NaturalGas,PSZ-AC with gas coil
4148,19,medium_office,1,DistrictHeating,PSZ-AC with district hot water
4149,4,medium_office,1,NaturalGas,PSZ-AC with gas coil
4150,30,medium_office,0,NaturalGas,DOAS with fan coil air-cooled chiller with boiler
4151,25,large_office,0,NaturalGas,VAV chiller with gas boiler reheat
4152,19,outpatient,2,NaturalGas,PVAV with gas boiler reheat
4153,109,full_service_restaurant,1,NaturalGas,PSZ-AC with gas coil
4154,20,warehouse,1,NaturalGas,PVAV with gas heat with electric reheat
4155,6,outpatient,0,Electricity,PSZ-AC with electric coil
4156,30,secondary_school,1,NaturalGas,VAV air-cooled chiller with gas boiler reheat
4157,6,medium_office,1,DistrictHeating,VAV district chilled water with district hot water reheat
4158,36,retail,0,Electricity,PTAC with electric coil
4159,5,medium_office,1,NaturalGas,VAV air-cooled chiller with gas boiler reheat
4160,109,strip_mall,1,Electricity,PSZ-AC with electric coil
4161,107,medium_office,1,Electricity,PSZ-HP
4162,46,warehouse,1,NaturalGas,PSZ-AC with gas coil
4163,25,primary_school,1,NaturalGas,VAV chiller with gas boiler reheat
4164,20,primary_school,0,Electricity,PSZ-AC with electric coil
4165,100,strip_mall,2,NaturalGas,PSZ-AC with gas coil
4166,16,small_hotel,0,NaturalGas,PTAC with gas boiler
4167,17,outpatient,0,NaturalGas,PSZ-AC with gas coil
4168,108,small_office,0,Electricity,PTHP
4169,30,medium_office,0,NaturalGas,PSZ-AC with gas boiler
4170,101,secondary_school,0,Electricity,PTHP
4171,10,primary_school,1,FuelOil,PVAV with gas boiler reheat
4172,100,medium_office,1,NaturalGas,PVAV with gas boiler reheat
4173,32,medium_office,1,NaturalGas,VAV chiller with gas boiler reheat
4174,1,strip_mall,0,Electricity,PSZ-HP
4175,44,small_office,1,NaturalGas,PSZ-AC with gas coil
4176,46,small_office,1,NaturalGas,PSZ-AC with gas coil
4177,11,warehouse,0,Propane,PSZ-AC with gas coil
4178,14,strip_mall,2,NaturalGas,PSZ-AC with gas coil
4179,105,strip_mall,0,NaturalGas,Residential AC with residential forced air furnace
4180,22,full_service_restaurant,1,Propane,PSZ-AC with gas coil
4181,6,large_office,1,Electricity,PVAV with PFP boxes
4182,19,outpatient,2,NaturalGas,VAV air-cooled chiller with gas boiler reheat
4183,26,primary_school,0,NaturalGas,PVAV with gas heat with electric reheat
4184,13,primary_school,0,Electricity,PSZ-HP
4185,28,small_office,0,Electricity,PTAC with electric coil
4186,47,retail,0,NaturalGas,Residential AC with residential forced air furnace
4187,15,grocery,0,NaturalGas,PSZ-AC with gas coil
4188,2,primary_school,1,NaturalGas,PVAV with gas heat with electric reheat
4189,30,secondary_school,1,NaturalGas,PVAV with gas boiler reheat
4190,8,large_office,0,DistrictHeating,VAV district chilled water with district hot water reheat
4191,19,warehouse,0,DistrictHeating,Baseboard district hot water
4192,37,small_office,1,NaturalGas,PVAV with gas heat with electric reheat
4193,104,large_office,1,NaturalGas,VAV chiller with gas boiler reheat
4194,20,small_office,1,NaturalGas,PVAV with gas boiler reheat
4195,48,secondary_school,0,NaturalGas,DOAS with fan coil air-cooled chiller with boiler
4196,10,large_hotel,0,FuelOil,PTAC with gas coil
4197,33,medium_office,1,Electricity,PVAV with PFP boxes
4198,33,medium_office,0,Electricity,PVAV with PFP boxes
4199,23,small_hotel,0,Electricity,PTHP
4200,24,medium_office,1,NaturalGas,PVAV with gas boiler reheat
4201,106,small_hotel,0,Electricity,PTHP
4202,48,large_hotel,0,DistrictHeating,DOAS with fan coil district chilled water with district hot water
4203,14,small_office,1,Electricity,PSZ-HP
4204,109,strip_mall,2,NaturalGas,PSZ-AC with gas coil
4205,14,large_hotel,0,Electricity,PTAC with electric coil
4206,9,secondary_school,0,Electricity,PTHP
4207,9,secondary_school,0,NaturalGas,PVAV with gas heat with electric reheat
4208,5,secondary_school,0,NaturalGas,PSZ-AC with gas boiler
4209,4,primary_school,1,Electricity,PVAV with PFP boxes
4210,25,quick_service_restaurant,0,Electricity,PTAC with electric coil
4211,22,medium_office,0,NaturalGas,PSZ-AC with gas boiler
4212,38,grocery,0,Electricity,PSZ-AC with electric coil
4213,28,small_hotel,0,Electricity,PTHP
4214,9,large_hotel,0,DistrictHeating,PTAC with baseboard district hot water
4215,4,warehouse,1,Electricity,PVAV with PFP boxes
4216,106,medium_office,0,NaturalGas,PVAV with gas boiler reheat
4217,106,medium_office,1,Electricity,PVAV with PFP boxes
4218,2,primary_school,1,Electricity,DOAS with water source heat pumps with ground source heat pump
4219,39,primary_school,0,Electricity,PSZ-HP
4220,23,small_office,0,FuelOil,Residential AC with residential forced air furnace
4221,17,retail,1,Propane,PSZ-AC with gas coil
4222,32,large_hotel,0,NaturalGas,DOAS with water source heat pumps cooling tower with boiler
4223,0,outpatient,1,Electricity,PSZ-AC with electric coil
4224,31,small_office,0,Propane,Residential AC with residential forced air furnace
4225,27,full_service_restaurant,1,Propane,PSZ-AC with gas coil
4226,42,small_office,1,NaturalGas,PVAV with gas heat with electric reheat
4227,17,outpatient,1,Electricity,PSZ-AC with electric coil
4228,13,medium_office,1,Electricity,PSZ-HP
4229,104,secondary_school,1,Electricity,PTHP
4230,2,warehouse,0,Propane,Residential AC with residential forced air furnace
4231,25,retail,0,Electricity,PTHP
4232,109,warehouse,1,Electricity,PSZ-AC with electric coil
4233,29,medium_office,0,NaturalGas,DOAS with fan coil chiller with boiler
4234,11,medium_office,1,NaturalGas,PVAV with gas boiler reheat
4235,37,primary_school,0,NaturalGas,PSZ-AC with gas coil
4236,12,medium_office,1,Electricity,VAV chiller with PFP boxes
4237,102,small_office,0,Propane,PSZ-AC with gas coil
4238,18,medium_office,1,DistrictHeating,VAV district chilled water with district hot water reheat
4239,6,small_office,0,NaturalGas,Residential AC with residential forced air furnace
4240,39,secondary_school,1,NaturalGas,PVAV with gas boiler reheat
4241,107,primary_school,1,NaturalGas,VAV chiller with gas boiler reheat
4242,25,warehouse,0,Electricity,PTHP
4243,0,grocery,0,Electricity,PSZ-AC with electric coil
4244,1,strip_mall,1,NaturalGas,PSZ-AC with gas coil
4245,24,full_service_restaurant,1,DistrictHeating,VAV district chilled water with district hot water reheat
4246,17,grocery,1,Electricity,PSZ-AC with electric coil
4247,34,primary_school,0,Electricity,PVAV with PFP boxes
4248,26,primary_school,1,NaturalGas,VAV chiller with gas boiler reheat
4249,17,quick_service_restaurant,0,Electricity,PTAC with electric coil
4250,36,outpatient,0,DistrictHeating,VAV chiller with district hot water reheat
4251,40,medium_office,1,NaturalGas,DOAS with water source heat pumps cooling tower with boiler
4252,2,primary_school,1,NaturalGas,PSZ-AC with gas coil
4253,3,large_hotel,0,NaturalGas,PTAC with gas coil
4254,8,large_office,1,DistrictHeating,VAV district chilled water with district hot water reheat
4255,41,warehouse,0,NaturalGas,Residential AC with residential forced air furnace
4256,35,warehouse,0,Electricity,PSZ-HP
4257,10,retail,0,Electricity,PTHP
4258,48,outpatient,1,NaturalGas,PSZ-AC with gas coil
4259,1,small_office,0,NaturalGas,Residential AC with residential forced air furnace
4260,39,primary_school,0,Electricity,PSZ-AC with electric coil
4261,16,primary_school,1,NaturalGas,PSZ-AC with gas coil
4262,105,medium_office,1,Electricity,PSZ-AC with electric coil
4263,18,warehouse,0,DistrictHeating,DOAS with fan coil chiller with district hot water
4264,47,full_service_restaurant,1,Propane,PSZ-AC with gas coil
4265,39,medium_office,0,NaturalGas,PSZ-AC with gas boiler
4266,35,full_service_restaurant,1,NaturalGas,PSZ-AC with gas coil
4267,19,large_hotel,1,NaturalGas,DOAS with fan coil chiller with boiler
4268,104,quick_service_restaurant,0,Electricity,PSZ-HP
4269,47,small_office,1,Electricity,PSZ-AC with electric coil
4270,105,large_hotel,1,Electricity,PTAC with electric coil
4271,10,secondary_school,0,NaturalGas,PVAV with gas heat with electric reheat
4272,2,primary_school,0,NaturalGas,PSZ-AC with gas coil
4273,9,secondary_school,1,FuelOil,VAV chiller with gas boiler reheat
4274,15,outpatient,0,NaturalGas,PSZ-AC with gas coil
4275,25,medium_office,0,Electricity,PSZ-HP
4276,49,medium_office,1,Electricity,PVAV with PFP boxes
4277,19,large_hotel,1,NaturalGas,PTAC with gas boiler
4278,5,large_office,1,DistrictHeating,VAV district chilled water with district hot water reheat
4279,12,outpatient,1,Electricity,PSZ-AC with electric coil
4280,102,primary_school,1,Electricity,PVAV with PFP boxes
4281,25,outpatient,0,Electricity,PSZ-AC with electric coil
4282,102,large_office,0,Electricity,PVAV with PFP boxes
4283,46,retail,0,Electricity,PSZ-AC with electric coil
4284,32,grocery,0,Electricity,PSZ-AC with electric coil
4285,19,medium_office,0,NaturalGas,DOAS with fan coil chiller with boiler
4286,107,retail,0,Electricity,PTHP
4287,2,outpatient,0,NaturalGas,PSZ-AC with gas coil
4288,48,secondary_school,1,NaturalGas,VAV air-cooled chiller with gas boiler reheat
4289,24,secondary_school,0,NaturalGas,PSZ-AC with gas boiler
4290,7,primary_school,1,Electricity,PVAV with PFP boxes
4291,45,warehouse,1,NaturalGas,PSZ-AC with gas coil
4292,16,small_office,0,Electricity,PTHP
4293,37,medium_office,1,Electricity,PSZ-HP
4294,24,warehouse,0,Electricity,PTAC with electric coil
4295,100,retail,0,FuelOil,Residential AC with residential forced air furnace
4296,29,large_office,0,Electricity,PVAV with PFP boxes
4297,37,large_hotel,1,Electricity,PTAC with electric coil
4298,31,grocery,1,NaturalGas,PSZ-AC with gas coil
4299,106,secondary_school,0,NaturalGas,PSZ-AC with gas coil
4300,106,primary_school,1,NaturalGas,VAV chiller with gas boiler reheat
4301,30,large_hotel,0,NaturalGas,PTAC with gas boiler
4302,37,grocery,0,Electricity,PSZ-AC with electric coil
4303,10,outpatient,0,NaturalGas,PSZ-AC with gas coil
4304,4,medium_office,0,NaturalGas,PSZ-AC with gas boiler
4305,4,large_office,0,NaturalGas,PVAV with gas boiler reheat
4306,40,large_office,0,NaturalGas,VAV chiller with gas boiler reheat
4307,29,quick_service_restaurant,0,Electricity,PSZ-HP
4308,47,small_hotel,0,Electricity,PTHP
4309,28,primary_school,1,NaturalGas,VAV chiller with gas boiler reheat
4310,1,secondary_school,0,Electricity,PSZ-AC with electric coil
4311,19,primary_school,0,NaturalGas,PVAV with gas boiler reheat
4312,13,outpatient,0,Electricity,PSZ-HP
4313,28,small_hotel,0,NaturalGas,Residential AC with residential forced air furnace
4314,40,outpatient,2,Electricity,PVAV with PFP boxes
4315,103,warehouse,0,Electricity,PTHP
4316,20,grocery,0,Electricity,PSZ-AC with electric coil
4317,5,outpatient,1,Electricity,VAV air-cooled chiller with PFP boxes
4318,46,warehouse,0,Electricity,PSZ-AC with electric coil
4319,100,primary_school,0,NaturalGas,PSZ-AC with gas coil
4320,11,secondary_school,0,NaturalGas,PVAV with gas heat with electric reheat
4321,33,secondary_school,0,NaturalGas,PTAC with gas boiler
4322,5,primary_school,0,Electricity,PVAV with PFP boxes
4323,17,secondary_school,0,Electricity,PTHP
4324,39,large_office,1,Electricity,PVAV with PFP boxes
4325,24,medium_office,1,Electricity,PVAV with PFP boxes
4326,5,large_hotel,0,Electricity,DOAS with water source heat pumps with ground source heat pump
4327,11,medium_office,0,NaturalGas,PVAV with gas heat with electric reheat
4328,12,grocery,0,Electricity,PSZ-AC with electric coil
4329,101,primary_school,1,Electricity,PVAV with PFP boxes
4330,11,warehouse,1,Electricity,PSZ-AC with electric coil
4331,36,medium_office,0,NaturalGas,DOAS with fan coil air-cooled chiller with boiler
4332,17,small_office,0,DistrictHeating,VAV district chilled water with district hot water reheat
4333,12,small_office,0,Propane,Residential AC with residential forced air furnace
4334,11,small_office,1,NaturalGas,Residential AC with residential forced air furnace
4335,32,large_office,0,Electricity,PVAV with PFP boxes
4336,13,large_office,0,NaturalGas,VAV chiller with gas boiler reheat
4337,5,medium_office,1,NaturalGas,PVAV with gas heat with electric reheat
4338,10,secondary_school,1,NaturalGas,VAV air-cooled chiller with gas boiler reheat
4339,38,large_hotel,0,NaturalGas,PTAC with gas boiler
4340,14,medium_office,0,NaturalGas,PSZ-AC with gas coil
4341,34,medium_office,1,NaturalGas,PSZ-AC with gas coil
4342,45,full_service_restaurant,1,NaturalGas,PSZ-AC with gas coil
4343,11,large_hotel,0,Electricity,PTHP
4344,44,primary_school,0,NaturalGas,PSZ-AC with gas coil
4345,105,medium_office,0,NaturalGas,PSZ-AC with gas boiler
4346,42,small_hotel,0,Electricity,PTHP
4347,17,large_office,0,Electricity,PVAV with PFP boxes
4348,40,outpatient,0,NaturalGas,PSZ-AC with gas coil
4349,4,quick_service_restaurant,0,NaturalGas,Residential AC with residential forced air furnace
4350,109,full_service_restaurant,0,DistrictHeating,VAV district chilled water with district hot water reheat
4351,107,full_service_restaurant,1,Electricity,PVAV with PFP boxes
4352,37,primary_school,1,NaturalGas,DOAS with fan coil air-cooled chiller with boiler
4353,104,primary_school,1,NaturalGas,VAV air-cooled chiller with gas boiler reheat
4354,8,secondary_school,0,Electricity,PSZ-AC with electric coil
4355,18,primary_school,1,Electricity,DOAS with water source heat pumps with ground source heat pump
4356,19,primary_school,1,NaturalGas,PVAV with gas heat with electric reheat
4357,15,small_hotel,0,Electricity,PTHP
4358,38,large_office,1,Electricity,VAV chiller with PFP boxes
4359,36,outpatient,2,NaturalGas,PVAV with gas boiler reheat
4360,20,warehouse,1,Propane,PSZ-AC with gas coil
4361,11,small_office,0,Propane,Residential AC with residential forced air furnace
4362,39,outpatient,1,Electricity,PVAV with PFP boxes
4363,44,retail,0,NaturalGas,Residential AC with residential forced air furnace
4364,102,quick_service_restaurant,0,Electricity,PSZ-HP
4365,19,full_service_restaurant,1,NaturalGas,PVAV with gas boiler reheat
4366,36,medium_office,0,NaturalGas,PSZ-AC with gas boiler
4367,49,medium_office,0,NaturalGas,PVAV with gas heat with electric reheat
4368,38,medium_office,1,NaturalGas,PVAV with gas heat with electric reheat
4369,44,small_office,1,Electricity,PSZ-AC with electric coil
4370,34,small_hotel,0,Propane,Residential AC with residential forced air furnace
4371,105,grocery,1,Electricity,PSZ-AC with electric coil
4372,17,large_office,0,DistrictHeating,VAV district chilled water with district hot water reheat
4373,100,strip_mall,1,Electricity,PSZ-AC with electric coil
4374,49,small_office,1,NaturalGas,Residential AC with residential forced air furnace
4375,11,full_service_restaurant,1,Electricity,PSZ-AC with electric coil
4376,26,small_hotel,0,Propane,Residential AC with residential forced air furnace
4377,48,secondary_school,1,NaturalGas,PVAV with gas boiler reheat
4378,107,secondary_school,1,Electricity,PTHP
4379,17,secondary_school,0,NaturalGas,DOAS with fan coil air-cooled chiller with boiler
4380,30,full_service_restaurant,1,Propane,PSZ-AC with gas coil
4381,36,small_office,1,FuelOil,PVAV with gas heat with electric reheat
4382,26,medium_office,0,NaturalGas,DOAS with fan coil air-cooled chiller with boiler
4383,3,small_office,0,Propane,Residential AC with residential forced air furnace
4384,42,retail,0,Electricity,PSZ-HP
4385,40,large_hotel,1,Electricity,DOAS with fan coil chiller with baseboard electric
4386,19,outpatient,1,Electricity,PSZ-AC with electric coil
4387,22,primary_school,1,NaturalGas,PVAV with gas boiler reheat
4388,8,primary_school,1,Electricity,DOAS with water source heat pumps with ground source heat pump
4389,22,hospital,1,NaturalGas,VAV chiller with gas boiler reheat
4390,36,large_office,1,DistrictHeating,VAV chiller with district hot water reheat
4391,9,secondary_school,1,Electricity,PTHP
4392,38,warehouse,0,Electricity,PTHP
4393,42,large_hotel,0,NaturalGas,PTAC with gas boiler
4394,103,medium_office,0,NaturalGas,PVAV with gas boiler reheat
4395,44,strip_mall,0,NaturalGas,Residential AC with residential forced air furnace
4396,16,medium_office,1,NaturalGas,PVAV with gas heat with electric reheat
4397,48,outpatient,2,NaturalGas,PVAV with gas boiler reheat
4398,17,secondary_school,0,Electricity,DOAS with water source heat pumps with ground source heat pump
4399,31,primary_school,0,NaturalGas,PSZ-AC with gas coil
4400,105,medium_office,1,DistrictHeating,VAV district chilled water with district hot water reheat
4401,45,strip_mall,2,NaturalGas,PSZ-AC with gas coil
4402,18,strip_mall,1,Electricity,PSZ-AC with electric coil
4403,12,full_service_restaurant,0,Propane,PSZ-AC with gas coil
4404,102,medium_office,0,NaturalGas,PSZ-AC with gas boiler
4405,33,medium_office,1,NaturalGas,PVAV with gas boiler reheat
4406,48,small_office,1,Electricity,PSZ-HP
4407,12,medium_office,0,DistrictHeating,VAV chiller with district hot water reheat
4408,108,retail,0,FuelOil,PSZ-AC with gas coil
4409,17,primary_school,1,NaturalGas,VAV chiller with gas boiler reheat
4410,0,large_hotel,0,DistrictHeating,PTAC with baseboard district hot water
4411,29,large_hotel,1,Electricity,PTAC with electric coil
4412,2,outpatient,0,Electricity,PSZ-AC with electric coil
4413,28,warehouse,1,Electricity,PSZ-AC with electric coil
4414,102,warehouse,0,Propane,PSZ-AC with gas coil
4415,44,small_hotel,0,Electricity,PTAC with electric coil
4416,10,secondary_school,0,NaturalGas,VAV air-cooled chiller with gas boiler reheat
4417,2,full_service_restaurant,0,DistrictHeating,VAV district chilled water with district hot water reheat
4418,45,small_office,0,Electricity,PTHP
4419,47,small_office,1,Propane,PSZ-AC with gas coil
4420,14,strip_mall,1,Electricity,PSZ-AC with electric coil
4421,9,primary_school,1,NaturalGas,PSZ-AC with gas boiler
4422,39,medium_office,0,DistrictHeating,VAV chiller with district hot water reheat
4423,32,grocery,0,Propane,Residential AC with residential forced air furnace
4424,15,large_hotel,0,Electricity,PTHP
4425,38,small_office,1,NaturalGas,PVAV with gas boiler reheat
4426,5,large_hotel,0,NaturalGas,DOAS with water source heat pumps cooling tower with boiler
4427,36,large_hotel,0,NaturalGas,DOAS with water source heat pumps cooling tower with boiler
4428,47,warehouse,1,Propane,PSZ-AC with gas coil
4429,12,quick_service_restaurant,0,Electricity,PTAC with electric coil
4430,24,warehouse,1,Propane,PSZ-AC with gas coil
4431,45,strip_mall,1,NaturalGas,PSZ-AC with gas coil
4432,36,primary_school,1,NaturalGas,DOAS with fan coil air-cooled chiller with boiler
4433,29,primary_school,0,NaturalGas,PVAV with gas heat with electric reheat
4434,7,quick_service_restaurant,0,NaturalGas,PSZ-AC with gas coil
4435,28,full_service_restaurant,0,Electricity,PSZ-HP
4436,101,large_hotel,0,DistrictHeating,PTAC with baseboard district hot water
4437,30,medium_office,0,NaturalGas,DOAS with fan coil chiller with boiler
4438,12,large_hotel,0,DistrictHeating,DOAS with fan coil district chilled water with district hot water
4439,16,medium_office,0,NaturalGas,PVAV with gas heat with electric reheat
4440,22,secondary_school,1,Electricity,PSZ-HP
4441,35,primary_school,0,NaturalGas,PSZ-AC with gas coil
4442,27,primary_school,1,Electricity,PVAV with PFP boxes
4443,33,grocery,0,Propane,Residential AC with residential forced air furnace
4444,20,primary_school,0,Electricity,PVAV with PFP boxes
4445,108,medium_office,1,Electricity,PVAV with PFP boxes
4446,1,full_service_restaurant,1,NaturalGas,PSZ-AC with gas coil
4447,31,small_office,0,Electricity,PTAC with electric coil
4448,27,grocery,0,NaturalGas,PSZ-AC with gas coil
4449,2,warehouse,1,NaturalGas,PVAV with gas heat with electric reheat
4450,49,medium_office,0,Electricity,PVAV with PFP boxes
4451,1,small_office,0,Electricity,PTAC with electric coil
4452,12,medium_office,0,Electricity,PSZ-HP
4453,102,medium_office,1,Electricity,PSZ-HP
4454,20,full_service_restaurant,1,NaturalGas,PVAV with gas heat with electric reheat
4455,47,small_office,1,FuelOil,PVAV with gas heat with electric reheat
4456,46,strip_mall,2,NaturalGas,PSZ-AC with gas coil
4457,101,medium_office,0,NaturalGas,PSZ-AC with gas boiler
4458,15,secondary_school,0,NaturalGas,PVAV with gas heat with electric reheat
4459,8,secondary_school,1,NaturalGas,VAV air-cooled chiller with gas boiler reheat
4460,27,large_hotel,0,NaturalGas,PTAC with gas boiler
4461,24,medium_office,0,Electricity,PVAV with PFP boxes
4462,24,small_hotel,0,Propane,Residential AC with residential forced air furnace
4463,47,medium_office,1,NaturalGas,PVAV with gas boiler reheat
4464,18,primary_school,1,NaturalGas,DOAS with fan coil air-cooled chiller with boiler
4465,12,secondary_school,1,Electricity,PTHP
4466,48,secondary_school,0,NaturalGas,VAV air-cooled chiller with gas boiler reheat
4467,17,medium_office,1,NaturalGas,VAV air-cooled chiller with gas boiler reheat
4468,9,quick_service_restaurant,0,NaturalGas,Residential AC with residential forced air furnace
4469,15,grocery,0,Electricity,PSZ-AC with electric coil
4470,28,warehouse,0,Electricity,PTAC with electric coil
4471,45,quick_service_restaurant,0,Electricity,PSZ-HP
4472,103,warehouse,1,NaturalGas,PSZ-AC with gas coil
4473,26,small_hotel,0,NaturalGas,PTAC with gas boiler
4474,40,large_hotel,1,NaturalGas,DOAS with fan coil chiller with boiler
4475,37,large_hotel,0,NaturalGas,DOAS with water source heat pumps cooling tower with boiler
4476,6,primary_school,0,Electricity,PSZ-HP
4477,37,primary_school,1,Electricity,DOAS with water source heat pumps with ground source heat pump
4478,0,secondary_school,0,NaturalGas,PTAC with gas boiler
4479,108,primary_school,1,Electricity,PVAV with PFP boxes
4480,23,full_service_restaurant,1,Propane,PSZ-AC with gas coil
4481,31,warehouse,0,Electricity,PTAC with electric coil
4482,48,primary_school,1,NaturalGas,DOAS with fan coil air-cooled chiller with boiler
4483,33,small_hotel,0,NaturalGas,Residential AC with residential forced air furnace
4484,38,strip_mall,1,NaturalGas,Residential AC with residential forced air furnace
4485,28,large_hotel,0,DistrictHeating,DOAS with fan coil district chilled water with district hot water
4486,36,full_service_restaurant,1,Electricity,PSZ-AC with electric coil
4487,105,medium_office,1,Electricity,PSZ-HP
4488,26,quick_service_restaurant,0,Electricity,PSZ-HP
4489,103,full_service_restaurant,0,Propane,PSZ-AC with gas coil
4490,32,medium_office,0,NaturalGas,PVAV with gas heat with electric reheat
4491,24,primary_school,0,NaturalGas,PVAV with gas boiler reheat
4492,106,primary_school,1,NaturalGas,VAV air-cooled chiller with gas boiler reheat
4493,106,secondary_school,1,Electricity,PTHP
4494,47,primary_school,0,FuelOil,PVAV with gas boiler reheat
4495,37,medium_office,1,Electricity,PSZ-AC with electric coil
4496,31,quick_service_restaurant,0,Electricity,PSZ-HP
4497,27,medium_office,0,Electricity,PVAV with PFP boxes
4498,21,small_office,1,NaturalGas,PSZ-AC with gas coil
4499,107,full_service_restaurant,1,Electricity,PSZ-AC with electric coil
4500,103,large_office,1,NaturalGas,VAV chiller with gas boiler reheat
4501,6,outpatient,0,Electricity,PSZ-HP
4502,30,large_hotel,0,NaturalGas,DOAS with water source heat pumps cooling tower with boiler
4503,105,full_service_restaurant,0,Propane,PSZ-AC with gas coil
4504,101,primary_school,1,NaturalGas,PSZ-AC with gas coil
4505,0,large_office,1,NaturalGas,VAV chiller with gas boiler reheat
4506,27,medium_office,1,NaturalGas,PVAV with gas boiler reheat
4507,106,medium_office,0,Electricity,PSZ-HP
4508,47,retail,1,Electricity,PSZ-AC with electric coil
4509,44,warehouse,0,Electricity,PSZ-HP
4510,7,retail,0,Electricity,PTHP
4511,106,primary_school,1,NaturalGas,PVAV with gas heat with electric reheat
4512,6,secondary_school,0,Electricity,PTHP
4513,30,primary_school,1,Electricity,PVAV with PFP boxes
4514,26,secondary_school,0,FuelOil,PSZ-AC with gas boiler
4515,39,full_service_restaurant,1,DistrictHeating,VAV district chilled water with district hot water reheat
4516,49,medium_office,1,NaturalGas,PVAV with gas heat with electric reheat
4517,18,grocery,1,Electricity,PSZ-AC with electric coil
4518,41,warehouse,1,Electricity,PVAV with PFP boxes
4519,4,large_office,0,NaturalGas,VAV chiller with gas boiler reheat
4520,1,small_hotel,0,Electricity,PTAC with electric coil
4521,39,outpatient,0,DistrictHeating,VAV chiller with district hot water reheat
4522,40,outpatient,1,Electricity,PVAV with PFP boxes
4523,19,outpatient,1,Electricity,PVAV with PFP boxes
4524,10,grocery,0,Electricity,PSZ-AC with electric coil
4525,30,primary_school,1,NaturalGas,VAV chiller with gas boiler reheat
4526,18,primary_school,0,Electricity,PSZ-AC with electric coil
4527,22,grocery,0,Propane,Residential AC with residential forced air furnace
4528,23,full_service_restaurant,1,NaturalGas,PSZ-AC with gas coil
4529,34,retail,0,Electricity,PTAC with electric coil
4530,20,large_hotel,0,NaturalGas,DOAS with water source heat pumps cooling tower with boiler
4531,23,small_hotel,0,NaturalGas,Residential AC with residential forced air furnace
4532,21,retail,0,Electricity,PSZ-HP
4533,26,large_office,1,NaturalGas,VAV chiller with gas boiler reheat
4534,105,large_office,0,Electricity,PVAV with PFP boxes
4535,47,small_office,1,Electricity,PSZ-HP
4536,109,retail,0,Electricity,PTAC with electric coil
4537,106,full_service_restaurant,0,Propane,PSZ-AC with gas coil
4538,101,large_hotel,0,NaturalGas,DOAS with water source heat pumps cooling tower with boiler
4539,20,primary_school,1,NaturalGas,VAV air-cooled chiller with gas boiler reheat
4540,104,primary_school,1,NaturalGas,PVAV with gas heat with electric reheat
4541,24,strip_mall,2,Electricity,PVAV with PFP boxes
4542,10,secondary_school,1,NaturalGas,PVAV with gas boiler reheat
4543,29,large_office,1,Electricity,VAV chiller with PFP boxes
4544,44,full_service_restaurant,0,Electricity,PSZ-AC with electric coil
4545,41,medium_office,1,Electricity,PSZ-AC with electric coil
4546,4,primary_school,1,NaturalGas,PVAV with gas boiler reheat
4547,10,secondary_school,1,DistrictHeating,VAV air-cooled chiller with district hot water reheat
4548,24,full_service_restaurant,1,Electricity,PSZ-AC with electric coil
4549,10,medium_office,0,FuelOil,PSZ-AC with gas coil
4550,20,small_office,1,Propane,PSZ-AC with gas coil
4551,42,small_office,0,Propane,Residential AC with residential forced air furnace
4552,15,warehouse,1,NaturalGas,PSZ-AC with gas coil
4553,19,large_hotel,0,Electricity,DOAS with water source heat pumps with ground source heat pump
4554,104,large_office,0,NaturalGas,VAV chiller with gas boiler reheat
4555,101,medium_office,1,Electricity,PSZ-AC with electric coil
4556,29,secondary_school,1,NaturalGas,VAV chiller with gas boiler reheat
4557,107,primary_school,1,NaturalGas,VAV air-cooled chiller with gas boiler reheat
4558,26,warehouse,0,Electricity,PTAC with electric coil
4559,32,warehouse,0,DistrictHeating,DOAS with fan coil air-cooled chiller with district hot water
4560,14,full_service_restaurant,0,DistrictHeating,VAV district chilled water with district hot water reheat
4561,18,large_hotel,0,Propane,PTAC with gas boiler
4562,4,medium_office,0,Electricity,PSZ-AC with electric coil
4563,29,large_hotel,0,DistrictHeating,DOAS with fan coil district chilled water with district hot water
4564,10,medium_office,0,DistrictHeating,DOAS with fan coil district chilled water with district hot water
4565,100,grocery,0,NaturalGas,PSZ-AC with gas coil
4566,8,secondary_school,0,NaturalGas,PTAC with gas boiler
4567,39,primary_school,1,NaturalGas,PVAV with gas boiler reheat
4568,22,large_hotel,0,Electricity,DOAS with water source heat pumps with ground source heat pump
4569,25,full_service_restaurant,0,DistrictHeating,VAV district chilled water with district hot water reheat
4570,16,small_office,1,NaturalGas,PVAV with gas boiler reheat
4571,2,medium_office,0,Electricity,PSZ-AC with electric coil
4572,39,outpatient,1,Electricity,PSZ-AC with electric coil
4573,107,medium_office,0,NaturalGas,PSZ-AC with gas boiler
4574,109,full_service_restaurant,0,Electricity,PSZ-HP
4575,47,warehouse,1,FuelOil,PSZ-AC with gas coil
4576,24,full_service_restaurant,1,FuelOil,PSZ-AC with gas coil
4577,107,large_office,1,Electricity,VAV chiller with PFP boxes
4578,49,small_hotel,0,Electricity,PTHP
4579,18,primary_school,0,NaturalGas,PVAV with gas boiler reheat
4580,24,primary_school,1,FuelOil,PVAV with gas boiler reheat
4581,47,primary_school,0,NaturalGas,PSZ-AC with gas coil
4582,4,secondary_school,1,NaturalGas,PVAV with gas boiler reheat
4583,32,secondary_school,0,FuelOil,PSZ-AC with gas boiler
4584,107,primary_school,1,NaturalGas,PVAV with gas heat with electric reheat
4585,102,primary_school,1,NaturalGas,VAV chiller with gas boiler reheat
4586,37,medium_office,1,Electricity,VAV chiller with PFP boxes
4587,45,large_hotel,0,Electricity,PTHP
4588,47,full_service_restaurant,1,DistrictHeating,VAV district chilled water with district hot water reheat
4589,26,medium_office,1,NaturalGas,VAV chiller with gas boiler reheat
4590,8,large_hotel,1,NaturalGas,DOAS with fan coil chiller with boiler
4591,43,retail,0,Propane,PSZ-AC with gas coil
4592,18,large_hotel,0,NaturalGas,DOAS with water source heat pumps cooling tower with boiler
4593,100,full_service_restaurant,1,NaturalGas,PSZ-AC with gas coil
4594,36,secondary_school,0,NaturalGas,DOAS with fan coil air-cooled chiller with boiler
4595,26,medium_office,0,NaturalGas,PVAV with gas heat with electric reheat
4596,25,outpatient,0,Electricity,PSZ-HP
4597,36,small_hotel,0,NaturalGas,PTAC with gas boiler
4598,108,medium_office,0,Electricity,PSZ-HP
4599,102,full_service_restaurant,1,Electricity,PVAV with PFP boxes
4600,47,warehouse,0,Electricity,PSZ-HP
4601,29,outpatient,1,NaturalGas,PSZ-AC with gas coil
4602,15,secondary_school,0,NaturalGas,PTAC with gas boiler
4603,48,secondary_school,0,NaturalGas,PVAV with gas heat with electric reheat
4604,108,primary_school,1,NaturalGas,PSZ-AC with gas coil
4605,40,secondary_school,0,Electricity,DOAS with water source heat pumps with ground source heat pump
4606,40,small_office,1,NaturalGas,PVAV with gas boiler reheat
4607,9,warehouse,1,FuelOil,PSZ-AC with gas coil
4608,1,small_hotel,0,NaturalGas,Residential AC with residential forced air furnace
4609,17,warehouse,0,DistrictHeating,DOAS with fan coil air-cooled chiller with district hot water
4610,107,retail,1,FuelOil,PSZ-AC with gas coil
4611,5,medium_office,0,NaturalGas,PVAV with gas heat with electric reheat
4612,1,small_office,1,Electricity,PSZ-HP
4613,30,small_hotel,0,NaturalGas,Residential AC with residential forced air furnace
4614,30,outpatient,1,NaturalGas,PSZ-AC with gas coil
4615,104,secondary_school,0,Electricity,PTHP
4616,0,secondary_school,1,Electricity,PTHP
4617,11,primary_school,1,NaturalGas,PVAV with gas heat with electric reheat
4618,33,full_service_restaurant,1,Electricity,PVAV with PFP boxes
4619,17,retail,0,Electricity,PTHP
4620,0,grocery,1,Electricity,PSZ-AC with electric coil
4621,28,full_service_restaurant,0,Propane,PSZ-AC with gas coil
4622,7,full_service_restaurant,1,Electricity,PSZ-AC with electric coil
4623,110,strip_mall,0,Electricity,PSZ-AC with electric coil
4624,4,medium_office,1,Electricity,PSZ-AC with electric coil
4625,13,warehouse,1,NaturalGas,PVAV with gas boiler reheat
4626,106,small_office,1,NaturalGas,PVAV with gas heat with electric reheat
4627,32,primary_school,1,Electricity,DOAS with water source heat pumps with ground source heat pump
4628,18,large_office,0,NaturalGas,PVAV with gas heat with electric reheat
4629,2,medium_office,1,Electricity,PVAV with PFP boxes
4630,22,strip_mall,1,NaturalGas,Residential AC with residential forced air furnace
4631,101,warehouse,0,Propane,PSZ-AC with gas coil
4632,22,warehouse,0,Electricity,PTHP
4633,24,small_office,1,Propane,PVAV with gas heat with electric reheat
4634,107,medium_office,1,DistrictHeating,VAV district chilled water with district hot water reheat
4635,47,small_office,1,NaturalGas,PVAV with gas heat with electric reheat
4636,42,medium_office,1,NaturalGas,PVAV with gas boiler reheat
4637,34,secondary_school,0,NaturalGas,PVAV with gas heat with electric reheat
4638,9,primary_school,0,FuelOil,PSZ-AC with gas coil
4639,36,strip_mall,1,Electricity,PSZ-AC with electric coil
4640,104,large_hotel,0,NaturalGas,PTAC with gas boiler
4641,49,large_hotel,0,NaturalGas,PTAC with gas boiler
4642,18,large_hotel,1,Electricity,PTAC with electric coil
4643,101,grocery,0,Electricity,PSZ-AC with electric coil
4644,9,primary_school,0,Electricity,PSZ-HP
4645,17,primary_school,1,NaturalGas,PSZ-AC with gas coil
4646,33,retail,0,Propane,Residential AC with residential forced air furnace
4647,13,full_service_restaurant,1,Electricity,PSZ-AC with electric coil
4648,20,large_hotel,0,Electricity,PTHP
4649,107,small_hotel,0,NaturalGas,PTAC with gas boiler
4650,33,large_office,0,Electricity,VAV chiller with PFP boxes
4651,28,medium_office,0,DistrictHeating,VAV chiller with district hot water reheat
4652,42,large_hotel,0,NaturalGas,PTAC with gas coil
4653,24,medium_office,0,Electricity,PSZ-AC with electric coil
4654,13,medium_office,0,NaturalGas,PSZ-AC with gas boiler
4655,44,small_office,0,Electricity,PTAC with electric coil
4656,11,warehouse,1,Electricity,PVAV with PFP boxes
4657,108,medium_office,1,NaturalGas,PSZ-AC with gas coil
4658,100,small_office,0,Electricity,PTHP
4659,44,small_office,0,Electricity,PTHP
4660,108,warehouse,0,NaturalGas,Residential AC with residential forced air furnace
4661,8,medium_office,0,NaturalGas,PSZ-AC with gas boiler
4662,10,large_office,1,DistrictHeating,VAV chiller with district hot water reheat
4663,26,medium_office,1,NaturalGas,PSZ-AC with gas coil
4664,24,medium_office,1,DistrictHeating,VAV district chilled water with district hot water reheat
4665,25,secondary_school,0,NaturalGas,PTAC with gas boiler
4666,18,primary_school,1,NaturalGas,PSZ-AC with gas coil
4667,40,medium_office,1,Electricity,PSZ-HP
4668,49,grocery,0,NaturalGas,PSZ-AC with gas coil
4669,48,large_office,1,FuelOil,VAV chiller with gas boiler reheat
4670,1,full_service_restaurant,0,Electricity,PSZ-AC with electric coil
4671,100,retail,0,Electricity,PTAC with electric coil
4672,4,medium_office,0,DistrictHeating,DOAS with fan coil district chilled water with district hot water
4673,15,small_office,1,Electricity,PVAV with PFP boxes
4674,29,large_office,1,NaturalGas,DOAS with water source heat pumps cooling tower with boiler
4675,20,large_office,1,DistrictHeating,VAV district chilled water with district hot water reheat
4676,10,strip_mall,2,Electricity,PVAV with PFP boxes
4677,40,primary_school,0,Electricity,PVAV with PFP boxes
4678,12,secondary_school,0,NaturalGas,PSZ-AC with gas boiler
4679,49,primary_school,1,Electricity,PVAV with PFP boxes
4680,19,primary_school,1,Electricity,DOAS with water source heat pumps with ground source heat pump
4681,103,secondary_school,0,Electricity,PSZ-AC with electric coil
4682,0,warehouse,0,Electricity,PTHP
4683,7,full_service_restaurant,0,Propane,PSZ-AC with gas coil
4684,22,small_office,0,Propane,PSZ-AC with gas coil
4685,45,small_office,1,NaturalGas,PVAV with gas heat with electric reheat
4686,25,large_office,1,DistrictHeating,VAV district chilled water with district hot water reheat
4687,24,quick_service_restaurant,0,Propane,PSZ-AC with gas coil
4688,38,small_hotel,0,NaturalGas,PTAC with gas boiler
4689,22,medium_office,0,NaturalGas,DOAS with fan coil chiller with boiler
4690,36,large_office,0,NaturalGas,PVAV with gas boiler reheat
4691,101,large_hotel,0,DistrictHeating,DOAS with fan coil district chilled water with district hot water
4692,41,full_service_restaurant,0,NaturalGas,PSZ-AC with gas coil
4693,40,outpatient,0,Electricity,PSZ-HP
4694,30,secondary_school,1,FuelOil,VAV chiller with gas boiler reheat
4695,0,primary_school,1,NaturalGas,PVAV with gas boiler reheat
4696,28,primary_school,1,NaturalGas,PVAV with gas boiler reheat
4697,29,primary_school,1,NaturalGas,VAV chiller with gas boiler reheat
4698,33,medium_office,0,Electricity,PSZ-AC with electric coil
4699,45,retail,0,Propane,Residential AC with residential forced air furnace
4700,18,large_office,1,DistrictHeating,VAV chiller with district hot water reheat
4701,45,full_service_restaurant,0,Propane,PSZ-AC with gas coil
4702,18,large_office,0,Electricity,VAV chiller with PFP boxes
4703,19,small_office,1,Propane,PVAV with gas heat with electric reheat
4704,15,strip_mall,2,Electricity,PVAV with PFP boxes
4705,100,grocery,1,NaturalGas,PSZ-AC with gas coil
4706,42,secondary_school,0,NaturalGas,PSZ-AC with gas coil
4707,29,large_hotel,0,NaturalGas,PTAC with gas boiler
4708,33,small_office,0,Propane,PSZ-AC with gas coil
4709,38,small_office,0,DistrictHeating,VAV chiller with district hot water reheat
4710,2,medium_office,1,Electricity,PSZ-AC with electric coil
4711,40,large_office,0,NaturalGas,PVAV with gas boiler reheat
4712,29,large_office,1,NaturalGas,VAV air-cooled chiller with gas boiler reheat
4713,13,outpatient,1,NaturalGas,PVAV with gas boiler reheat
4714,45,outpatient,0,Electricity,PSZ-AC with electric coil
4715,48,large_office,0,FuelOil,PVAV with gas heat with electric reheat
4716,37,outpatient,0,Electricity,PSZ-AC with electric coil
4717,6,warehouse,1,NaturalGas,PVAV with gas heat with electric reheat
4718,27,secondary_school,0,NaturalGas,PVAV with gas heat with electric reheat
4719,16,secondary_school,0,NaturalGas,PVAV with gas heat with electric reheat
4720,20,primary_school,1,NaturalGas,PVAV with gas heat with electric reheat
4721,100,secondary_school,0,Electricity,PTHP
4722,31,full_service_restaurant,0,Electricity,PSZ-HP
4723,35,large_hotel,0,NaturalGas,PTAC with gas coil
4724,100,medium_office,1,NaturalGas,PSZ-AC with gas coil
4725,49,small_office,1,Electricity,PSZ-HP
4726,4,retail,0,FuelOil,PSZ-AC with gas coil
4727,44,retail,0,Propane,PSZ-AC with gas coil
4728,17,outpatient,1,NaturalGas,PSZ-AC with gas coil
4729,39,secondary_school,1,NaturalGas,VAV chiller with gas boiler reheat
4730,48,primary_school,1,NaturalGas,VAV air-cooled chiller with gas boiler reheat
4731,30,quick_service_restaurant,0,Electricity,PTAC with electric coil
4732,33,full_service_restaurant,1,NaturalGas,PVAV with gas heat with electric reheat
4733,14,large_hotel,1,Electricity,PTAC with electric coil
4734,24,medium_office,0,Propane,PSZ-AC with gas coil
4735,100,medium_office,1,NaturalGas,PVAV with gas heat with electric reheat
4736,8,quick_service_restaurant,0,NaturalGas,Residential AC with residential forced air furnace
4737,109,medium_office,0,NaturalGas,PSZ-AC with gas coil
4738,44,full_service_restaurant,1,NaturalGas,PSZ-AC with gas coil
4739,102,large_office,0,DistrictHeating,VAV district chilled water with district hot water reheat
4740,107,primary_school,1,Electricity,DOAS with water source heat pumps with ground source heat pump
4741,25,small_office,1,NaturalGas,PVAV with gas boiler reheat
4742,106,grocery,1,Electricity,PSZ-AC with electric coil
4743,41,strip_mall,1,Electricity,PSZ-AC with electric coil
4744,44,full_service_restaurant,0,Electricity,PSZ-HP
4745,10,small_office,0,Electricity,PTHP
4746,18,large_office,1,Electricity,PVAV with PFP boxes
4747,46,quick_service_restaurant,0,Electricity,PSZ-AC with electric coil
4748,47,warehouse,1,NaturalGas,PSZ-AC with gas coil
4749,32,primary_school,1,NaturalGas,DOAS with fan coil air-cooled chiller with boiler
4750,25,secondary_school,1,NaturalGas,VAV chiller with gas boiler reheat
4751,36,retail,0,Propane,Residential AC with residential forced air furnace
4752,39,quick_service_restaurant,0,Electricity,PSZ-AC with electric coil
4753,45,small_hotel,0,Electricity,PTHP
4754,20,quick_service_restaurant,0,NaturalGas,Residential AC with residential forced air furnace
4755,10,large_hotel,0,NaturalGas,PTAC with gas coil
4756,24,full_service_restaurant,1,Electricity,PVAV with PFP boxes
4757,105,full_service_restaurant,1,DistrictHeating,VAV district chilled water with district hot water reheat
4758,22,primary_school,1,NaturalGas,DOAS with fan coil air-cooled chiller with boiler
4759,9,primary_school,1,NaturalGas,PVAV with gas boiler reheat
4760,23,secondary_school,0,NaturalGas,PSZ-AC with gas boiler
4761,9,secondary_school,0,Electricity,DOAS with water source heat pumps with ground source heat pump
4762,38,secondary_school,1,Electricity,PTHP
4763,13,secondary_school,1,NaturalGas,VAV air-cooled chiller with gas boiler reheat
4764,15,warehouse,0,Electricity,PTAC with electric coil
4765,40,retail,0,Propane,Residential AC with residential forced air furnace
4766,23,large_hotel,0,NaturalGas,DOAS with water source heat pumps cooling tower with boiler
4767,14,warehouse,1,NaturalGas,PSZ-AC with gas coil
4768,18,medium_office,0,DistrictHeating,VAV chiller with district hot water reheat
4769,10,small_office,1,Propane,PVAV with gas heat with electric reheat
4770,108,quick_service_restaurant,0,Electricity,PSZ-HP
4771,36,large_office,0,NaturalGas,VAV chiller with gas boiler reheat
4772,102,large_office,0,Electricity,VAV chiller with PFP boxes
4773,41,small_office,1,Electricity,PVAV with PFP boxes
4774,42,strip_mall,1,NaturalGas,PSZ-AC with gas coil
4775,18,primary_school,0,Electricity,PVAV with PFP boxes
4776,34,secondary_school,0,Electricity,PTHP
4777,1,medium_office,0,NaturalGas,PSZ-AC with gas coil
4778,38,medium_office,1,NaturalGas,VAV air-cooled chiller with gas boiler reheat
4779,35,grocery,1,NaturalGas,PSZ-AC with gas coil
4780,35,outpatient,0,NaturalGas,PSZ-AC with gas coil
4781,14,warehouse,0,NaturalGas,Residential AC with residential forced air furnace
4782,25,warehouse,1,FuelOil,PSZ-AC with gas coil
4783,21,retail,1,NaturalGas,PSZ-AC with gas coil
4784,32,medium_office,1,DistrictHeating,VAV district chilled water with district hot water reheat
4785,20,medium_office,0,Electricity,PSZ-HP
4786,42,warehouse,0,Electricity,PTAC with electric coil
4787,10,large_office,1,DistrictHeating,VAV district chilled water with district hot water reheat
4788,109,large_hotel,0,NaturalGas,PTAC with gas coil
4789,40,secondary_school,1,NaturalGas,VAV air-cooled chiller with gas boiler reheat
4790,7,warehouse,0,Electricity,PTHP
4791,105,secondary_school,0,Electricity,DOAS with water source heat pumps with ground source heat pump
4792,24,secondary_school,0,NaturalGas,PSZ-AC with gas coil
4793,10,secondary_school,0,NaturalGas,DOAS with fan coil air-cooled chiller with boiler
4794,24,outpatient,0,Electricity,PSZ-AC with electric coil
4795,8,grocery,1,Electricity,PSZ-AC with electric coil
4796,27,small_hotel,0,Electricity,PTHP
4797,27,full_service_restaurant,0,Electricity,PSZ-AC with electric coil
4798,18,warehouse,1,Propane,PSZ-AC with gas coil
4799,101,small_office,1,NaturalGas,Residential AC with residential forced air furnace
4800,29,full_service_restaurant,1,DistrictHeating,VAV district chilled water with district hot water reheat
4801,19,warehouse,1,FuelOil,PSZ-AC with gas coil
4802,45,outpatient,0,Electricity,PSZ-HP
4803,19,outpatient,1,NaturalGas,PVAV with gas heat with electric reheat
4804,28,secondary_school,1,NaturalGas,PVAV with gas boiler reheat
4805,30,hospital,1,NaturalGas,VAV chiller with gas boiler reheat
4806,1,retail,1,Electricity,PSZ-AC with electric coil
4807,37,primary_school,1,NaturalGas,DOAS with water source heat pumps cooling tower with boiler
4808,30,secondary_school,1,NaturalGas,VAV chiller with gas boiler reheat
4809,25,secondary_school,1,FuelOil,VAV chiller with gas boiler reheat
4810,15,grocery,1,Electricity,PSZ-AC with electric coil
4811,101,medium_office,1,DistrictHeating,VAV district chilled water with district hot water reheat
4812,22,large_office,0,NaturalGas,PVAV with gas heat with electric reheat
4813,26,grocery,0,Electricity,PSZ-AC with electric coil
4814,31,secondary_school,0,NaturalGas,PSZ-AC with gas boiler
4815,101,primary_school,1,NaturalGas,VAV chiller with gas boiler reheat
4816,33,retail,1,Propane,PSZ-AC with gas coil
4817,108,medium_office,1,NaturalGas,PVAV with gas heat with electric reheat
4818,8,grocery,0,Electricity,PSZ-AC with electric coil
4819,102,large_hotel,1,Electricity,PTAC with electric coil
4820,109,small_hotel,0,NaturalGas,PTAC with gas boiler
4821,37,large_office,0,Electricity,PVAV with PFP boxes
4822,4,outpatient,0,Electricity,PSZ-AC with electric coil
4823,26,outpatient,1,NaturalGas,PSZ-AC with gas coil
4824,19,outpatient,2,Electricity,PVAV with PFP boxes
4825,0,secondary_school,0,NaturalGas,VAV air-cooled chiller with gas boiler reheat
4826,32,primary_school,1,NaturalGas,VAV air-cooled chiller with gas boiler reheat
4827,49,warehouse,1,Electricity,PVAV with PFP boxes
4828,19,small_office,1,Propane,Residential AC with residential forced air furnace
4829,28,large_office,0,Electricity,PVAV with PFP boxes
4830,106,large_hotel,0,NaturalGas,PTAC with gas boiler
4831,38,outpatient,0,Electricity,PSZ-HP
4832,38,secondary_school,0,NaturalGas,PVAV with gas heat with electric reheat
4833,11,warehouse,0,Propane,Residential AC with residential forced air furnace
4834,17,medium_office,0,NaturalGas,DOAS with fan coil air-cooled chiller with boiler
4835,0,small_office,0,DistrictHeating,VAV air-cooled chiller with district hot water reheat
4836,19,large_hotel,0,DistrictHeating,PTAC with baseboard district hot water
4837,8,medium_office,0,Electricity,PSZ-HP
4838,104,small_office,1,NaturalGas,Residential AC with residential forced air furnace
4839,4,retail,0,Electricity,PTAC with electric coil
4840,46,medium_office,0,NaturalGas,PSZ-AC with gas coil
4841,102,outpatient,0,NaturalGas,PSZ-AC with gas coil
4842,15,secondary_school,0,NaturalGas,DOAS with fan coil air-cooled chiller with boiler
4843,4,secondary_school,0,NaturalGas,PVAV with gas heat with electric reheat
4844,33,medium_office,1,Electricity,PSZ-AC with electric coil
4845,40,quick_service_restaurant,0,NaturalGas,Residential AC with residential forced air furnace
4846,39,full_service_restaurant,1,NaturalGas,PVAV with gas heat with electric reheat
4847,30,retail,0,Propane,Residential AC with residential forced air furnace
4848,2,medium_office,0,NaturalGas,PVAV with gas heat with electric reheat
4849,47,small_office,1,Electricity,PVAV with PFP boxes
4850,1,strip_mall,2,NaturalGas,PSZ-AC with gas coil
4851,34,medium_office,0,Electricity,PVAV with PFP boxes
4852,44,grocery,0,NaturalGas,PSZ-AC with gas coil
4853,5,primary_school,0,NaturalGas,PSZ-AC with gas coil
4854,36,primary_school,1,NaturalGas,VAV air-cooled chiller with gas boiler reheat
4855,10,primary_school,0,FuelOil,PSZ-AC with gas coil
4856,16,secondary_school,0,NaturalGas,PTAC with gas boiler
4857,33,outpatient,0,Electricity,PSZ-AC with electric coil
4858,8,large_office,0,Electricity,VAV chiller with PFP boxes
4859,7,strip_mall,0,NaturalGas,Residential AC with residential forced air furnace
4860,31,small_office,1,Electricity,PSZ-AC with electric coil
4861,24,outpatient,0,Electricity,PSZ-HP
4862,4,outpatient,0,Electricity,PSZ-HP
4863,108,grocery,1,Electricity,PSZ-AC with electric coil
4864,19,secondary_school,0,Electricity,PSZ-AC with electric coil
4865,42,primary_school,0,NaturalGas,PSZ-AC with gas coil
4866,48,hospital,1,NaturalGas,VAV chiller with gas boiler reheat
4867,29,hospital,1,NaturalGas,VAV chiller with gas boiler reheat
4868,2,small_office,1,NaturalGas,Residential AC with residential forced air furnace
4869,28,small_office,1,Electricity,PVAV with PFP boxes
4870,31,small_hotel,0,Electricity,PTHP
4871,41,small_office,0,NaturalGas,Residential AC with residential forced air furnace
4872,37,medium_office,1,NaturalGas,VAV air-cooled chiller with gas boiler reheat
4873,4,medium_office,1,Electricity,PSZ-HP
4874,22,small_hotel,0,NaturalGas,Residential AC with residential forced air furnace
4875,22,full_service_restaurant,1,DistrictHeating,VAV district chilled water with district hot water reheat
4876,24,medium_office,1,NaturalGas,PVAV with gas heat with electric reheat
4877,37,warehouse,0,DistrictHeating,DOAS with fan coil air-cooled chiller with district hot water
4878,10,small_office,1,FuelOil,PVAV with gas boiler reheat
4879,102,primary_school,1,NaturalGas,VAV air-cooled chiller with gas boiler reheat
4880,17,secondary_school,1,NaturalGas,VAV air-cooled chiller with gas boiler reheat
4881,33,small_office,0,Electricity,PTHP
4882,37,warehouse,1,Propane,PSZ-AC with gas coil
4883,38,large_office,1,NaturalGas,VAV chiller with gas boiler reheat
4884,24,retail,0,Electricity,PTAC with electric coil
4885,44,small_office,1,Electricity,PSZ-HP
4886,36,medium_office,0,NaturalGas,DOAS with fan coil chiller with boiler
4887,19,outpatient,2,NaturalGas,VAV chiller with gas boiler reheat
4888,108,grocery,0,Electricity,PSZ-AC with electric coil
4889,110,retail,0,NaturalGas,PSZ-AC with gas coil
4890,43,small_hotel,0,Electricity,PTAC with electric coil
4891,108,secondary_school,0,Propane,PSZ-AC with gas coil
4892,15,secondary_school,0,NaturalGas,VAV air-cooled chiller with gas boiler reheat
4893,0,primary_school,0,Electricity,PSZ-AC with electric coil
4894,25,full_service_restaurant,1,Electricity,PVAV with PFP boxes
4895,29,outpatient,2,NaturalGas,PVAV with gas boiler reheat
4896,31,small_office,1,NaturalGas,Residential AC with residential forced air furnace
4897,29,retail,0,Electricity,PTHP
4898,4,small_office,1,Propane,PVAV with gas heat with electric reheat
4899,22,large_office,0,DistrictHeating,VAV district chilled water with district hot water reheat
4900,47,medium_office,1,NaturalGas,PVAV with gas heat with electric reheat
4901,44,strip_mall,1,NaturalGas,PSZ-AC with gas coil
4902,29,medium_office,1,DistrictHeating,PSZ-AC with district hot water
4903,15,small_hotel,0,NaturalGas,PTAC with gas boiler
4904,22,outpatient,1,Electricity,VAV air-cooled chiller with PFP boxes
4905,17,large_office,1,NaturalGas,VAV chiller with gas boiler reheat
4906,6,strip_mall,1,NaturalGas,PSZ-AC with gas coil
4907,36,medium_office,0,Electricity,PSZ-HP
4908,32,outpatient,1,Electricity,PSZ-AC with electric coil
4909,109,large_hotel,0,NaturalGas,PTAC with gas boiler
4910,30,full_service_restaurant,1,DistrictHeating,VAV district chilled water with district hot water reheat
4911,25,secondary_school,1,NaturalGas,PVAV with gas boiler reheat
4912,100,large_hotel,0,Electricity,DOAS with water source heat pumps with ground source heat pump
4913,27,small_hotel,0,Propane,Residential AC with residential forced air furnace
4914,5,warehouse,0,FuelOil,Residential forced air furnace
4915,18,warehouse,1,Electricity,PVAV with PFP boxes
4916,22,medium_office,0,NaturalGas,DOAS with fan coil air-cooled chiller with boiler
4917,43,small_office,1,NaturalGas,PSZ-AC with gas coil
4918,43,strip_mall,2,NaturalGas,PSZ-AC with gas coil
4919,46,quick_service_restaurant,0,NaturalGas,PSZ-AC with gas coil
4920,37,outpatient,0,Electricity,PSZ-HP
4921,10,small_hotel,0,NaturalGas,PTAC with gas boiler
4922,47,large_hotel,0,Electricity,PTHP
4923,19,secondary_school,0,DistrictHeating,Baseboard district hot water
4924,25,warehouse,0,DistrictHeating,DOAS with fan coil air-cooled chiller with district hot water
4925,102,full_service_restaurant,1,Electricity,PSZ-AC with electric coil
4926,8,large_office,0,NaturalGas,PVAV with gas heat with electric reheat
4927,49,medium_office,1,NaturalGas,VAV chiller with gas boiler reheat
4928,37,large_hotel,1,Electricity,DOAS with fan coil chiller with baseboard electric
4929,15,primary_school,1,NaturalGas,PSZ-AC with gas coil
4930,43,secondary_school,0,NaturalGas,PSZ-AC with gas coil
4931,19,secondary_school,1,NaturalGas,PVAV with gas heat with electric reheat
4932,13,large_hotel,0,Propane,DOAS with water source heat pumps cooling tower with boiler
4933,108,large_hotel,0,NaturalGas,PTAC with gas boiler
4934,28,large_office,0,NaturalGas,PVAV with gas boiler reheat
4935,104,medium_office,0,Electricity,PVAV with PFP boxes
4936,104,medium_office,0,Electricity,PSZ-AC with electric coil
4937,24,large_hotel,0,DistrictHeating,PTAC with baseboard district hot water
4938,44,retail,1,Electricity,PSZ-AC with electric coil
4939,47,medium_office,1,DistrictHeating,VAV district chilled water with district hot water reheat
4940,13,large_hotel,1,Electricity,PTAC with electric coil
4941,100,warehouse,1,NaturalGas,PSZ-AC with gas coil
4942,35,medium_office,1,NaturalGas,PVAV with gas boiler reheat
4943,18,outpatient,1,NaturalGas,PVAV with gas boiler reheat
4944,48,secondary_school,1,NaturalGas,VAV chiller with gas boiler reheat
4945,39,primary_school,1,NaturalGas,DOAS with water source heat pumps cooling tower with boiler
4946,38,primary_school,0,NaturalGas,PSZ-AC with gas coil
4947,12,primary_school,0,Electricity,PSZ-AC with electric coil
4948,24,primary_school,0,NaturalGas,PSZ-AC with gas coil
4949,33,primary_school,1,NaturalGas,VAV chiller with gas boiler reheat
4950,40,secondary_school,1,Electricity,PTHP
4951,18,primary_school,1,NaturalGas,PVAV with gas heat with electric reheat
4952,36,secondary_school,1,NaturalGas,VAV air-cooled chiller with gas boiler reheat
4953,26,medium_office,0,NaturalGas,PSZ-AC with gas boiler
4954,2,quick_service_restaurant,0,Electricity,PTAC with electric coil
4955,11,medium_office,1,Electricity,PVAV with PFP boxes
4956,48,large_office,0,FuelOil,VAV chiller with gas boiler reheat
4957,4,large_hotel,1,NaturalGas,DOAS with fan coil chiller with boiler
4958,24,medium_office,0,Electricity,PSZ-HP
4959,24,medium_office,0,FuelOil,PSZ-AC with gas coil
4960,32,secondary_school,0,Electricity,PTHP
4961,4,secondary_school,0,Electricity,PSZ-AC with electric coil
4962,37,quick_service_restaurant,0,Propane,PSZ-AC with gas coil
4963,39,large_office,1,DistrictHeating,VAV district chilled water with district hot water reheat
4964,35,full_service_restaurant,0,Electricity,PSZ-HP
4965,2,full_service_restaurant,1,NaturalGas,PVAV with gas heat with electric reheat
4966,13,small_office,1,Propane,PVAV with gas heat with electric reheat
4967,33,quick_service_restaurant,0,Electricity,PTAC with electric coil
4968,4,strip_mall,1,NaturalGas,Residential AC with residential forced air furnace
4969,17,outpatient,2,Electricity,PVAV with PFP boxes
4970,20,grocery,1,Electricity,PSZ-AC with electric coil
4971,18,warehouse,0,Electricity,PTHP
4972,102,medium_office,1,DistrictHeating,VAV district chilled water with district hot water reheat
4973,5,medium_office,1,NaturalGas,VAV chiller with gas boiler reheat
4974,34,medium_office,0,NaturalGas,PSZ-AC with gas coil
4975,4,large_office,0,Electricity,VAV chiller with PFP boxes
4976,13,large_office,0,NaturalGas,PVAV with gas heat with electric reheat
4977,13,large_office,0,NaturalGas,PVAV with gas boiler reheat
4978,36,secondary_school,0,NaturalGas,VAV air-cooled chiller with gas boiler reheat
4979,20,secondary_school,1,NaturalGas,VAV air-cooled chiller with gas boiler reheat
4980,43,primary_school,0,NaturalGas,PSZ-AC with gas coil
4981,22,grocery,1,Propane,PSZ-AC with gas coil
4982,40,retail,1,Propane,PSZ-AC with gas coil
4983,0,medium_office,0,NaturalGas,DOAS with fan coil chiller with boiler
4984,30,small_office,0,Propane,PSZ-AC with gas coil
4985,11,medium_office,0,Electricity,PVAV with PFP boxes
4986,36,large_office,0,NaturalGas,PVAV with gas heat with electric reheat
4987,13,secondary_school,1,NaturalGas,PVAV with gas boiler reheat
4988,40,hospital,1,NaturalGas,VAV chiller with gas boiler reheat
4989,25,medium_office,0,NaturalGas,DOAS with fan coil air-cooled chiller with boiler
4990,38,large_hotel,0,DistrictHeating,PTAC with baseboard district hot water
4991,108,small_hotel,0,Propane,Residential AC with residential forced air furnace
4992,101,medium_office,1,Electricity,PSZ-HP
4993,17,outpatient,1,Electricity,PVAV with PFP boxes
4994,26,quick_service_restaurant,0,NaturalGas,Residential AC with residential forced air furnace
4995,18,large_hotel,1,NaturalGas,PTAC with gas boiler
4996,105,primary_school,1,Electricity,DOAS with water source heat pumps with ground source heat pump
4997,28,retail,0,Propane,PSZ-AC with gas coil
4998,7,quick_service_restaurant,0,Electricity,PSZ-HP
4999,8,warehouse,0,DistrictHeating,DOAS with fan coil chiller with district hot water
5000,31,grocery,0,NaturalGas,PSZ-AC with gas coil
5001,22,warehouse,0,DistrictHeating,DOAS with fan coil chiller with district hot water
5002,24,medium_office,1,NaturalGas,PSZ-AC with gas coil
5003,20,large_office,0,Electricity,PVAV with PFP boxes
5004,34,small_hotel,0,Electricity,PTHP
5005,43,warehouse,0,NaturalGas,Residential AC with residential forced air furnace
5006,31,medium_office,0,NaturalGas,PVAV with gas heat with electric reheat
5007,39,primary_school,1,NaturalGas,PSZ-AC with gas boiler
5008,37,medium_office,1,NaturalGas,PVAV with gas heat with electric reheat
5009,37,warehouse,0,FuelOil,Residential forced air furnace
5010,14,full_service_restaurant,0,Electricity,PSZ-HP
5011,26,medium_office,1,NaturalGas,VAV air-cooled chiller with gas boiler reheat
5012,105,warehouse,1,NaturalGas,PVAV with gas heat with electric reheat
5013,33,large_office,0,Electricity,PVAV with PFP boxes
5014,26,small_office,1,Electricity,PSZ-HP
5015,100,medium_office,0,NaturalGas,PVAV with gas boiler reheat
5016,46,small_office,1,Electricity,PSZ-AC with electric coil
5017,40,secondary_school,0,NaturalGas,PTAC with gas boiler
5018,104,primary_school,1,Electricity,DOAS with water source heat pumps with ground source heat pump
5019,6,secondary_school,0,Electricity,DOAS with water source heat pumps with ground source heat pump
5020,0,primary_school,1,NaturalGas,DOAS with water source heat pumps cooling tower with boiler
5021,33,secondary_school,0,NaturalGas,VAV air-cooled chiller with gas boiler reheat
5022,17,secondary_school,1,NaturalGas,PVAV with gas boiler reheat
5023,20,warehouse,0,Electricity,PTHP
5024,1,retail,0,Electricity,PSZ-HP
5025,32,medium_office,0,DistrictHeating,VAV chiller with district hot water reheat
5026,105,warehouse,1,Electricity,PVAV with PFP boxes
5027,4,large_hotel,1,NaturalGas,PTAC with gas boiler
5028,18,medium_office,1,Electricity,PSZ-HP
5029,7,retail,0,Propane,Residential AC with residential forced air furnace
5030,30,primary_school,0,NaturalGas,PVAV with gas heat with electric reheat
5031,33,primary_school,1,NaturalGas,VAV air-cooled chiller with gas boiler reheat
5032,4,primary_school,1,Electricity,DOAS with water source heat pumps with ground source heat pump
5033,103,primary_school,0,NaturalGas,PSZ-AC with gas coil
5034,49,grocery,1,Electricity,PSZ-AC with electric coil
5035,16,large_hotel,0,DistrictHeating,PTAC with baseboard district hot water
5036,21,retail,0,NaturalGas,Residential AC with residential forced air furnace
5037,4,medium_office,1,DistrictHeating,PSZ-AC with district hot water
5038,9,outpatient,1,NaturalGas,PSZ-AC with gas coil
5039,48,warehouse,1,Electricity,PSZ-AC with electric coil
5040,26,retail,0,Electricity,PTAC with electric coil
5041,46,medium_office,1,NaturalGas,PSZ-AC with gas coil
5042,4,large_hotel,0,Electricity,PTHP
5043,5,full_service_restaurant,1,DistrictHeating,VAV district chilled water with district hot water reheat
5044,32,secondary_school,0,NaturalGas,PSZ-AC with gas boiler
5045,40,secondary_school,1,NaturalGas,VAV chiller with gas boiler reheat
5046,2,grocery,0,Propane,Residential AC with residential forced air furnace
5047,42,full_service_restaurant,0,Electricity,PSZ-HP
5048,12,small_office,1,NaturalGas,PVAV with gas boiler reheat
5049,26,warehouse,1,Electricity,PSZ-AC with electric coil
5050,11,medium_office,1,NaturalGas,PVAV with gas heat with electric reheat
5051,105,large_office,0,Electricity,VAV chiller with PFP boxes
5052,20,retail,0,FuelOil,PSZ-AC with gas coil
5053,9,medium_office,1,DistrictHeating,PSZ-AC with district hot water
5054,19,large_office,0,NaturalGas,PSZ-AC with gas coil
5055,27,medium_office,1,NaturalGas,PVAV with gas heat with electric reheat
5056,44,small_office,1,Electricity,PVAV with PFP boxes
5057,107,grocery,0,Electricity,PSZ-AC with electric coil
5058,104,outpatient,0,NaturalGas,PSZ-AC with gas coil
5059,37,secondary_school,0,NaturalGas,PSZ-AC with gas boiler
5060,29,primary_school,1,NaturalGas,PVAV with gas heat with electric reheat
5061,20,secondary_school,0,Electricity,DOAS with water source heat pumps with ground source heat pump
5062,36,secondary_school,1,NaturalGas,PVAV with gas boiler reheat
5063,36,primary_school,1,NaturalGas,VAV chiller with gas boiler reheat
5064,102,secondary_school,0,Electricity,PTHP
5065,29,primary_school,1,Electricity,PVAV with PFP boxes
5066,37,medium_office,0,Electricity,PSZ-HP
5067,2,medium_office,1,NaturalGas,PVAV with gas heat with electric reheat
5068,2,large_hotel,0,NaturalGas,DOAS with water source heat pumps cooling tower with boiler
5069,105,retail,0,Electricity,PTHP
5070,29,large_office,1,Electricity,PVAV with PFP boxes
5071,27,small_office,1,NaturalGas,Residential AC with residential forced air furnace
5072,4,full_service_restaurant,1,Electricity,PVAV with PFP boxes
5073,11,medium_office,1,NaturalGas,PSZ-AC with gas coil
5074,39,outpatient,1,DistrictHeating,VAV chiller with district hot water reheat
5075,44,warehouse,1,NaturalGas,PSZ-AC with gas coil
5076,29,primary_school,1,FuelOil,PVAV with gas boiler reheat
5077,20,secondary_school,1,NaturalGas,PVAV with gas boiler reheat
5078,13,secondary_school,1,NaturalGas,VAV chiller with gas boiler reheat
5079,26,secondary_school,1,NaturalGas,PVAV with gas boiler reheat
5080,4,secondary_school,0,NaturalGas,VAV air-cooled chiller with gas boiler reheat
5081,0,large_office,1,Electricity,VAV chiller with PFP boxes
5082,39,warehouse,1,NaturalGas,PVAV with gas boiler reheat
5083,10,warehouse,1,Propane,PVAV with gas heat with electric reheat
5084,26,large_office,0,Electricity,PVAV with PFP boxes
5085,108,medium_office,0,NaturalGas,PVAV with gas boiler reheat
5086,4,retail,0,Electricity,PTHP
5087,47,retail,0,Electricity,PTAC with electric coil
5088,22,secondary_school,0,NaturalGas,DOAS with fan coil air-cooled chiller with boiler
5089,101,secondary_school,0,Electricity,DOAS with water source heat pumps with ground source heat pump
5090,10,primary_school,1,NaturalGas,PSZ-AC with gas coil
5091,24,outpatient,0,FuelOil,PSZ-AC with gas coil
5092,30,medium_office,0,FuelOil,PSZ-AC with gas coil
5093,6,secondary_school,1,Electricity,PSZ-HP
5094,15,quick_service_restaurant,0,NaturalGas,Residential AC with residential forced air furnace
5095,29,large_office,1,DistrictHeating,VAV district chilled water with district hot water reheat
5096,22,full_service_restaurant,1,Electricity,PSZ-HP
5097,15,small_office,1,Electricity,PSZ-HP
5098,8,large_office,0,NaturalGas,VAV chiller with gas boiler reheat
5099,20,strip_mall,1,NaturalGas,Residential AC with residential forced air furnace
5100,3,strip_mall,1,NaturalGas,PSZ-AC with gas coil
5101,101,small_office,0,Propane,PSZ-AC with gas coil
5102,106,small_office,0,Electricity,PTHP
5103,18,large_hotel,1,NaturalGas,DOAS with fan coil chiller with boiler
5104,105,outpatient,1,NaturalGas,PSZ-AC with gas coil
5105,25,secondary_school,0,NaturalGas,DOAS with fan coil air-cooled chiller with boiler
5106,33,primary_school,1,Electricity,DOAS with water source heat pumps with ground source heat pump
5107,14,warehouse,0,Electricity,PTHP
5108,40,grocery,1,Propane,PSZ-AC with gas coil
5109,49,large_hotel,0,NaturalGas,PTAC with gas coil
5110,23,retail,0,FuelOil,PSZ-AC with gas coil
5111,17,full_service_restaurant,1,NaturalGas,PVAV with gas heat with electric reheat
5112,18,large_office,1,DistrictHeating,VAV district chilled water with district hot water reheat
5113,10,large_office,0,NaturalGas,VAV air-cooled chiller with gas boiler reheat
5114,38,outpatient,1,Electricity,PSZ-AC with electric coil
5115,12,secondary_school,0,NaturalGas,PVAV with gas heat with electric reheat
5116,23,retail,1,Electricity,PSZ-AC with electric coil
5117,25,quick_service_restaurant,0,Propane,PSZ-AC with gas coil
5118,48,medium_office,0,FuelOil,PVAV with gas heat with electric reheat
5119,18,strip_mall,2,Electricity,PVAV with PFP boxes
5120,104,large_hotel,0,NaturalGas,PTAC with gas coil
5121,28,medium_office,0,NaturalGas,PSZ-AC with gas boiler
5122,36,small_office,0,Propane,PSZ-AC with gas coil
5123,104,warehouse,1,Electricity,PVAV with PFP boxes
5124,46,warehouse,0,FuelOil,Residential forced air furnace
5125,22,outpatient,1,NaturalGas,PSZ-AC with gas coil
5126,105,primary_school,1,NaturalGas,PVAV with gas boiler reheat
5127,28,secondary_school,0,NaturalGas,PSZ-AC with gas boiler
5128,12,primary_school,0,NaturalGas,PSZ-AC with gas coil
5129,27,primary_school,1,Electricity,DOAS with water source heat pumps with ground source heat pump
5130,35,strip_mall,1,Electricity,PSZ-AC with electric coil
5131,5,small_office,0,FuelOil,Residential AC with residential forced air furnace
5132,7,full_service_restaurant,1,NaturalGas,PSZ-AC with gas coil
5133,2,small_office,0,Electricity,PTHP
5134,24,quick_service_restaurant,0,NaturalGas,Residential AC with residential forced air furnace
5135,14,strip_mall,2,Electricity,PVAV with PFP boxes
5136,15,medium_office,0,NaturalGas,PVAV with gas heat with electric reheat
5137,22,large_hotel,1,NaturalGas,PTAC with gas boiler
5138,36,strip_mall,2,Electricity,PVAV with PFP boxes
5139,41,warehouse,0,Electricity,PTAC with electric coil
5140,43,warehouse,0,Electricity,PSZ-AC with electric coil
5141,35,small_hotel,0,NaturalGas,Residential AC with residential forced air furnace
5142,102,grocery,0,Electricity,PSZ-AC with electric coil
5143,100,outpatient,0,NaturalGas,PSZ-AC with gas coil
5144,34,secondary_school,0,Electricity,DOAS with water source heat pumps with ground source heat pump
5145,21,secondary_school,0,NaturalGas,PSZ-AC with gas coil
5146,27,large_hotel,0,NaturalGas,PTAC with gas coil
5147,41,retail,0,Electricity,PTAC with electric coil
5148,18,large_hotel,0,Propane,PTAC with gas coil
5149,14,medium_office,0,Electricity,PSZ-HP
5150,5,large_office,1,DistrictHeating,VAV chiller with district hot water reheat
5151,17,medium_office,1,DistrictHeating,PSZ-AC with district hot water
5152,0,secondary_school,1,NaturalGas,PVAV with gas boiler reheat
5153,37,primary_school,0,Electricity,PSZ-AC with electric coil
5154,5,secondary_school,0,NaturalGas,DOAS with fan coil air-cooled chiller with boiler
5155,40,secondary_school,0,NaturalGas,VAV air-cooled chiller with gas boiler reheat
5156,20,secondary_school,0,Electricity,PTHP
5157,102,primary_school,1,NaturalGas,PVAV with gas heat with electric reheat
5158,103,primary_school,1,Electricity,PVAV with PFP boxes
5159,1,medium_office,0,Electricity,PSZ-HP
5160,33,quick_service_restaurant,0,NaturalGas,Residential AC with residential forced air furnace
5161,4,full_service_restaurant,1,Propane,PSZ-AC with gas coil
5162,28,full_service_restaurant,1,NaturalGas,PVAV with gas heat with electric reheat
5163,108,large_hotel,0,NaturalGas,PTAC with gas coil
5164,106,warehouse,1,NaturalGas,PVAV with gas heat with electric reheat
5165,38,small_office,0,DistrictHeating,PSZ-AC with district hot water
5166,3,small_office,1,NaturalGas,PVAV with gas heat with electric reheat
5167,104,medium_office,1,Electricity,VAV chiller with PFP boxes
5168,41,small_office,0,Electricity,PTAC with electric coil
5169,47,retail,1,DistrictHeating,PSZ-AC with district hot water
5170,32,outpatient,1,Electricity,PVAV with PFP boxes
5171,30,outpatient,0,Electricity,PSZ-HP
5172,6,outpatient,2,Electricity,PVAV with PFP boxes
5173,48,primary_school,1,NaturalGas,VAV chiller with gas boiler reheat
5174,4,primary_school,1,NaturalGas,PVAV with gas heat with electric reheat
5175,102,medium_office,0,DistrictHeating,VAV chiller with district hot water reheat
5176,100,medium_office,0,Electricity,PSZ-HP
5177,20,medium_office,1,Electricity,VAV chiller with PFP boxes
5178,17,medium_office,1,Electricity,PSZ-HP
5179,26,small_office,1,Propane,PSZ-AC with gas coil
5180,36,outpatient,1,NaturalGas,PVAV with gas boiler reheat
5181,18,small_office,1,Propane,PSZ-AC with gas coil
5182,24,small_office,1,FuelOil,PVAV with gas boiler reheat
5183,36,medium_office,1,FuelOil,PSZ-AC with gas boiler
5184,16,large_hotel,0,Electricity,DOAS with water source heat pumps with ground source heat pump
5185,27,secondary_school,0,NaturalGas,DOAS with fan coil air-cooled chiller with boiler
5186,27,secondary_school,0,Electricity,PTHP
5187,9,secondary_school,0,NaturalGas,VAV air-cooled chiller with gas boiler reheat
5188,12,secondary_school,0,Electricity,DOAS with water source heat pumps with ground source heat pump
5189,8,secondary_school,0,NaturalGas,PVAV with gas heat with electric reheat
5190,15,retail,1,Electricity,PSZ-AC with electric coil
5191,34,small_office,0,Electricity,PTHP
5192,32,small_office,1,NaturalGas,Residential AC with residential forced air furnace
5193,30,warehouse,0,Electricity,PTHP
5194,9,full_service_restaurant,1,NaturalGas,PVAV with gas boiler reheat
5195,17,warehouse,0,Electricity,PTHP
5196,18,warehouse,1,DistrictHeating,DOAS with fan coil chiller with district hot water
5197,105,large_hotel,0,Electricity,DOAS with water source heat pumps with ground source heat pump
5198,28,small_office,1,Electricity,PSZ-HP
5199,8,large_office,1,DistrictHeating,VAV chiller with district hot water reheat
5200,13,large_office,1,DistrictHeating,VAV district chilled water with district hot water reheat
5201,48,large_hotel,1,Electricity,DOAS with fan coil chiller with baseboard electric
5202,19,small_hotel,0,Propane,Residential AC with residential forced air furnace
5203,31,primary_school,1,NaturalGas,PSZ-AC with gas coil
5204,0,primary_school,0,NaturalGas,PVAV with gas boiler reheat
5205,38,primary_school,1,NaturalGas,PSZ-AC with gas boiler
5206,29,large_hotel,0,NaturalGas,DOAS with water source heat pumps cooling tower with boiler
5207,2,medium_office,1,NaturalGas,PSZ-AC with gas coil
5208,7,medium_office,0,Electricity,PVAV with PFP boxes
5209,101,quick_service_restaurant,0,Electricity,PSZ-HP
5210,18,large_office,0,NaturalGas,VAV air-cooled chiller with gas boiler reheat
5211,104,warehouse,1,NaturalGas,PVAV with gas heat with electric reheat
5212,43,strip_mall,0,NaturalGas,Residential AC with residential forced air furnace
5213,29,medium_office,0,FuelOil,PSZ-AC with gas coil
5214,26,medium_office,1,DistrictHeating,VAV district chilled water with district hot water reheat
5215,5,warehouse,1,Propane,PSZ-AC with gas coil
5216,20,full_service_restaurant,0,Electricity,PSZ-AC with electric coil
5217,10,large_office,1,NaturalGas,VAV air-cooled chiller with gas boiler reheat
5218,49,full_service_restaurant,0,Propane,PSZ-AC with gas coil
5219,40,full_service_restaurant,1,Propane,PSZ-AC with gas coil
5220,105,retail,0,FuelOil,PSZ-AC with gas coil
5221,12,outpatient,2,Electricity,PVAV with PFP boxes
5222,26,warehouse,0,DistrictHeating,DOAS with fan coil chiller with district hot water
5223,34,primary_school,1,Electricity,PVAV with PFP boxes
5224,30,primary_school,1,Electricity,DOAS with water source heat pumps with ground source heat pump
5225,0,medium_office,1,NaturalGas,VAV chiller with gas boiler reheat
5226,25,large_hotel,1,NaturalGas,DOAS with fan coil chiller with boiler
5227,41,retail,0,Electricity,PTHP
5228,108,small_office,1,NaturalGas,PVAV with gas heat with electric reheat
5229,24,retail,1,DistrictHeating,PSZ-AC with district hot water
5230,14,secondary_school,0,NaturalGas,PSZ-AC with gas coil
5231,8,large_office,1,NaturalGas,DOAS with water source heat pumps cooling tower with boiler
5232,20,secondary_school,1,NaturalGas,VAV chiller with gas boiler reheat
5233,23,secondary_school,0,NaturalGas,VAV air-cooled chiller with gas boiler reheat
5234,0,secondary_school,1,NaturalGas,VAV air-cooled chiller with gas boiler reheat
5235,15,outpatient,0,Electricity,PSZ-AC with electric coil
5236,28,strip_mall,1,NaturalGas,Residential AC with residential forced air furnace
5237,16,warehouse,1,Electricity,PSZ-AC with electric coil
5238,11,grocery,0,NaturalGas,PSZ-AC with gas coil
5239,107,quick_service_restaurant,0,Electricity,PTAC with electric coil
5240,7,retail,0,NaturalGas,Residential AC with residential forced air furnace
5241,17,medium_office,0,NaturalGas,PSZ-AC with gas boiler
5242,30,medium_office,1,DistrictHeating,PSZ-AC with district hot water
5243,106,retail,0,FuelOil,PSZ-AC with gas coil
5244,32,medium_office,0,Electricity,PSZ-HP
5245,103,full_service_restaurant,1,Electricity,PSZ-AC with electric coil
5246,31,medium_office,0,NaturalGas,PVAV with gas boiler reheat
5247,30,medium_office,0,Propane,PSZ-AC with gas coil
5248,20,retail,0,DistrictHeating,PSZ-AC with district hot water
5249,38,small_office,0,DistrictHeating,DOAS with fan coil district chilled water with district hot water
5250,6,warehouse,0,DistrictHeating,DOAS with fan coil chiller with district hot water
5251,13,outpatient,1,Electricity,PSZ-AC with electric coil
5252,0,secondary_school,0,NaturalGas,DOAS with fan coil air-cooled chiller with boiler
5253,26,secondary_school,1,NaturalGas,VAV air-cooled chiller with gas boiler reheat
5254,23,secondary_school,0,Electricity,PSZ-AC with electric coil
5255,26,secondary_school,1,NaturalGas,VAV chiller with gas boiler reheat
5256,32,primary_school,1,NaturalGas,DOAS with water source heat pumps cooling tower with boiler
5257,4,small_office,0,Electricity,PTHP
5258,49,full_service_restaurant,1,Electricity,PSZ-AC with electric coil
5259,9,large_hotel,0,DistrictHeating,DOAS with fan coil district chilled water with district hot water
5260,2,medium_office,1,NaturalGas,PVAV with gas boiler reheat
5261,14,medium_office,1,NaturalGas,PVAV with gas boiler reheat
5262,23,retail,0,Electricity,PTAC with electric coil
5263,26,strip_mall,1,NaturalGas,Residential AC with residential forced air furnace
5264,2,outpatient,0,Electricity,PSZ-HP
5265,19,large_office,0,NaturalGas,DOAS with water source heat pumps cooling tower with boiler
5266,100,warehouse,0,Electricity,PTHP
5267,28,primary_school,1,Electricity,PVAV with PFP boxes
5268,106,primary_school,1,Electricity,DOAS with water source heat pumps with ground source heat pump
5269,11,primary_school,1,Electricity,DOAS with water source heat pumps with ground source heat pump
5270,9,primary_school,0,NaturalGas,PVAV with gas boiler reheat
5271,102,secondary_school,1,Electricity,PTHP
5272,4,secondary_school,0,NaturalGas,DOAS with fan coil air-cooled chiller with boiler
5273,44,secondary_school,0,NaturalGas,PSZ-AC with gas coil
5274,16,primary_school,1,NaturalGas,VAV chiller with gas boiler reheat
5275,38,primary_school,1,NaturalGas,VAV air-cooled chiller with gas boiler reheat
5276,38,secondary_school,0,NaturalGas,VAV air-cooled chiller with gas boiler reheat
5277,20,medium_office,1,Electricity,PSZ-AC with electric coil
5278,101,retail,0,FuelOil,PSZ-AC with gas coil
5279,41,large_hotel,0,Electricity,PTAC with electric coil
5280,105,large_office,0,DistrictHeating,VAV district chilled water with district hot water reheat
5281,3,retail,0,Electricity,PSZ-HP
5282,31,strip_mall,1,Electricity,PSZ-AC with electric coil
5283,36,retail,0,Electricity,PTHP
5284,6,full_service_restaurant,0,DistrictHeating,VAV district chilled water with district hot water reheat
5285,105,primary_school,1,NaturalGas,DOAS with water source heat pumps cooling tower with boiler
5286,21,secondary_school,0,NaturalGas,PSZ-AC with gas boiler
5287,0,hospital,1,NaturalGas,VAV chiller with gas boiler reheat
5288,8,secondary_school,0,NaturalGas,DOAS with fan coil air-cooled chiller with boiler
5289,49,medium_office,1,DistrictHeating,VAV district chilled water with district hot water reheat
5290,0,medium_office,0,NaturalGas,DOAS with fan coil air-cooled chiller with boiler
5291,27,quick_service_restaurant,0,NaturalGas,Residential AC with residential forced air furnace
5292,23,warehouse,0,Electricity,PSZ-HP
5293,38,large_office,1,DistrictHeating,VAV district chilled water with district hot water reheat
5294,48,large_office,0,FuelOil,PVAV with gas boiler reheat
5295,103,full_service_restaurant,1,Electricity,PVAV with PFP boxes
5296,48,large_office,0,NaturalGas,VAV air-cooled chiller with gas boiler reheat
5297,30,large_office,1,NaturalGas,VAV air-cooled chiller with gas boiler reheat
5298,28,medium_office,1,Electricity,PVAV with PFP boxes
5299,24,strip_mall,0,FuelOil,Residential AC with residential forced air furnace
5300,104,full_service_restaurant,1,Electricity,PSZ-AC with electric coil
5301,9,primary_school,1,FuelOil,VAV air-cooled chiller with gas boiler reheat
5302,25,secondary_school,0,NaturalGas,PVAV with gas heat with electric reheat
5303,27,primary_school,0,Electricity,PSZ-HP
5304,4,primary_school,1,NaturalGas,VAV air-cooled chiller with gas boiler reheat
5305,0,primary_school,0,Electricity,PSZ-HP
5306,45,primary_school,1,Electricity,PVAV with PFP boxes
5307,101,large_office,1,Electricity,PVAV with PFP boxes
5308,15,large_hotel,0,NaturalGas,DOAS with water source heat pumps cooling tower with boiler
5309,25,warehouse,1,Propane,PSZ-AC with gas coil
5310,19,large_hotel,1,Electricity,DOAS with fan coil chiller with baseboard electric
5311,5,grocery,0,Propane,Residential AC with residential forced air furnace
5312,25,large_office,0,NaturalGas,PVAV with gas boiler reheat
5313,27,medium_office,1,Electricity,VAV chiller with PFP boxes
5314,107,small_office,0,Propane,Residential AC with residential forced air furnace
5315,34,medium_office,0,NaturalGas,PVAV with gas heat with electric reheat
5316,37,medium_office,0,NaturalGas,PVAV with gas heat with electric reheat
5317,107,large_office,0,NaturalGas,PVAV with gas boiler reheat
5318,30,large_office,1,Electricity,VAV chiller with PFP boxes
5319,41,small_office,1,Electricity,PSZ-HP
5320,15,primary_school,0,Electricity,PSZ-AC with electric coil
5321,29,primary_school,1,FuelOil,PSZ-AC with gas boiler
5322,48,primary_school,1,FuelOil,DOAS with fan coil air-cooled chiller with boiler
5323,17,primary_school,0,Electricity,PSZ-AC with electric coil
5324,108,primary_school,1,NaturalGas,VAV chiller with gas boiler reheat
5325,101,primary_school,1,NaturalGas,PVAV with gas heat with electric reheat
5326,41,primary_school,1,Electricity,PVAV with PFP boxes
5327,0,large_hotel,0,DistrictHeating,DOAS with fan coil district chilled water with district hot water
5328,17,large_hotel,0,DistrictHeating,PTAC with baseboard district hot water
5329,0,medium_office,0,NaturalGas,PSZ-AC with gas boiler
5330,19,large_hotel,0,DistrictHeating,DOAS with fan coil district chilled water with district hot water
5331,34,strip_mall,1,Electricity,PSZ-AC with electric coil
5332,0,large_office,0,Electricity,VAV chiller with PFP boxes
5333,5,medium_office,1,DistrictHeating,PSZ-AC with district hot water
5334,13,large_office,1,Electricity,PVAV with PFP boxes
5335,100,medium_office,1,Electricity,PVAV with PFP boxes
5336,30,outpatient,2,NaturalGas,PVAV with gas boiler reheat
5337,103,medium_office,0,Electricity,PVAV with PFP boxes
5338,101,large_office,1,NaturalGas,VAV air-cooled chiller with gas boiler reheat
5339,20,large_office,1,DistrictHeating,VAV chiller with district hot water reheat
5340,41,full_service_restaurant,0,Electricity,PSZ-HP
5341,26,grocery,1,Electricity,PSZ-AC with electric coil
5342,105,large_office,1,DistrictHeating,VAV district chilled water with district hot water reheat
5343,38,outpatient,0,Electricity,PSZ-AC with electric coil
5344,27,secondary_school,0,Electricity,DOAS with water source heat pumps with ground source heat pump
5345,0,large_office,1,DistrictHeating,VAV district chilled water with district hot water reheat
5346,48,primary_school,0,NaturalGas,PVAV with gas boiler reheat
5347,23,small_office,1,NaturalGas,PVAV with gas heat with electric reheat
5348,27,warehouse,0,Electricity,PTHP
5349,27,small_hotel,0,NaturalGas,Residential AC with residential forced air furnace
5350,38,large_office,1,DistrictHeating,VAV chiller with district hot water reheat
5351,4,warehouse,0,Electricity,PTHP
5352,10,warehouse,0,Electricity,PTHP
5353,106,large_hotel,0,NaturalGas,PTAC with gas coil
5354,21,strip_mall,2,NaturalGas,PSZ-AC with gas coil
5355,103,large_hotel,0,Electricity,DOAS with water source heat pumps with ground source heat pump
5356,12,large_hotel,1,Electricity,PTAC with electric coil
5357,100,small_office,1,NaturalGas,PVAV with gas heat with electric reheat
5358,103,quick_service_restaurant,0,Electricity,PSZ-HP
5359,102,grocery,1,Electricity,PSZ-AC with electric coil
5360,22,secondary_school,0,DistrictHeating,Baseboard district hot water
5361,5,primary_school,1,NaturalGas,DOAS with fan coil air-cooled chiller with boiler
5362,13,secondary_school,1,Electricity,PTHP
5363,7,warehouse,1,NaturalGas,PVAV with gas heat with electric reheat
5364,16,medium_office,1,NaturalGas,PSZ-AC with gas coil
5365,45,small_office,1,NaturalGas,Residential AC with residential forced air furnace
5366,16,outpatient,0,Electricity,PSZ-AC with electric coil
5367,29,medium_office,1,NaturalGas,DOAS with water source heat pumps cooling tower with boiler
5368,107,large_hotel,0,Electricity,DOAS with water source heat pumps with ground source heat pump
5369,4,large_office,0,DistrictHeating,VAV district chilled water with district hot water reheat
5370,106,quick_service_restaurant,0,Electricity,PTAC with electric coil
5371,9,primary_school,1,FuelOil,DOAS with fan coil air-cooled chiller with boiler
5372,11,primary_school,1,NaturalGas,VAV chiller with gas boiler reheat
5373,4,secondary_school,0,NaturalGas,PTAC with gas boiler
5374,13,primary_school,1,NaturalGas,DOAS with water source heat pumps cooling tower with boiler
5375,0,primary_school,1,NaturalGas,VAV chiller with gas boiler reheat
5376,2,grocery,0,Electricity,PSZ-AC with electric coil
5377,3,full_service_restaurant,0,Electricity,PSZ-AC with electric coil
5378,13,small_hotel,0,NaturalGas,PTAC with gas boiler
5379,27,medium_office,0,Electricity,PSZ-HP
5380,5,grocery,1,Propane,PSZ-AC with gas coil
5381,28,large_office,0,NaturalGas,VAV chiller with gas boiler reheat
5382,20,small_hotel,0,Electricity,PTHP
5383,103,medium_office,0,Electricity,PSZ-AC with electric coil
5384,105,small_office,0,DistrictHeating,VAV district chilled water with district hot water reheat
5385,28,medium_office,0,Electricity,PVAV with PFP boxes
5386,39,medium_office,0,NaturalGas,DOAS with fan coil air-cooled chiller with boiler
5387,17,large_office,0,Electricity,VAV chiller with PFP boxes
5388,36,quick_service_restaurant,0,Electricity,PTAC with electric coil
5389,28,medium_office,1,NaturalGas,PSZ-AC with gas coil
5390,24,medium_office,1,DistrictHeating,PSZ-AC with district hot water
5391,4,outpatient,1,NaturalGas,PSZ-AC with gas coil
5392,104,grocery,0,Electricity,PSZ-AC with electric coil
5393,21,secondary_school,0,Electricity,PSZ-AC with electric coil
5394,28,primary_school,1,NaturalGas,PVAV with gas heat with electric reheat
5395,5,primary_school,1,NaturalGas,VAV air-cooled chiller with gas boiler reheat
5396,49,retail,0,Electricity,PTAC with electric coil
5397,24,secondary_school,0,DistrictHeating,VAV district chilled water with district hot water reheat
5398,30,primary_school,1,NaturalGas,PVAV with gas heat with electric reheat
5399,17,secondary_school,1,NaturalGas,VAV chiller with gas boiler reheat
5400,13,hospital,1,NaturalGas,VAV chiller with gas boiler reheat
5401,32,medium_office,1,NaturalGas,PVAV with gas boiler reheat
5402,4,retail,1,Propane,PSZ-AC with gas coil
5403,10,large_office,1,NaturalGas,DOAS with water source heat pumps cooling tower with boiler
5404,5,medium_office,0,NaturalGas,DOAS with fan coil chiller with boiler
5405,10,outpatient,1,DistrictHeating,VAV chiller with district hot water reheat
5406,102,large_office,1,Electricity,PVAV with PFP boxes
5407,17,medium_office,1,NaturalGas,VAV chiller with gas boiler reheat
5408,36,medium_office,1,Electricity,PSZ-HP
5409,27,medium_office,1,Electricity,PSZ-AC with electric coil
5410,18,small_hotel,0,NaturalGas,PTAC with gas boiler
5411,12,primary_school,1,NaturalGas,PSZ-AC with gas coil
5412,4,primary_school,1,NaturalGas,PSZ-AC with gas boiler
5413,17,primary_school,0,NaturalGas,PVAV with gas heat with electric reheat
5414,24,secondary_school,0,DistrictHeating,DOAS with fan coil district chilled water with district hot water
5415,25,secondary_school,1,NaturalGas,VAV air-cooled chiller with gas boiler reheat
5416,109,secondary_school,0,Electricity,PSZ-AC with electric coil
5417,12,large_office,0,Electricity,VAV chiller with PFP boxes
5418,40,large_office,0,NaturalGas,PVAV with gas heat with electric reheat
5419,47,full_service_restaurant,1,FuelOil,PSZ-AC with gas coil
5420,8,medium_office,0,NaturalGas,DOAS with fan coil air-cooled chiller with boiler
5421,11,medium_office,0,NaturalGas,PVAV with gas boiler reheat
5422,19,large_office,1,NaturalGas,VAV air-cooled chiller with gas boiler reheat
5423,10,large_hotel,1,Electricity,DOAS with fan coil chiller with baseboard electric
5424,30,large_office,1,NaturalGas,DOAS with water source heat pumps cooling tower with boiler
5425,103,large_office,0,NaturalGas,VAV chiller with gas boiler reheat
5426,34,medium_office,0,Electricity,PSZ-HP
5427,24,grocery,0,Propane,Residential AC with residential forced air furnace
5428,27,warehouse,1,Electricity,PSZ-AC with electric coil
5429,106,outpatient,0,NaturalGas,PSZ-AC with gas coil
5430,103,grocery,0,Electricity,PSZ-AC with electric coil
5431,2,primary_school,1,NaturalGas,VAV chiller with gas boiler reheat
5432,49,secondary_school,0,NaturalGas,PSZ-AC with gas coil
5433,9,primary_school,0,Electricity,PVAV with PFP boxes
5434,5,secondary_school,1,NaturalGas,VAV chiller with gas boiler reheat
5435,17,primary_school,0,NaturalGas,PVAV with gas boiler reheat
5436,9,secondary_school,1,Electricity,PSZ-HP
5437,15,outpatient,0,Electricity,PSZ-HP
5438,15,full_service_restaurant,1,NaturalGas,PVAV with gas heat with electric reheat
5439,45,retail,0,Electricity,PTHP
5440,46,small_office,0,Propane,PSZ-AC with gas coil
5441,35,small_office,0,Electricity,PTAC with electric coil
5442,43,strip_mall,1,NaturalGas,PSZ-AC with gas coil
5443,104,large_hotel,0,Electricity,PTHP
5444,104,medium_office,0,NaturalGas,PSZ-AC with gas boiler
5445,20,large_office,0,DistrictHeating,VAV district chilled water with district hot water reheat
5446,101,large_office,1,DistrictHeating,VAV district chilled water with district hot water reheat
5447,35,outpatient,0,Electricity,PSZ-AC with electric coil
5448,4,large_hotel,0,NaturalGas,DOAS with water source heat pumps cooling tower with boiler
5449,11,medium_office,1,NaturalGas,VAV air-cooled chiller with gas boiler reheat
5450,19,outpatient,2,NaturalGas,PVAV with gas heat with electric reheat
5451,103,grocery,1,Electricity,PSZ-AC with electric coil
5452,2,primary_school,1,NaturalGas,VAV air-cooled chiller with gas boiler reheat
5453,15,primary_school,1,Electricity,PVAV with PFP boxes
5454,37,primary_school,1,NaturalGas,VAV chiller with gas boiler reheat
5455,104,primary_school,1,NaturalGas,PVAV with gas boiler reheat
5456,33,secondary_school,0,Electricity,PTHP
5457,28,secondary_school,1,NaturalGas,VAV chiller with gas boiler reheat
5458,106,primary_school,1,NaturalGas,PVAV with gas boiler reheat
5459,3,secondary_school,0,NaturalGas,PSZ-AC with gas coil
5460,36,secondary_school,0,NaturalGas,PVAV with gas heat with electric reheat
5461,19,secondary_school,0,DistrictHeating,DOAS with fan coil district chilled water with district hot water
5462,33,large_office,1,NaturalGas,VAV chiller with gas boiler reheat
5463,15,quick_service_restaurant,0,Electricity,PSZ-AC with electric coil
5464,3,full_service_restaurant,1,NaturalGas,PSZ-AC with gas coil
5465,35,medium_office,0,NaturalGas,PSZ-AC with gas coil
5466,34,large_hotel,0,Propane,PTAC with gas boiler
5467,2,retail,1,Propane,PSZ-AC with gas coil
5468,28,medium_office,1,NaturalGas,VAV air-cooled chiller with gas boiler reheat
5469,110,small_office,0,NaturalGas,PSZ-AC with gas coil
5470,106,warehouse,1,Electricity,PVAV with PFP boxes
5471,102,retail,0,Electricity,PTHP
5472,108,small_hotel,0,NaturalGas,PTAC with gas boiler
5473,108,large_hotel,0,Electricity,PTHP
5474,46,warehouse,0,Electricity,PSZ-HP
5475,10,full_service_restaurant,1,NaturalGas,PVAV with gas heat with electric reheat
5476,23,full_service_restaurant,0,Electricity,PSZ-AC with electric coil
5477,11,outpatient,0,Electricity,PSZ-AC with electric coil
5478,37,secondary_school,1,NaturalGas,VAV chiller with gas boiler reheat
5479,0,secondary_school,1,NaturalGas,VAV chiller with gas boiler reheat
5480,32,secondary_school,0,Electricity,DOAS with water source heat pumps with ground source heat pump
5481,49,primary_school,1,NaturalGas,PSZ-AC with gas coil
5482,16,primary_school,1,Electricity,DOAS with water source heat pumps with ground source heat pump
5483,5,hospital,1,NaturalGas,VAV chiller with gas boiler reheat
5484,36,primary_school,1,FuelOil,PVAV with gas boiler reheat
5485,27,small_office,1,NaturalGas,PVAV with gas boiler reheat
5486,37,medium_office,0,DistrictHeating,VAV chiller with district hot water reheat
5487,1,small_hotel,0,Electricity,PTHP
5488,35,quick_service_restaurant,0,Electricity,PSZ-HP
5489,8,strip_mall,1,NaturalGas,Residential AC with residential forced air furnace
5490,16,large_hotel,0,DistrictHeating,DOAS with fan coil district chilled water with district hot water
5491,24,medium_office,0,NaturalGas,PVAV with gas heat with electric reheat
5492,4,large_office,0,NaturalGas,PVAV with gas heat with electric reheat
5493,39,small_office,0,DistrictHeating,VAV chiller with district hot water reheat
5494,102,large_hotel,0,NaturalGas,DOAS with water source heat pumps cooling tower with boiler
5495,107,full_service_restaurant,0,FuelOil,PSZ-AC with gas coil
5496,105,outpatient,1,DistrictHeating,VAV chiller with district hot water reheat
5497,102,strip_mall,0,NaturalGas,Residential AC with residential forced air furnace
5498,20,outpatient,1,NaturalGas,PSZ-AC with gas coil
5499,102,secondary_school,0,Electricity,DOAS with water source heat pumps with ground source heat pump
5500,35,secondary_school,0,NaturalGas,PSZ-AC with gas boiler
5501,37,secondary_school,0,Electricity,PTHP
5502,24,primary_school,0,Propane,PVAV with gas boiler reheat
5503,29,secondary_school,1,NaturalGas,PVAV with gas heat with electric reheat
5504,39,secondary_school,0,NaturalGas,VAV air-cooled chiller with gas boiler reheat
5505,33,warehouse,1,NaturalGas,PVAV with gas boiler reheat
5506,8,outpatient,1,NaturalGas,PSZ-AC with gas coil
5507,49,large_hotel,0,Electricity,PTAC with electric coil
5508,31,retail,0,Electricity,PTAC with electric coil
5509,36,large_hotel,1,Electricity,PTAC with electric coil
5510,103,warehouse,0,NaturalGas,Residential AC with residential forced air furnace
5511,9,outpatient,1,Electricity,VAV air-cooled chiller with PFP boxes
5512,22,large_office,0,NaturalGas,VAV air-cooled chiller with gas boiler reheat
5513,109,strip_mall,0,Propane,PSZ-AC with gas coil
5514,17,warehouse,0,Propane,Residential AC with residential forced air furnace
5515,107,strip_mall,1,Propane,PSZ-AC with gas coil
5516,46,small_hotel,0,Electricity,PTAC with electric coil
5517,101,primary_school,1,NaturalGas,VAV air-cooled chiller with gas boiler reheat
5518,5,secondary_school,0,NaturalGas,PTAC with gas boiler
5519,2,secondary_school,0,Electricity,PTHP
5520,36,primary_school,0,FuelOil,PSZ-AC with gas coil
5521,47,primary_school,1,NaturalGas,VAV air-cooled chiller with gas boiler reheat
5522,25,grocery,1,Electricity,PSZ-AC with electric coil
5523,4,primary_school,0,NaturalGas,PVAV with gas boiler reheat
5524,4,primary_school,1,NaturalGas,DOAS with fan coil air-cooled chiller with boiler
5525,2,secondary_school,0,NaturalGas,PTAC with gas boiler
5526,2,medium_office,1,NaturalGas,VAV air-cooled chiller with gas boiler reheat
5527,16,medium_office,0,DistrictHeating,VAV chiller with district hot water reheat
5528,110,small_office,0,Electricity,PSZ-HP
5529,42,small_hotel,0,NaturalGas,Residential AC with residential forced air furnace
5530,29,medium_office,0,Propane,PSZ-AC with gas coil
5531,106,full_service_restaurant,1,Electricity,PVAV with PFP boxes
5532,6,strip_mall,2,NaturalGas,PSZ-AC with gas coil
5533,100,large_hotel,0,DistrictHeating,PTAC with baseboard district hot water
5534,108,full_service_restaurant,1,Electricity,PSZ-AC with electric coil
5535,107,full_service_restaurant,1,DistrictHeating,VAV district chilled water with district hot water reheat
5536,21,retail,1,Propane,PSZ-AC with gas coil
5537,4,medium_office,0,NaturalGas,DOAS with fan coil air-cooled chiller with boiler
5538,12,retail,0,FuelOil,PSZ-AC with gas coil
5539,11,full_service_restaurant,1,NaturalGas,PVAV with gas heat with electric reheat
5540,48,medium_office,1,Electricity,PSZ-HP
5541,28,grocery,0,NaturalGas,PSZ-AC with gas coil
5542,3,large_hotel,0,Electricity,PTAC with electric coil
5543,4,secondary_school,1,NaturalGas,VAV chiller with gas boiler reheat
5544,8,primary_school,1,NaturalGas,PSZ-AC with gas boiler
5545,29,secondary_school,1,FuelOil,VAV chiller with gas boiler reheat
5546,32,primary_school,0,NaturalGas,PSZ-AC with gas coil
5547,10,primary_school,1,FuelOil,VAV chiller with gas boiler reheat
5548,100,secondary_school,0,Electricity,DOAS with water source heat pumps with ground source heat pump
5549,24,small_office,1,NaturalGas,PVAV with gas boiler reheat
5550,7,warehouse,1,Electricity,PVAV with PFP boxes
5551,22,warehouse,1,Propane,PSZ-AC with gas coil
5552,38,full_service_restaurant,1,Propane,PSZ-AC with gas coil
5553,42,outpatient,0,NaturalGas,PSZ-AC with gas coil
5554,12,medium_office,0,DistrictHeating,DOAS with fan coil district chilled water with district hot water
5555,22,large_office,1,NaturalGas,DOAS with water source heat pumps cooling tower with boiler
5556,25,large_office,1,DistrictHeating,VAV chiller with district hot water reheat
5557,104,medium_office,1,Electricity,PSZ-AC with electric coil
5558,11,large_hotel,0,NaturalGas,DOAS with water source heat pumps cooling tower with boiler
5559,104,strip_mall,0,NaturalGas,Residential AC with residential forced air furnace
5560,33,medium_office,0,NaturalGas,PVAV with gas boiler reheat
5561,109,large_hotel,0,Electricity,PTHP
5562,26,full_service_restaurant,1,Electricity,PSZ-AC with electric coil
5563,25,secondary_school,0,NaturalGas,VAV air-cooled chiller with gas boiler reheat
5564,7,quick_service_restaurant,0,Electricity,PTAC with electric coil
5565,20,hospital,1,NaturalGas,VAV chiller with gas boiler reheat
5566,15,small_office,0,Electricity,PTHP
5567,108,strip_mall,2,Electricity,PVAV with PFP boxes
5568,1,medium_office,1,NaturalGas,PVAV with gas boiler reheat
5569,48,strip_mall,2,Electricity,PVAV with PFP boxes
5570,105,large_office,1,NaturalGas,VAV air-cooled chiller with gas boiler reheat
5571,40,medium_office,0,NaturalGas,PSZ-AC with gas boiler
5572,8,grocery,0,Propane,Residential AC with residential forced air furnace
5573,23,large_hotel,0,Electricity,DOAS with water source heat pumps with ground source heat pump
5574,47,warehouse,0,Electricity,PTAC with electric coil
5575,102,large_hotel,0,Electricity,DOAS with water source heat pumps with ground source heat pump
5576,29,warehouse,0,Electricity,PTHP
5577,1,strip_mall,1,Electricity,PSZ-AC with electric coil
5578,10,large_office,1,FuelOil,VAV chiller with gas boiler reheat
5579,101,large_office,0,NaturalGas,VAV air-cooled chiller with gas boiler reheat
5580,4,medium_office,0,NaturalGas,DOAS with fan coil chiller with boiler
5581,109,small_hotel,0,Propane,Residential AC with residential forced air furnace
5582,28,outpatient,0,NaturalGas,PSZ-AC with gas coil
5583,30,secondary_school,0,Electricity,PTHP
5584,39,secondary_school,0,Electricity,PSZ-AC with electric coil
5585,17,primary_school,0,Electricity,PSZ-HP
5586,107,primary_school,1,NaturalGas,PVAV with gas boiler reheat
5587,30,primary_school,0,Electricity,PSZ-AC with electric coil
5588,25,large_office,0,NaturalGas,DOAS with water source heat pumps cooling tower with boiler
5589,33,full_service_restaurant,1,Propane,PSZ-AC with gas coil
5590,32,medium_office,0,NaturalGas,DOAS with fan coil chiller with boiler
5591,27,grocery,0,Electricity,PSZ-AC with electric coil
5592,35,outpatient,0,Electricity,PSZ-HP
5593,49,retail,0,Electricity,PTHP
5594,12,retail,0,Propane,PSZ-AC with gas coil
5595,105,large_office,1,Electricity,PVAV with PFP boxes
5596,26,retail,1,Propane,PSZ-AC with gas coil
5597,9,large_hotel,1,NaturalGas,PTAC with gas boiler
5598,3,retail,1,NaturalGas,PSZ-AC with gas coil
5599,17,small_hotel,0,NaturalGas,PTAC with gas boiler
5600,48,strip_mall,1,NaturalGas,Residential AC with residential forced air furnace
5601,44,medium_office,0,NaturalGas,PSZ-AC with gas coil
5602,38,large_hotel,0,Electricity,DOAS with water source heat pumps with ground source heat pump
5603,42,retail,0,NaturalGas,Residential AC with residential forced air furnace
5604,42,grocery,1,NaturalGas,PSZ-AC with gas coil
5605,24,primary_school,1,FuelOil,PSZ-AC with gas boiler
5606,101,secondary_school,1,Electricity,PTHP
5607,10,primary_school,1,FuelOil,PSZ-AC with gas boiler
5608,22,primary_school,0,NaturalGas,PVAV with gas heat with electric reheat
5609,32,quick_service_restaurant,0,FuelOil,Residential forced air furnace
5610,21,retail,1,Electricity,PSZ-AC with electric coil
5611,30,large_hotel,0,Electricity,DOAS with water source heat pumps with ground source heat pump
5612,6,strip_mall,0,NaturalGas,Residential AC with residential forced air furnace
5613,22,large_office,1,DistrictHeating,VAV district chilled water with district hot water reheat
5614,105,quick_service_restaurant,0,Electricity,PTAC with electric coil
5615,17,full_service_restaurant,1,Propane,PSZ-AC with gas coil
5616,30,strip_mall,1,NaturalGas,Residential AC with residential forced air furnace
5617,24,small_office,1,NaturalGas,Residential AC with residential forced air furnace
5618,105,medium_office,0,DistrictHeating,VAV chiller with district hot water reheat
5619,48,retail,0,Electricity,PTAC with electric coil
5620,13,large_office,0,Electricity,VAV chiller with PFP boxes
5621,30,secondary_school,1,NaturalGas,PVAV with gas heat with electric reheat
5622,16,quick_service_restaurant,0,Electricity,PSZ-AC with electric coil
5623,19,primary_school,0,Electricity,PVAV with PFP boxes
5624,7,outpatient,0,Electricity,PSZ-AC with electric coil
5625,45,small_hotel,0,NaturalGas,Residential AC with residential forced air furnace
5626,5,quick_service_restaurant,0,Propane,PSZ-AC with gas coil
5627,32,warehouse,0,DistrictHeating,DOAS with fan coil chiller with district hot water
5628,13,grocery,0,Propane,Residential AC with residential forced air furnace
5629,103,medium_office,0,NaturalGas,PVAV with gas heat with electric reheat
5630,39,outpatient,2,Electricity,PVAV with PFP boxes
5631,101,full_service_restaurant,1,Electricity,PSZ-AC with electric coil
5632,105,small_office,0,Propane,PSZ-AC with gas coil
5633,10,outpatient,2,NaturalGas,PVAV with gas boiler reheat
5634,47,small_office,1,Propane,PVAV with gas heat with electric reheat
5635,41,medium_office,0,Electricity,PVAV with PFP boxes
5636,21,primary_school,0,NaturalGas,PSZ-AC with gas coil
5637,17,primary_school,1,NaturalGas,DOAS with water source heat pumps cooling tower with boiler
5638,26,primary_school,1,NaturalGas,DOAS with fan coil air-cooled chiller with boiler
5639,107,primary_school,1,NaturalGas,DOAS with water source heat pumps cooling tower with boiler
5640,31,secondary_school,0,NaturalGas,PVAV with gas heat with electric reheat
5641,32,primary_school,1,NaturalGas,VAV chiller with gas boiler reheat
5642,8,secondary_school,1,Electricity,PTHP
5643,33,outpatient,0,Electricity,PSZ-HP
5644,7,medium_office,0,Electricity,PSZ-AC with electric coil
5645,21,outpatient,0,NaturalGas,PSZ-AC with gas coil
5646,48,quick_service_restaurant,0,FuelOil,Residential forced air furnace
5647,110,warehouse,0,Electricity,PSZ-AC with electric coil
5648,48,full_service_restaurant,1,Electricity,PSZ-AC with electric coil
5649,106,small_hotel,0,NaturalGas,PTAC with gas boiler
5650,36,medium_office,0,Propane,PSZ-AC with gas coil
5651,26,full_service_restaurant,1,NaturalGas,PVAV with gas heat with electric reheat
5652,12,full_service_restaurant,1,NaturalGas,PVAV with gas heat with electric reheat
5653,47,grocery,1,NaturalGas,PSZ-AC with gas coil
5654,48,medium_office,1,Electricity,PSZ-AC with electric coil
5655,36,medium_office,1,Electricity,PSZ-AC with electric coil
5656,103,large_hotel,1,Electricity,PTAC with electric coil
5657,34,small_hotel,0,NaturalGas,Residential AC with residential forced air furnace
5658,2,outpatient,1,Electricity,PSZ-AC with electric coil
5659,105,primary_school,0,Electricity,PSZ-HP
5660,104,secondary_school,0,Electricity,DOAS with water source heat pumps with ground source heat pump
5661,108,secondary_school,0,Electricity,PTHP
5662,37,secondary_school,1,Electricity,PTHP
5663,16,medium_office,1,Electricity,VAV chiller with PFP boxes
5664,26,medium_office,0,DistrictHeating,VAV chiller with district hot water reheat
5665,48,full_service_restaurant,1,Electricity,PVAV with PFP boxes
5666,7,full_service_restaurant,1,Electricity,PVAV with PFP boxes
5667,36,warehouse,0,Propane,Residential AC with residential forced air furnace
5668,104,medium_office,1,Electricity,PSZ-HP
5669,102,large_office,1,NaturalGas,VAV air-cooled chiller with gas boiler reheat
5670,48,quick_service_restaurant,0,Electricity,PSZ-HP
5671,17,large_office,0,NaturalGas,VAV chiller with gas boiler reheat
5672,11,full_service_restaurant,0,DistrictHeating,VAV district chilled water with district hot water reheat
5673,6,large_office,1,DistrictHeating,VAV district chilled water with district hot water reheat
5674,6,large_hotel,0,DistrictHeating,PTAC with baseboard district hot water
5675,38,outpatient,0,NaturalGas,PSZ-AC with gas coil
5676,0,secondary_school,1,NaturalGas,PVAV with gas heat with electric reheat
5677,26,hospital,1,NaturalGas,VAV chiller with gas boiler reheat
5678,35,secondary_school,0,Electricity,PSZ-AC with electric coil
5679,8,secondary_school,0,Electricity,PTHP
5680,30,primary_school,0,FuelOil,PVAV with gas boiler reheat
5681,0,outpatient,1,Electricity,PVAV with PFP boxes
5682,9,full_service_restaurant,1,DistrictHeating,VAV district chilled water with district hot water reheat
5683,24,warehouse,1,NaturalGas,PVAV with gas heat with electric reheat
5684,17,medium_office,0,NaturalGas,PVAV with gas boiler reheat
5685,104,full_service_restaurant,0,Propane,PSZ-AC with gas coil
5686,102,large_office,1,DistrictHeating,VAV district chilled water with district hot water reheat
5687,29,full_service_restaurant,1,NaturalGas,PVAV with gas boiler reheat
5688,46,retail,0,Propane,Residential AC with residential forced air furnace
5689,13,large_office,1,DistrictHeating,VAV chiller with district hot water reheat
5690,31,medium_office,1,NaturalGas,PVAV with gas heat with electric reheat
5691,30,outpatient,2,Electricity,PVAV with PFP boxes
5692,100,large_hotel,0,DistrictHeating,DOAS with fan coil district chilled water with district hot water
5693,17,large_office,0,NaturalGas,PVAV with gas boiler reheat
5694,107,large_office,0,Electricity,PVAV with PFP boxes
5695,103,medium_office,1,Electricity,VAV chiller with PFP boxes
5696,36,full_service_restaurant,1,DistrictHeating,VAV district chilled water with district hot water reheat
5697,13,outpatient,1,NaturalGas,PSZ-AC with gas boiler
5698,9,strip_mall,1,NaturalGas,Residential AC with residential forced air furnace
5699,30,outpatient,0,Electricity,PSZ-AC with electric coil
5700,7,grocery,0,Electricity,PSZ-AC with electric coil
5701,29,quick_service_restaurant,0,Electricity,PTAC with electric coil
5702,17,large_hotel,1,Electricity,PTAC with electric coil
5703,30,primary_school,1,FuelOil,DOAS with fan coil air-cooled chiller with boiler
5704,0,small_office,0,DistrictHeating,DOAS with fan coil chiller with district hot water
5705,31,small_hotel,0,NaturalGas,Residential AC with residential forced air furnace
5706,16,retail,0,Electricity,PTAC with electric coil
5707,26,medium_office,1,NaturalGas,DOAS with water source heat pumps cooling tower with boiler
5708,36,warehouse,1,FuelOil,PSZ-AC with gas coil
5709,107,small_office,0,DistrictHeating,VAV district chilled water with district hot water reheat
5710,13,medium_office,1,NaturalGas,DOAS with water source heat pumps cooling tower with boiler
5711,102,medium_office,0,NaturalGas,DOAS with fan coil air-cooled chiller with boiler
5712,24,large_hotel,0,FuelOil,DOAS with water source heat pumps cooling tower with boiler
5713,15,primary_school,0,NaturalGas,PVAV with gas boiler reheat
5714,40,primary_school,0,Electricity,PSZ-HP
5715,11,primary_school,1,NaturalGas,VAV air-cooled chiller with gas boiler reheat
5716,12,secondary_school,0,NaturalGas,PTAC with gas boiler
5717,28,primary_school,1,NaturalGas,PSZ-AC with gas boiler
5718,21,retail,0,Electricity,PTAC with electric coil
5719,15,small_office,0,Propane,Residential AC with residential forced air furnace
5720,39,large_office,1,DistrictHeating,VAV chiller with district hot water reheat
5721,49,medium_office,0,Electricity,PSZ-AC with electric coil
5722,28,medium_office,0,DistrictHeating,DOAS with fan coil district chilled water with district hot water
5723,12,medium_office,1,DistrictHeating,PSZ-AC with district hot water
5724,6,retail,0,NaturalGas,Residential AC with residential forced air furnace
5725,101,medium_office,0,DistrictHeating,VAV chiller with district hot water reheat
5726,47,small_office,1,NaturalGas,Residential AC with residential forced air furnace
5727,32,medium_office,0,NaturalGas,PVAV with gas boiler reheat
5728,40,medium_office,0,NaturalGas,DOAS with fan coil air-cooled chiller with boiler
5729,109,quick_service_restaurant,0,Electricity,PSZ-HP
5730,11,medium_office,0,Electricity,PSZ-AC with electric coil
5731,47,medium_office,0,Electricity,PSZ-AC with electric coil
5732,13,medium_office,0,NaturalGas,DOAS with fan coil chiller with boiler
5733,3,large_hotel,0,DistrictHeating,PTAC with baseboard district hot water
5734,109,grocery,0,NaturalGas,PSZ-AC with gas coil
5735,42,medium_office,0,NaturalGas,PSZ-AC with gas coil
5736,46,full_service_restaurant,1,NaturalGas,PSZ-AC with gas coil
5737,105,primary_school,1,NaturalGas,PSZ-AC with gas boiler
5738,2,retail,0,Propane,Residential AC with residential forced air furnace
5739,47,secondary_school,0,NaturalGas,PSZ-AC with gas coil
5740,24,secondary_school,1,FuelOil,VAV chiller with gas boiler reheat
5741,36,primary_school,0,NaturalGas,PVAV with gas boiler reheat
5742,19,primary_school,1,NaturalGas,PSZ-AC with gas coil
5743,102,primary_school,1,Electricity,DOAS with water source heat pumps with ground source heat pump
5744,16,primary_school,0,Electricity,PSZ-AC with electric coil
5745,45,medium_office,0,Electricity,PSZ-AC with electric coil
5746,14,medium_office,0,NaturalGas,PVAV with gas boiler reheat
5747,46,strip_mall,0,NaturalGas,Residential AC with residential forced air furnace
5748,24,outpatient,0,Propane,PSZ-AC with gas coil
5749,38,large_office,0,Electricity,VAV chiller with PFP boxes
5750,104,full_service_restaurant,1,Electricity,PVAV with PFP boxes
5751,31,large_hotel,0,Electricity,PTAC with electric coil
5752,19,outpatient,1,Electricity,VAV air-cooled chiller with PFP boxes
5753,10,small_office,0,DistrictHeating,VAV district chilled water with district hot water reheat
5754,48,large_hotel,0,Electricity,DOAS with water source heat pumps with ground source heat pump
5755,107,large_hotel,0,DistrictHeating,PTAC with baseboard district hot water
5756,107,large_hotel,0,DistrictHeating,DOAS with fan coil district chilled water with district hot water
5757,10,small_office,1,Propane,Residential AC with residential forced air furnace
5758,40,large_office,0,DistrictHeating,VAV district chilled water with district hot water reheat
5759,39,large_hotel,0,FuelOil,PTAC with gas boiler
5760,18,secondary_school,0,Electricity,PTHP
5761,16,secondary_school,0,NaturalGas,VAV air-cooled chiller with gas boiler reheat
5762,23,secondary_school,0,NaturalGas,PTAC with gas boiler
5763,27,large_hotel,0,Electricity,PTHP
5764,105,secondary_school,1,Electricity,PSZ-HP
5765,39,secondary_school,0,NaturalGas,DOAS with fan coil air-cooled chiller with boiler
5766,103,primary_school,1,NaturalGas,PSZ-AC with gas coil
5767,14,primary_school,0,NaturalGas,PSZ-AC with gas coil
5768,48,primary_school,1,FuelOil,VAV air-cooled chiller with gas boiler reheat
5769,5,full_service_restaurant,1,Propane,PSZ-AC with gas coil
5770,32,small_office,1,Propane,PSZ-AC with gas coil
5771,24,outpatient,0,DistrictHeating,VAV chiller with district hot water reheat
5772,11,outpatient,0,Electricity,PSZ-HP
5773,107,strip_mall,0,NaturalGas,Residential AC with residential forced air furnace
5774,13,full_service_restaurant,1,Electricity,PVAV with PFP boxes
5775,48,small_office,1,FuelOil,PVAV with gas boiler reheat
5776,106,small_office,1,NaturalGas,Residential AC with residential forced air furnace
5777,36,large_office,0,Electricity,PVAV with PFP boxes
5778,36,large_office,1,NaturalGas,VAV air-cooled chiller with gas boiler reheat
5779,39,strip_mall,0,NaturalGas,Residential AC with residential forced air furnace
5780,34,small_office,0,FuelOil,Residential AC with residential forced air furnace
5781,18,small_hotel,0,Propane,Residential AC with residential forced air furnace
5782,33,secondary_school,0,Electricity,DOAS with water source heat pumps with ground source heat pump
5783,45,primary_school,1,Electricity,DOAS with water source heat pumps with ground source heat pump
5784,46,secondary_school,0,FuelOil,PSZ-AC with gas boiler
5785,35,strip_mall,2,Electricity,PVAV with PFP boxes
5786,28,small_office,1,Propane,PSZ-AC with gas coil
5787,21,small_office,0,Electricity,PTHP
5788,33,grocery,1,Propane,PSZ-AC with gas coil
5789,11,full_service_restaurant,1,Electricity,PVAV with PFP boxes
5790,37,grocery,1,Propane,PSZ-AC with gas coil
5791,0,large_office,0,NaturalGas,PVAV with gas boiler reheat
5792,18,large_hotel,0,Electricity,DOAS with water source heat pumps with ground source heat pump
5793,3,small_hotel,0,Electricity,PTHP
5794,39,full_service_restaurant,1,Electricity,PSZ-AC with electric coil
5795,30,medium_office,1,NaturalGas,DOAS with water source heat pumps cooling tower with boiler
5796,47,medium_office,1,Electricity,PVAV with PFP boxes
5797,102,retail,0,FuelOil,PSZ-AC with gas coil
5798,26,large_office,0,DistrictHeating,VAV district chilled water with district hot water reheat
5799,0,outpatient,2,Electricity,PVAV with PFP boxes
5800,3,quick_service_restaurant,0,NaturalGas,PSZ-AC with gas coil
5801,3,quick_service_restaurant,0,Electricity,PSZ-AC with electric coil
5802,34,warehouse,0,Electricity,PTHP
5803,22,outpatient,1,NaturalGas,PSZ-AC with gas boiler
5804,101,large_office,1,DistrictHeating,VAV chiller with district hot water reheat
5805,17,secondary_school,1,Electricity,PTHP
5806,36,hospital,1,NaturalGas,VAV chiller with gas boiler reheat
5807,12,secondary_school,1,Electricity,PSZ-HP
5808,34,secondary_school,0,NaturalGas,DOAS with fan coil air-cooled chiller with boiler
5809,24,primary_school,1,NaturalGas,PVAV with gas boiler reheat
5810,16,primary_school,1,NaturalGas,VAV air-cooled chiller with gas boiler reheat
5811,47,primary_school,1,NaturalGas,PVAV with gas boiler reheat
5812,46,primary_school,0,NaturalGas,PSZ-AC with gas coil
5813,5,primary_school,1,NaturalGas,DOAS with water source heat pumps cooling tower with boiler
5814,20,large_hotel,0,Propane,DOAS with water source heat pumps cooling tower with boiler
5815,29,secondary_school,1,NaturalGas,PSZ-AC with gas boiler
5816,27,grocery,1,Electricity,PSZ-AC with electric coil
5817,49,medium_office,0,DistrictHeating,VAV chiller with district hot water reheat
5818,15,small_office,1,NaturalGas,PVAV with gas boiler reheat
5819,31,outpatient,0,NaturalGas,PSZ-AC with gas coil
5820,0,large_office,0,NaturalGas,VAV chiller with gas boiler reheat
5821,34,small_office,1,Propane,PSZ-AC with gas coil
5822,20,large_office,0,NaturalGas,PVAV with gas boiler reheat
5823,34,medium_office,0,NaturalGas,PVAV with gas boiler reheat
5824,6,full_service_restaurant,1,NaturalGas,PSZ-AC with gas coil
5825,11,medium_office,1,Electricity,PSZ-AC with electric coil
5826,26,large_hotel,0,NaturalGas,DOAS with water source heat pumps cooling tower with boiler
5827,24,medium_office,1,NaturalGas,VAV air-cooled chiller with gas boiler reheat
5828,10,outpatient,1,NaturalGas,PSZ-AC with gas boiler
5829,6,outpatient,1,Electricity,PVAV with PFP boxes
5830,33,grocery,0,Electricity,PSZ-AC with electric coil
5831,105,hospital,1,NaturalGas,VAV chiller with gas boiler reheat
5832,36,small_office,0,Electricity,PTHP
5833,39,full_service_restaurant,1,Electricity,PVAV with PFP boxes
5834,8,outpatient,1,Electricity,PSZ-AC with electric coil
5835,39,primary_school,1,NaturalGas,DOAS with fan coil air-cooled chiller with boiler
5836,7,strip_mall,1,NaturalGas,PSZ-AC with gas coil
5837,37,warehouse,0,DistrictHeating,DOAS with fan coil chiller with district hot water
5838,2,grocery,1,Electricity,PSZ-AC with electric coil
5839,20,warehouse,1,NaturalGas,PVAV with gas boiler reheat
5840,14,strip_mall,0,Propane,PSZ-AC with gas coil
5841,13,medium_office,0,NaturalGas,DOAS with fan coil air-cooled chiller with boiler
5842,47,medium_office,0,NaturalGas,PSZ-AC with gas boiler
5843,47,medium_office,1,NaturalGas,PSZ-AC with gas coil
5844,5,medium_office,0,NaturalGas,PVAV with gas boiler reheat
5845,102,small_office,0,DistrictHeating,VAV district chilled water with district hot water reheat
5846,108,full_service_restaurant,1,Electricity,PVAV with PFP boxes
5847,32,large_office,1,Electricity,PVAV with PFP boxes
5848,18,outpatient,2,NaturalGas,VAV air-cooled chiller with gas boiler reheat
5849,27,secondary_school,0,NaturalGas,VAV air-cooled chiller with gas boiler reheat
5850,12,secondary_school,0,NaturalGas,VAV air-cooled chiller with gas boiler reheat
5851,38,primary_school,1,NaturalGas,PSZ-AC with gas coil
5852,28,primary_school,1,NaturalGas,VAV air-cooled chiller with gas boiler reheat
5853,1,primary_school,0,NaturalGas,PSZ-AC with gas coil
5854,32,warehouse,1,Propane,PVAV with gas heat with electric reheat
5855,0,outpatient,1,NaturalGas,PSZ-AC with gas coil
5856,107,medium_office,0,DistrictHeating,VAV chiller with district hot water reheat
5857,34,medium_office,1,NaturalGas,VAV air-cooled chiller with gas boiler reheat
5858,102,large_hotel,0,DistrictHeating,PTAC with baseboard district hot water
5859,105,large_office,1,DistrictHeating,VAV chiller with district hot water reheat
5860,39,small_office,0,Propane,Residential AC with residential forced air furnace
5861,105,strip_mall,1,NaturalGas,Residential AC with residential forced air furnace
5862,16,warehouse,0,Electricity,PTHP
5863,1,medium_office,1,Electricity,PVAV with PFP boxes
5864,18,outpatient,1,NaturalGas,PSZ-AC with gas boiler
5865,18,outpatient,2,NaturalGas,PVAV with gas boiler reheat
5866,6,outpatient,1,Electricity,PSZ-AC with electric coil
5867,49,primary_school,1,Electricity,DOAS with water source heat pumps with ground source heat pump
5868,10,secondary_school,1,NaturalGas,VAV chiller with gas boiler reheat
5869,108,primary_school,1,NaturalGas,PVAV with gas heat with electric reheat
5870,24,primary_school,1,FuelOil,VAV air-cooled chiller with gas boiler reheat
5871,20,primary_school,1,NaturalGas,DOAS with water source heat pumps cooling tower with boiler
5872,108,secondary_school,1,Electricity,PTHP
5873,103,secondary_school,0,NaturalGas,PSZ-AC with gas coil
5874,106,secondary_school,0,Electricity,PTHP
5875,30,hospital,1,DistrictHeating,VAV district chilled water with district hot water reheat
5876,0,full_service_restaurant,1,NaturalGas,PVAV with gas heat with electric reheat
5877,10,primary_school,1,NaturalGas,PVAV with gas heat with electric reheat
5878,8,warehouse,1,Propane,PVAV with gas heat with electric reheat
5879,16,secondary_school,1,NaturalGas,PVAV with gas boiler reheat
5880,33,large_office,1,Electricity,VAV chiller with PFP boxes
5881,101,grocery,1,Electricity,PSZ-AC with electric coil
5882,20,large_office,0,NaturalGas,VAV chiller with gas boiler reheat
5883,106,medium_office,0,NaturalGas,PVAV with gas heat with electric reheat
5884,37,medium_office,1,NaturalGas,VAV chiller with gas boiler reheat
5885,43,small_office,1,Electricity,PSZ-AC with electric coil
5886,103,warehouse,0,Propane,PSZ-AC with gas coil
5887,107,small_office,1,Propane,PSZ-AC with gas coil
5888,101,strip_mall,0,NaturalGas,Residential AC with residential forced air furnace
5889,43,full_service_restaurant,0,Electricity,PSZ-HP
5890,43,full_service_restaurant,0,Electricity,PSZ-AC with electric coil
5891,39,small_office,0,DistrictHeating,PSZ-AC with district hot water
5892,101,full_service_restaurant,1,Electricity,PVAV with PFP boxes
5893,44,strip_mall,2,NaturalGas,PSZ-AC with gas coil
5894,49,small_office,0,Electricity,PTHP
5895,29,retail,0,Propane,PSZ-AC with gas coil
5896,105,full_service_restaurant,1,NaturalGas,PVAV with gas heat with electric reheat
5897,38,large_office,1,Electricity,PVAV with PFP boxes
5898,27,secondary_school,0,NaturalGas,PTAC with gas boiler
5899,106,primary_school,1,NaturalGas,DOAS with water source heat pumps cooling tower with boiler
5900,39,primary_school,0,NaturalGas,PVAV with gas heat with electric reheat
5901,8,primary_school,1,NaturalGas,PVAV with gas boiler reheat
5902,108,primary_school,1,NaturalGas,VAV air-cooled chiller with gas boiler reheat
5903,46,small_office,0,Electricity,PTHP
5904,19,primary_school,0,Electricity,PSZ-AC with electric coil
5905,37,large_hotel,0,DistrictHeating,PTAC with baseboard district hot water
5906,29,retail,1,DistrictHeating,VAV air-cooled chiller with district hot water reheat
5907,0,grocery,0,Propane,Residential AC with residential forced air furnace
5908,31,retail,0,Electricity,PTHP
5909,25,full_service_restaurant,1,Propane,PSZ-AC with gas coil
5910,0,large_hotel,0,Electricity,DOAS with water source heat pumps with ground source heat pump
5911,23,small_office,1,Electricity,PSZ-AC with electric coil
5912,29,outpatient,2,Electricity,PVAV with PFP boxes
5913,24,warehouse,1,Electricity,PSZ-AC with electric coil
5914,104,medium_office,1,DistrictHeating,VAV district chilled water with district hot water reheat
5915,23,small_office,1,Propane,PSZ-AC with gas coil
5916,17,large_office,1,Electricity,VAV chiller with PFP boxes
5917,41,warehouse,0,Electricity,PSZ-HP
5918,106,retail,0,Electricity,PTHP
5919,21,small_office,1,NaturalGas,PVAV with gas heat with electric reheat
5920,105,medium_office,0,NaturalGas,DOAS with fan coil air-cooled chiller with boiler
5921,25,large_office,1,NaturalGas,DOAS with water source heat pumps cooling tower with boiler
5922,4,large_office,0,NaturalGas,VAV air-cooled chiller with gas boiler reheat
5923,103,medium_office,1,Electricity,PSZ-AC with electric coil
5924,49,small_office,0,Propane,Residential AC with residential forced air furnace
5925,47,small_office,1,FuelOil,Residential AC with residential forced air furnace
5926,17,medium_office,0,NaturalGas,DOAS with fan coil chiller with boiler
5927,27,medium_office,1,NaturalGas,VAV chiller with gas boiler reheat
5928,11,small_office,0,Electricity,PTHP
5929,104,small_hotel,0,Propane,Residential AC with residential forced air furnace
5930,7,grocery,0,NaturalGas,PSZ-AC with gas coil
5931,20,primary_school,0,Electricity,PSZ-HP
5932,0,primary_school,1,NaturalGas,DOAS with fan coil air-cooled chiller with boiler
5933,108,secondary_school,0,Electricity,DOAS with water source heat pumps with ground source heat pump
5934,10,primary_school,1,NaturalGas,DOAS with fan coil air-cooled chiller with boiler
5935,25,primary_school,0,FuelOil,PSZ-AC with gas coil
5936,32,large_office,1,NaturalGas,VAV chiller with gas boiler reheat
5937,48,primary_school,1,NaturalGas,PVAV with gas heat with electric reheat
5938,33,hospital,1,NaturalGas,VAV chiller with gas boiler reheat
5939,2,full_service_restaurant,1,Propane,PSZ-AC with gas coil
5940,1,large_hotel,0,NaturalGas,PTAC with gas boiler
5941,22,retail,1,Electricity,PVAV with PFP boxes
5942,35,large_hotel,0,Electricity,PTAC with electric coil
5943,33,small_office,1,NaturalGas,PVAV with gas boiler reheat
5944,21,warehouse,0,Electricity,PTAC with electric coil
5945,36,outpatient,1,NaturalGas,PSZ-AC with gas boiler
5946,28,large_office,0,NaturalGas,PVAV with gas heat with electric reheat
5947,44,warehouse,0,Electricity,PTAC with electric coil
5948,105,large_hotel,0,DistrictHeating,DOAS with fan coil district chilled water with district hot water
5949,36,retail,1,Propane,PSZ-AC with gas coil
5950,47,quick_service_restaurant,0,Electricity,PSZ-HP
5951,40,medium_office,0,NaturalGas,DOAS with fan coil chiller with boiler
5952,104,grocery,1,Electricity,PSZ-AC with electric coil
5953,13,primary_school,0,NaturalGas,PVAV with gas heat with electric reheat
5954,40,primary_school,1,NaturalGas,PVAV with gas boiler reheat
5955,9,primary_school,1,FuelOil,DOAS with water source heat pumps cooling tower with boiler
5956,2,primary_school,0,Electricity,PSZ-AC with electric coil
5957,8,secondary_school,0,NaturalGas,VAV air-cooled chiller with gas boiler reheat
5958,37,medium_office,1,DistrictHeating,VAV district chilled water with district hot water reheat
5959,40,grocery,0,Propane,Residential AC with residential forced air furnace
5960,40,large_office,1,DistrictHeating,VAV district chilled water with district hot water reheat
5961,24,large_hotel,0,NaturalGas,PTAC with gas coil
5962,24,small_office,1,Propane,Residential AC with residential forced air furnace
5963,12,outpatient,1,Electricity,PVAV with PFP boxes
5964,44,warehouse,0,Propane,PSZ-AC with gas coil
5965,108,medium_office,0,Electricity,PVAV with PFP boxes
5966,36,outpatient,1,Electricity,PSZ-AC with electric coil
5967,39,large_hotel,0,FuelOil,PTAC with gas coil
5968,34,secondary_school,0,NaturalGas,PTAC with gas boiler
5969,32,secondary_school,1,NaturalGas,VAV chiller with gas boiler reheat
5970,105,secondary_school,1,NaturalGas,VAV air-cooled chiller with gas boiler reheat
5971,22,secondary_school,0,DistrictHeating,DOAS with fan coil district chilled water with district hot water
5972,12,secondary_school,1,NaturalGas,VAV chiller with gas boiler reheat
5973,107,secondary_school,0,NaturalGas,PVAV with gas heat with electric reheat
5974,1,secondary_school,0,Electricity,PTHP
5975,30,warehouse,0,Propane,Residential AC with residential forced air furnace
5976,45,large_hotel,0,NaturalGas,PTAC with gas coil
5977,108,retail,0,Electricity,PTHP
5978,105,large_hotel,0,DistrictHeating,PTAC with baseboard district hot water
5979,8,large_hotel,1,Electricity,PTAC with electric coil
5980,20,medium_office,0,NaturalGas,PSZ-AC with gas boiler
5981,38,large_hotel,0,DistrictHeating,DOAS with fan coil district chilled water with district hot water
5982,32,small_office,1,NaturalGas,PVAV with gas boiler reheat
5983,28,retail,1,FuelOil,PSZ-AC with gas coil
5984,4,outpatient,1,Electricity,PSZ-AC with electric coil
5985,35,small_office,1,Propane,PSZ-AC with gas coil
5986,46,small_office,1,Electricity,PVAV with PFP boxes
5987,107,outpatient,0,Electricity,PSZ-AC with electric coil
5988,16,full_service_restaurant,1,NaturalGas,PVAV with gas heat with electric reheat
5989,41,medium_office,0,Electricity,PSZ-AC with electric coil
5990,24,small_hotel,0,NaturalGas,PTAC with gas boiler
5991,105,large_hotel,0,NaturalGas,DOAS with water source heat pumps cooling tower with boiler
5992,34,warehouse,1,Electricity,PSZ-AC with electric coil
5993,44,small_hotel,0,Electricity,PTHP
5994,49,outpatient,0,Electricity,PSZ-HP
5995,4,grocery,1,Electricity,PSZ-AC with electric coil
5996,11,secondary_school,0,Electricity,PTHP
5997,9,primary_school,0,NaturalGas,PVAV with gas heat with electric reheat
5998,105,secondary_school,1,NaturalGas,PVAV with gas boiler reheat
5999,105,secondary_school,0,NaturalGas,PVAV with gas heat with electric reheat
6000,12,primary_school,0,Electricity,PSZ-HP
6001,27,primary_school,1,NaturalGas,PSZ-AC with gas coil
6002,29,small_office,1,FuelOil,PVAV with gas boiler reheat
6003,31,quick_service_restaurant,0,NaturalGas,Residential AC with residential forced air furnace
6004,5,secondary_school,0,NaturalGas,PVAV with gas heat with electric reheat
6005,29,secondary_school,0,Electricity,PSZ-AC with electric coil
6006,8,outpatient,1,Electricity,PVAV with PFP boxes
6007,7,outpatient,0,Electricity,PSZ-HP
6008,103,retail,0,FuelOil,PSZ-AC with gas coil
6009,36,large_office,1,NaturalGas,DOAS with water source heat pumps cooling tower with boiler
6010,14,medium_office,1,Electricity,PVAV with PFP boxes
6011,1,small_office,1,NaturalGas,PVAV with gas heat with electric reheat
6012,35,small_office,1,NaturalGas,Residential AC with residential forced air furnace
6013,28,large_hotel,0,Electricity,PTHP
6014,16,outpatient,0,Electricity,PSZ-HP
6015,36,medium_office,1,Electricity,VAV chiller with PFP boxes
6016,106,small_hotel,0,Propane,Residential AC with residential forced air furnace
6017,102,large_hotel,0,DistrictHeating,DOAS with fan coil district chilled water with district hot water
6018,17,small_office,0,DistrictHeating,VAV chiller with district hot water reheat
6019,106,large_hotel,0,Electricity,PTHP
6020,102,full_service_restaurant,1,DistrictHeating,VAV district chilled water with district hot water reheat
6021,30,large_hotel,1,Electricity,PTAC with electric coil
6022,107,outpatient,0,DistrictHeating,VAV chiller with district hot water reheat
6023,14,small_hotel,0,NaturalGas,Residential AC with residential forced air furnace
6024,43,small_office,0,Electricity,PTHP
6025,21,small_hotel,0,Propane,Residential AC with residential forced air furnace
6026,24,grocery,1,Propane,PSZ-AC with gas coil
6027,25,outpatient,2,Electricity,PVAV with PFP boxes
6028,25,secondary_school,0,Electricity,PSZ-AC with electric coil
6029,24,secondary_school,0,NaturalGas,PTAC with gas boiler
6030,36,secondary_school,1,NaturalGas,VAV chiller with gas boiler reheat
6031,104,secondary_school,1,Electricity,PSZ-HP
6032,5,hospital,1,Electricity,PSZ-AC with electric coil
6033,17,primary_school,0,Electricity,PVAV with PFP boxes
6034,9,large_office,0,DistrictHeating,PVAV with district hot water reheat
6035,25,primary_school,1,Electricity,DOAS with water source heat pumps with ground source heat pump
6036,31,small_office,1,Electricity,PVAV with PFP boxes
6037,1,warehouse,0,NaturalGas,Residential AC with residential forced air furnace
6038,45,quick_service_restaurant,0,Electricity,PTAC with electric coil
6039,100,large_hotel,0,FuelOil,PTAC with gas boiler
6040,47,medium_office,1,DistrictHeating,PSZ-AC with district hot water
6041,29,large_hotel,1,Electricity,DOAS with fan coil chiller with baseboard electric
6042,106,small_office,0,Propane,PSZ-AC with gas coil
6043,30,large_office,1,DistrictHeating,VAV district chilled water with district hot water reheat
6044,46,small_office,1,Electricity,PSZ-HP
6045,46,medium_office,1,NaturalGas,PVAV with gas heat with electric reheat
6046,106,grocery,0,Electricity,PSZ-AC with electric coil
6047,20,quick_service_restaurant,0,FuelOil,Residential forced air furnace
6048,24,grocery,0,Electricity,PSZ-AC with electric coil
6049,18,outpatient,2,NaturalGas,VAV chiller with gas boiler reheat
6050,7,secondary_school,0,Electricity,PSZ-AC with electric coil
6051,38,retail,1,Electricity,PVAV with PFP boxes
6052,12,secondary_school,1,NaturalGas,PVAV with gas boiler reheat
6053,102,primary_school,1,NaturalGas,PVAV with gas boiler reheat
6054,5,primary_school,1,NaturalGas,VAV chiller with gas boiler reheat
6055,15,medium_office,0,Electricity,PVAV with PFP boxes
6056,103,large_hotel,0,DistrictHeating,PTAC with baseboard district hot water
6057,19,outpatient,0,DistrictHeating,VAV chiller with district hot water reheat
6058,38,small_office,0,DistrictHeating,VAV air-cooled chiller with district hot water reheat
6059,26,medium_office,1,Electricity,PSZ-HP
6060,107,warehouse,1,Electricity,PVAV with PFP boxes
6061,14,warehouse,0,Propane,PSZ-AC with gas coil
6062,9,large_office,0,NaturalGas,VAV air-cooled chiller with gas boiler reheat
6063,11,small_office,1,NaturalGas,PVAV with gas boiler reheat
6064,40,warehouse,0,Electricity,PTHP
6065,24,outpatient,1,NaturalGas,PSZ-AC with gas coil
6066,13,outpatient,1,Electricity,PVAV with PFP boxes
6067,48,outpatient,2,NaturalGas,VAV chiller with gas boiler reheat
6068,104,primary_school,1,NaturalGas,DOAS with water source heat pumps cooling tower with boiler
6069,22,hospital,1,DistrictHeating,VAV district chilled water with district hot water reheat
6070,28,secondary_school,0,NaturalGas,PTAC with gas boiler
6071,19,secondary_school,0,DistrictHeating,VAV district chilled water with district hot water reheat
6072,106,primary_school,1,NaturalGas,PSZ-AC with gas boiler
6073,30,secondary_school,1,NaturalGas,PSZ-AC with gas boiler
6074,107,secondary_school,1,Electricity,PSZ-HP
6075,48,secondary_school,1,NaturalGas,PVAV with gas heat with electric reheat
6076,49,medium_office,1,Electricity,PSZ-AC with electric coil
6077,1,large_hotel,0,NaturalGas,PTAC with gas coil
6078,100,large_hotel,0,FuelOil,PTAC with gas coil
6079,7,small_office,1,NaturalGas,PSZ-AC with gas coil
6080,35,warehouse,0,Electricity,PTAC with electric coil
6081,1,strip_mall,2,Electricity,PVAV with PFP boxes
6082,48,large_hotel,1,DistrictHeating,DOAS with fan coil chiller with district hot water
6083,107,medium_office,0,NaturalGas,DOAS with fan coil air-cooled chiller with boiler
6084,17,warehouse,0,DistrictHeating,DOAS with fan coil chiller with district hot water
6085,27,full_service_restaurant,0,Electricity,PSZ-HP
6086,4,retail,0,Propane,Residential AC with residential forced air furnace
6087,36,outpatient,0,FuelOil,PSZ-AC with gas coil
6088,103,small_hotel,0,NaturalGas,PTAC with gas boiler
6089,103,large_office,0,NaturalGas,PVAV with gas boiler reheat
6090,12,primary_school,0,Electricity,PVAV with PFP boxes
6091,16,primary_school,1,NaturalGas,PVAV with gas boiler reheat
6092,107,secondary_school,0,NaturalGas,PSZ-AC with gas boiler
6093,37,secondary_school,0,Electricity,DOAS with water source heat pumps with ground source heat pump
6094,39,large_office,1,NaturalGas,VAV air-cooled chiller with gas boiler reheat
6095,18,medium_office,0,NaturalGas,DOAS with fan coil chiller with boiler
6096,25,medium_office,1,DistrictHeating,PSZ-AC with district hot water
6097,0,medium_office,0,Propane,PSZ-AC with gas coil
6098,1,full_service_restaurant,0,DistrictHeating,VAV district chilled water with district hot water reheat
6099,45,small_office,0,DistrictHeating,VAV district chilled water with district hot water reheat
6100,38,large_hotel,1,NaturalGas,DOAS with fan coil chiller with boiler
6101,20,strip_mall,1,Electricity,PSZ-AC with electric coil
6102,19,warehouse,1,NaturalGas,PVAV with gas boiler reheat
6103,16,warehouse,1,NaturalGas,PVAV with gas heat with electric reheat
6104,100,warehouse,0,NaturalGas,Residential AC with residential forced air furnace
6105,31,warehouse,1,NaturalGas,PVAV with gas heat with electric reheat
6106,104,large_office,0,NaturalGas,PVAV with gas boiler reheat
6107,101,medium_office,0,NaturalGas,DOAS with fan coil air-cooled chiller with boiler
6108,38,outpatient,2,Electricity,PVAV with PFP boxes
6109,22,outpatient,1,DistrictHeating,VAV chiller with district hot water reheat
6110,110,full_service_restaurant,0,NaturalGas,PSZ-AC with gas coil
6111,33,secondary_school,1,NaturalGas,PVAV with gas heat with electric reheat
6112,29,primary_school,0,Electricity,PSZ-AC with electric coil
6113,104,secondary_school,1,NaturalGas,PVAV with gas boiler reheat
6114,37,secondary_school,0,NaturalGas,PTAC with gas boiler
6115,105,primary_school,0,Electricity,PSZ-AC with electric coil
6116,16,primary_school,1,NaturalGas,PVAV with gas heat with electric reheat
6117,0,retail,1,Electricity,PVAV with PFP boxes
6118,17,large_hotel,0,DistrictHeating,DOAS with fan coil district chilled water with district hot water
6119,23,small_office,0,Electricity,PTHP
6120,30,small_office,1,FuelOil,PVAV with gas boiler reheat
6121,25,warehouse,0,DistrictHeating,DOAS with fan coil chiller with district hot water
6122,20,warehouse,1,Electricity,PVAV with PFP boxes
6123,101,large_hotel,1,NaturalGas,DOAS with fan coil chiller with boiler
6124,40,large_office,1,NaturalGas,DOAS with water source heat pumps cooling tower with boiler
6125,9,warehouse,1,DistrictHeating,DOAS with fan coil air-cooled chiller with district hot water
6126,43,warehouse,0,Electricity,PSZ-HP
6127,20,large_office,0,NaturalGas,PVAV with gas heat with electric reheat
6128,8,large_office,1,NaturalGas,VAV air-cooled chiller with gas boiler reheat
6129,14,small_hotel,0,Electricity,PTAC with electric coil
6130,24,small_hotel,0,FuelOil,Residential AC with residential forced air furnace
6131,107,outpatient,1,DistrictHeating,VAV chiller with district hot water reheat
6132,24,strip_mall,1,FuelOil,PSZ-AC with gas coil
6133,31,primary_school,1,Electricity,PVAV with PFP boxes
6134,26,primary_school,0,NaturalGas,PVAV with gas boiler reheat
6135,18,secondary_school,0,DistrictHeating,Baseboard district hot water
6136,34,primary_school,0,Electricity,PSZ-HP
6137,28,secondary_school,0,NaturalGas,DOAS with fan coil air-cooled chiller with boiler
6138,17,primary_school,1,NaturalGas,DOAS with fan coil air-cooled chiller with boiler
6139,4,secondary_school,1,NaturalGas,VAV air-cooled chiller with gas boiler reheat
6140,16,secondary_school,0,NaturalGas,DOAS with fan coil air-cooled chiller with boiler
6141,36,outpatient,2,Electricity,PVAV with PFP boxes
6142,12,secondary_school,0,NaturalGas,DOAS with fan coil air-cooled chiller with boiler
6143,30,large_office,1,Electricity,PVAV with PFP boxes
6144,29,strip_mall,1,NaturalGas,Residential AC with residential forced air furnace
6145,36,small_office,0,Propane,Residential AC with residential forced air furnace
6146,40,full_service_restaurant,1,Electricity,PSZ-HP
6147,37,grocery,0,Propane,Residential AC with residential forced air furnace
6148,40,small_office,0,Propane,PSZ-AC with gas coil
6149,38,large_hotel,1,Electricity,DOAS with fan coil chiller with baseboard electric
6150,18,medium_office,0,DistrictHeating,DOAS with fan coil district chilled water with district hot water
6151,14,small_office,1,NaturalGas,PVAV with gas heat with electric reheat
6152,11,small_hotel,0,NaturalGas,Residential AC with residential forced air furnace
6153,8,large_office,0,NaturalGas,PVAV with gas boiler reheat
6154,48,medium_office,0,Propane,PSZ-AC with gas coil
6155,49,outpatient,0,NaturalGas,PSZ-AC with gas coil
6156,30,primary_school,1,FuelOil,VAV air-cooled chiller with gas boiler reheat
6157,25,primary_school,0,NaturalGas,PVAV with gas boiler reheat
6158,30,retail,1,DistrictHeating,VAV air-cooled chiller with district hot water reheat
6159,33,grocery,1,Electricity,PSZ-AC with electric coil
6160,107,secondary_school,0,DistrictHeating,VAV district chilled water with district hot water reheat
6161,20,large_hotel,0,Electricity,DOAS with water source heat pumps with ground source heat pump
6162,3,warehouse,0,Electricity,PSZ-HP
6163,9,full_service_restaurant,1,Electricity,PSZ-HP
6164,15,medium_office,1,NaturalGas,PVAV with gas heat with electric reheat
6165,36,medium_office,0,FuelOil,PSZ-AC with gas coil
6166,2,large_office,0,Electricity,VAV chiller with PFP boxes
6167,2,large_office,0,Electricity,PVAV with PFP boxes
6168,42,retail,0,Propane,PSZ-AC with gas coil
6169,110,small_hotel,0,Propane,Residential AC with residential forced air furnace
6170,19,quick_service_restaurant,0,Electricity,PTAC with electric coil
6171,8,small_office,1,Propane,PSZ-AC with gas coil
6172,28,small_office,0,Electricity,PTHP
6173,36,full_service_restaurant,1,NaturalGas,PVAV with gas boiler reheat
6174,31,retail,0,FuelOil,PSZ-AC with gas coil
6175,46,retail,1,Electricity,PSZ-AC with electric coil
6176,101,outpatient,1,NaturalGas,PSZ-AC with gas coil
6177,107,outpatient,0,Electricity,PSZ-HP
6178,41,full_service_restaurant,1,Electricity,PSZ-AC with electric coil
6179,20,primary_school,0,NaturalGas,PVAV with gas heat with electric reheat
6180,35,secondary_school,0,NaturalGas,PVAV with gas heat with electric reheat
6181,100,primary_school,1,Electricity,PVAV with PFP boxes
6182,13,secondary_school,1,Electricity,PSZ-HP
6183,19,secondary_school,0,Electricity,PTHP
6184,7,small_office,0,Propane,PSZ-AC with gas coil
6185,40,strip_mall,1,NaturalGas,Residential AC with residential forced air furnace
6186,1,large_hotel,0,Electricity,PTHP
6187,8,grocery,1,Propane,PSZ-AC with gas coil
6188,108,medium_office,0,Electricity,PSZ-AC with electric coil
6189,9,large_hotel,0,Electricity,DOAS with water source heat pumps with ground source heat pump
6190,29,medium_office,1,Propane,PSZ-AC with gas coil
6191,106,medium_office,0,Electricity,PSZ-AC with electric coil
6192,43,retail,0,NaturalGas,Residential AC with residential forced air furnace
6193,5,small_office,1,NaturalGas,Residential AC with residential forced air furnace
6194,44,retail,0,Electricity,PTAC with electric coil
6195,36,large_hotel,0,Electricity,DOAS with water source heat pumps with ground source heat pump
6196,38,full_service_restaurant,1,NaturalGas,PVAV with gas heat with electric reheat
6197,110,retail,0,Electricity,PSZ-AC with electric coil
6198,10,outpatient,1,NaturalGas,PVAV with gas boiler reheat
6199,49,outpatient,0,Electricity,PSZ-AC with electric coil
6200,2,outpatient,1,Electricity,PVAV with PFP boxes
6201,37,secondary_school,0,FuelOil,PSZ-AC with gas boiler
6202,37,primary_school,0,Electricity,PSZ-HP
6203,108,primary_school,0,NaturalGas,PSZ-AC with gas coil
6204,11,secondary_school,0,NaturalGas,PTAC with gas boiler
6205,28,secondary_school,1,NaturalGas,VAV air-cooled chiller with gas boiler reheat
6206,23,secondary_school,0,NaturalGas,PVAV with gas heat with electric reheat
6207,15,primary_school,1,NaturalGas,PVAV with gas boiler reheat
6208,5,secondary_school,1,NaturalGas,PVAV with gas boiler reheat
6209,16,primary_school,0,Electricity,PSZ-HP
6210,32,secondary_school,0,NaturalGas,PTAC with gas boiler
6211,16,medium_office,1,DistrictHeating,VAV district chilled water with district hot water reheat
6212,41,primary_school,1,Electricity,DOAS with water source heat pumps with ground source heat pump
6213,20,small_office,1,Propane,PVAV with gas heat with electric reheat
6214,30,small_office,0,Propane,Residential AC with residential forced air furnace
6215,10,medium_office,1,NaturalGas,DOAS with water source heat pumps cooling tower with boiler
6216,36,quick_service_restaurant,0,Propane,PSZ-AC with gas coil
6217,26,strip_mall,1,Electricity,PSZ-AC with electric coil
6218,3,retail,0,Propane,PSZ-AC with gas coil
6219,18,full_service_restaurant,1,Electricity,PSZ-AC with electric coil
6220,104,quick_service_restaurant,0,Electricity,PTAC with electric coil
6221,19,grocery,0,NaturalGas,Residential AC with residential forced air furnace
6222,8,large_hotel,0,DistrictHeating,PTAC with baseboard district hot water
6223,11,quick_service_restaurant,0,NaturalGas,Residential AC with residential forced air furnace
6224,20,large_office,1,Electricity,PVAV with PFP boxes
6225,35,large_hotel,0,DistrictHeating,PTAC with baseboard district hot water
6226,108,primary_school,1,Electricity,DOAS with water source heat pumps with ground source heat pump
6227,39,secondary_school,0,DistrictHeating,VAV district chilled water with district hot water reheat
6228,30,secondary_school,0,Electricity,DOAS with water source heat pumps with ground source heat pump
6229,47,secondary_school,0,DistrictHeating,Baseboard district hot water
6230,27,primary_school,1,NaturalGas,PVAV with gas boiler reheat
6231,2,secondary_school,0,NaturalGas,VAV air-cooled chiller with gas boiler reheat
6232,101,secondary_school,0,Propane,PSZ-AC with gas coil
6233,30,full_service_restaurant,1,NaturalGas,PVAV with gas boiler reheat
6234,104,primary_school,0,Electricity,PSZ-HP
6235,10,primary_school,1,NaturalGas,DOAS with water source heat pumps cooling tower with boiler
6236,15,medium_office,1,NaturalGas,VAV chiller with gas boiler reheat
6237,48,medium_office,1,Electricity,VAV chiller with PFP boxes
6238,0,large_office,1,DistrictHeating,VAV chiller with district hot water reheat
6239,35,small_office,1,Electricity,PSZ-AC with electric coil
6240,101,small_office,0,DistrictHeating,VAV district chilled water with district hot water reheat
6241,102,small_office,1,NaturalGas,PVAV with gas boiler reheat
6242,22,large_office,1,NaturalGas,VAV air-cooled chiller with gas boiler reheat
6243,109,small_office,0,Electricity,PTHP
6244,29,large_hotel,0,Electricity,DOAS with water source heat pumps with ground source heat pump
6245,103,small_office,1,NaturalGas,PVAV with gas heat with electric reheat
6246,33,large_office,0,NaturalGas,PVAV with gas boiler reheat
6247,40,warehouse,0,DistrictHeating,DOAS with fan coil air-cooled chiller with district hot water
6248,102,quick_service_restaurant,0,Electricity,PTAC with electric coil
6249,29,medium_office,1,Propane,PVAV with gas boiler reheat
6250,103,medium_office,1,Electricity,PSZ-HP
6251,5,warehouse,0,DistrictHeating,Baseboard district hot water
6252,44,strip_mall,1,Electricity,PSZ-AC with electric coil
6253,39,outpatient,1,NaturalGas,PSZ-AC with gas coil
6254,6,warehouse,0,Propane,Residential AC with residential forced air furnace
6255,39,large_hotel,1,Electricity,DOAS with fan coil chiller with baseboard electric
6256,19,outpatient,1,DistrictHeating,VAV chiller with district hot water reheat
6257,15,primary_school,1,NaturalGas,VAV chiller with gas boiler reheat
6258,49,primary_school,0,NaturalGas,PSZ-AC with gas coil
6259,14,primary_school,1,NaturalGas,PSZ-AC with gas coil
6260,25,small_office,1,Propane,PSZ-AC with gas coil
6261,28,secondary_school,0,NaturalGas,PVAV with gas heat with electric reheat
6262,36,outpatient,2,NaturalGas,VAV chiller with gas boiler reheat
6263,11,secondary_school,1,NaturalGas,PVAV with gas heat with electric reheat
6264,30,grocery,0,Electricity,PSZ-AC with electric coil
6265,107,primary_school,1,NaturalGas,PSZ-AC with gas boiler
6266,4,secondary_school,0,Electricity,PTHP
6267,32,primary_school,0,Electricity,PSZ-AC with electric coil
6268,16,medium_office,1,Electricity,PSZ-AC with electric coil
6269,35,medium_office,0,NaturalGas,PVAV with gas boiler reheat
6270,107,large_office,0,Electricity,VAV chiller with PFP boxes
6271,3,full_service_restaurant,0,Electricity,PSZ-HP
6272,16,outpatient,0,NaturalGas,PSZ-AC with gas coil
6273,102,medium_office,1,NaturalGas,DOAS with water source heat pumps cooling tower with boiler
6274,4,medium_office,1,Electricity,VAV chiller with PFP boxes
6275,42,small_office,1,Electricity,PSZ-AC with electric coil
6276,36,warehouse,1,Electricity,PVAV with PFP boxes
6277,36,medium_office,1,NaturalGas,DOAS with water source heat pumps cooling tower with boiler
6278,32,full_service_restaurant,1,Electricity,PSZ-HP
6279,103,retail,0,Electricity,PTHP
6280,110,small_hotel,0,Electricity,PTAC with electric coil
6281,40,outpatient,1,Electricity,VAV air-cooled chiller with PFP boxes
6282,46,medium_office,1,NaturalGas,VAV air-cooled chiller with gas boiler reheat
6283,8,full_service_restaurant,1,Propane,PSZ-AC with gas coil
6284,100,retail,1,FuelOil,PSZ-AC with gas coil
6285,43,small_office,0,Electricity,PTAC with electric coil
6286,11,retail,0,Propane,Residential AC with residential forced air furnace
6287,105,outpatient,1,NaturalGas,PVAV with gas boiler reheat
6288,18,primary_school,0,Electricity,PSZ-HP
6289,11,primary_school,0,Electricity,PSZ-AC with electric coil
6290,39,secondary_school,0,DistrictHeating,DOAS with fan coil district chilled water with district hot water
6291,6,primary_school,0,Electricity,PVAV with PFP boxes
6292,22,hospital,1,NaturalGas,VAV air-cooled chiller with gas boiler reheat
6293,38,medium_office,1,NaturalGas,VAV chiller with gas boiler reheat
6294,12,primary_school,1,NaturalGas,VAV chiller with gas boiler reheat
6295,0,primary_school,0,Electricity,PVAV with PFP boxes
6296,17,small_office,1,Propane,PSZ-AC with gas coil
6297,40,small_hotel,0,NaturalGas,Residential AC with residential forced air furnace
6298,25,large_office,1,NaturalGas,VAV air-cooled chiller with gas boiler reheat
6299,1,medium_office,0,NaturalGas,PVAV with gas boiler reheat
6300,45,warehouse,1,Electricity,PSZ-AC with electric coil
6301,27,outpatient,0,Electricity,PSZ-AC with electric coil
6302,27,strip_mall,1,Electricity,PSZ-AC with electric coil
6303,19,large_office,1,NaturalGas,DOAS with water source heat pumps cooling tower with boiler
6304,29,small_hotel,0,NaturalGas,PTAC with gas boiler
6305,105,medium_office,1,NaturalGas,DOAS with water source heat pumps cooling tower with boiler
6306,37,small_office,1,NaturalGas,Residential AC with residential forced air furnace
6307,43,small_office,1,Electricity,PSZ-HP
6308,5,medium_office,1,NaturalGas,PVAV with gas boiler reheat
6309,18,retail,0,Electricity,PTHP
6310,2,medium_office,0,NaturalGas,PVAV with gas boiler reheat
6311,17,small_office,0,DistrictHeating,PSZ-AC with district hot water
6312,28,warehouse,1,Electricity,PVAV with PFP boxes
6313,37,medium_office,0,NaturalGas,DOAS with fan coil chiller with boiler
6314,36,outpatient,1,DistrictHeating,VAV chiller with district hot water reheat
6315,39,small_office,0,DistrictHeating,DOAS with fan coil district chilled water with district hot water
6316,109,warehouse,0,Electricity,PTHP
6317,46,full_service_restaurant,0,Propane,PSZ-AC with gas coil
6318,25,primary_school,1,NaturalGas,PSZ-AC with gas boiler
6319,4,primary_school,1,NaturalGas,DOAS with water source heat pumps cooling tower with boiler
6320,38,primary_school,0,Electricity,PSZ-AC with electric coil
6321,105,secondary_school,1,NaturalGas,VAV chiller with gas boiler reheat
6322,25,primary_school,1,FuelOil,VAV air-cooled chiller with gas boiler reheat
6323,100,strip_mall,2,Electricity,PVAV with PFP boxes
6324,28,secondary_school,0,Electricity,PSZ-AC with electric coil
6325,48,primary_school,1,FuelOil,VAV chiller with gas boiler reheat
6326,32,secondary_school,1,Electricity,PTHP
6327,2,small_hotel,0,NaturalGas,Residential AC with residential forced air furnace
6328,21,large_hotel,0,Electricity,PTAC with electric coil
6329,0,small_office,0,DistrictHeating,PTAC with baseboard district hot water
6330,107,strip_mall,2,Propane,PSZ-AC with gas coil
6331,28,retail,0,Electricity,PTAC with electric coil
6332,45,medium_office,0,Electricity,PVAV with PFP boxes
6333,27,quick_service_restaurant,0,Electricity,PSZ-HP
6334,12,medium_office,1,NaturalGas,VAV air-cooled chiller with gas boiler reheat
6335,47,medium_office,0,Electricity,PVAV with PFP boxes
6336,17,outpatient,1,NaturalGas,PSZ-AC with gas boiler
6337,1,warehouse,1,Electricity,PSZ-AC with electric coil
6338,103,small_office,0,Electricity,PTHP
6339,26,large_office,0,NaturalGas,VAV chiller with gas boiler reheat
6340,47,medium_office,1,FuelOil,PSZ-AC with gas boiler
6341,20,outpatient,1,NaturalGas,PVAV with gas boiler reheat
6342,42,medium_office,0,NaturalGas,PVAV with gas boiler reheat
6343,105,outpatient,0,Electricity,PSZ-AC with electric coil
6344,43,full_service_restaurant,1,NaturalGas,PSZ-AC with gas coil
6345,33,secondary_school,0,NaturalGas,DOAS with fan coil air-cooled chiller with boiler
6346,0,secondary_school,1,Electricity,PSZ-HP
6347,5,secondary_school,0,NaturalGas,VAV air-cooled chiller with gas boiler reheat
6348,25,grocery,1,Propane,PSZ-AC with gas coil
6349,47,primary_school,0,FuelOil,PSZ-AC with gas coil
6350,38,primary_school,0,Electricity,PSZ-HP
6351,2,secondary_school,0,Electricity,DOAS with water source heat pumps with ground source heat pump
6352,103,secondary_school,1,Electricity,PTHP
6353,107,secondary_school,0,DistrictHeating,DOAS with fan coil district chilled water with district hot water
6354,29,primary_school,1,Electricity,DOAS with water source heat pumps with ground source heat pump
6355,49,small_office,1,NaturalGas,PVAV with gas boiler reheat
6356,19,warehouse,1,Propane,PVAV with gas heat with electric reheat
6357,110,strip_mall,0,Propane,PSZ-AC with gas coil
6358,6,retail,0,Propane,Residential AC with residential forced air furnace
6359,108,medium_office,0,NaturalGas,PVAV with gas heat with electric reheat
6360,104,medium_office,0,DistrictHeating,VAV chiller with district hot water reheat
6361,4,large_hotel,1,Electricity,PTAC with electric coil
6362,32,large_office,0,DistrictHeating,VAV district chilled water with district hot water reheat
6363,107,large_hotel,0,NaturalGas,DOAS with water source heat pumps cooling tower with boiler
6364,102,large_office,1,DistrictHeating,VAV chiller with district hot water reheat
6365,8,full_service_restaurant,1,NaturalGas,PVAV with gas boiler reheat
6366,42,grocery,0,NaturalGas,PSZ-AC with gas coil
6367,104,large_office,1,Electricity,VAV chiller with PFP boxes
6368,27,large_office,0,Electricity,PVAV with PFP boxes
6369,46,full_service_restaurant,0,Electricity,PSZ-HP
6370,34,secondary_school,0,NaturalGas,VAV air-cooled chiller with gas boiler reheat
6371,28,primary_school,1,NaturalGas,DOAS with fan coil air-cooled chiller with boiler
6372,32,secondary_school,0,NaturalGas,DOAS with fan coil air-cooled chiller with boiler
6373,34,primary_school,1,Electricity,DOAS with water source heat pumps with ground source heat pump
6374,30,grocery,1,Electricity,PSZ-AC with electric coil
6375,40,warehouse,1,Propane,PSZ-AC with gas coil
6376,42,small_office,1,NaturalGas,Residential AC with residential forced air furnace
6377,0,small_office,0,DistrictHeating,DOAS with fan coil air-cooled chiller with district hot water
6378,2,medium_office,0,Electricity,PSZ-HP
6379,21,small_office,1,Electricity,PSZ-AC with electric coil
6380,12,outpatient,0,DistrictHeating,VAV chiller with district hot water reheat
6381,105,small_hotel,0,Propane,Residential AC with residential forced air furnace
6382,24,large_hotel,0,NaturalGas,PTAC with gas boiler
6383,24,large_hotel,0,DistrictHeating,DOAS with fan coil district chilled water with district hot water
6384,10,medium_office,1,Electricity,VAV chiller with PFP boxes
6385,11,quick_service_restaurant,0,Electricity,PTAC with electric coil
6386,46,strip_mall,1,Electricity,PSZ-AC with electric coil
6387,48,small_hotel,0,NaturalGas,PTAC with gas boiler
6388,101,retail,0,Electricity,PTHP
6389,107,outpatient,1,NaturalGas,PSZ-AC with gas coil
6390,45,secondary_school,0,Electricity,PSZ-AC with electric coil
6391,38,secondary_school,0,NaturalGas,PTAC with gas boiler
6392,17,large_hotel,0,Electricity,DOAS with water source heat pumps with ground source heat pump
6393,13,primary_school,1,NaturalGas,PSZ-AC with gas boiler
6394,38,secondary_school,1,NaturalGas,VAV air-cooled chiller with gas boiler reheat
6395,9,small_office,1,FuelOil,PVAV with gas heat with electric reheat
6396,27,large_hotel,0,Propane,PTAC with gas boiler
6397,33,medium_office,0,Electricity,PSZ-HP
6398,37,outpatient,1,Electricity,PSZ-AC with electric coil
6399,4,quick_service_restaurant,0,Electricity,PTAC with electric coil
6400,31,large_hotel,0,DistrictHeating,PTAC with baseboard district hot water
6401,48,small_office,1,FuelOil,Residential AC with residential forced air furnace
6402,40,full_service_restaurant,1,DistrictHeating,VAV district chilled water with district hot water reheat
6403,38,medium_office,0,NaturalGas,DOAS with fan coil air-cooled chiller with boiler
6404,36,medium_office,1,DistrictHeating,PSZ-AC with district hot water
6405,34,strip_mall,2,Electricity,PVAV with PFP boxes
6406,47,medium_office,1,NaturalGas,VAV air-cooled chiller with gas boiler reheat
6407,48,medium_office,0,FuelOil,PVAV with gas boiler reheat
6408,18,full_service_restaurant,1,Electricity,PVAV with PFP boxes
6409,24,medium_office,0,NaturalGas,PVAV with gas boiler reheat
6410,42,strip_mall,2,NaturalGas,PSZ-AC with gas coil
6411,47,large_hotel,0,FuelOil,PTAC with gas boiler
6412,25,primary_school,1,NaturalGas,PVAV with gas boiler reheat
6413,39,secondary_school,1,NaturalGas,PVAV with gas heat with electric reheat
6414,44,primary_school,1,Electricity,PVAV with PFP boxes
6415,36,primary_school,1,Electricity,PVAV with PFP boxes
6416,16,small_office,0,Propane,Residential AC with residential forced air furnace
6417,34,medium_office,1,Electricity,VAV chiller with PFP boxes
6418,4,medium_office,0,Electricity,PSZ-HP
6419,39,outpatient,1,Electricity,VAV air-cooled chiller with PFP boxes
6420,22,large_office,1,DistrictHeating,VAV chiller with district hot water reheat
6421,100,large_hotel,0,NaturalGas,DOAS with water source heat pumps cooling tower with boiler
6422,39,medium_office,0,NaturalGas,DOAS with fan coil chiller with boiler
6423,16,small_office,0,DistrictHeating,VAV district chilled water with district hot water reheat
6424,42,small_office,0,Electricity,PTAC with electric coil
6425,47,medium_office,0,Electricity,PSZ-HP
6426,38,medium_office,0,NaturalGas,DOAS with fan coil chiller with boiler
6427,14,large_office,0,NaturalGas,VAV chiller with gas boiler reheat
6428,24,strip_mall,1,NaturalGas,Residential AC with residential forced air furnace
6429,46,full_service_restaurant,0,Electricity,PSZ-AC with electric coil
6430,37,outpatient,0,NaturalGas,PSZ-AC with gas coil
6431,105,large_hotel,1,NaturalGas,DOAS with fan coil chiller with boiler
6432,47,quick_service_restaurant,0,NaturalGas,Residential AC with residential forced air furnace
6433,22,outpatient,0,DistrictHeating,VAV chiller with district hot water reheat
6434,30,outpatient,1,Electricity,PSZ-AC with electric coil
6435,102,secondary_school,0,Propane,PSZ-AC with gas coil
6436,36,primary_school,1,NaturalGas,PVAV with gas heat with electric reheat
6437,5,secondary_school,1,NaturalGas,VAV air-cooled chiller with gas boiler reheat
6438,37,hospital,1,NaturalGas,VAV chiller with gas boiler reheat
6439,37,secondary_school,1,NaturalGas,PVAV with gas boiler reheat
6440,15,primary_school,0,Electricity,PVAV with PFP boxes
6441,30,primary_school,0,Electricity,PSZ-HP
6442,25,primary_school,1,FuelOil,DOAS with fan coil air-cooled chiller with boiler
6443,107,primary_school,0,Electricity,PSZ-AC with electric coil
6444,8,secondary_school,0,Electricity,DOAS with water source heat pumps with ground source heat pump
6445,109,primary_school,1,Electricity,PVAV with PFP boxes
6446,27,large_office,1,NaturalGas,VAV chiller with gas boiler reheat
6447,23,small_office,1,Electricity,PVAV with PFP boxes
6448,27,full_service_restaurant,1,NaturalGas,PVAV with gas heat with electric reheat
6449,14,medium_office,0,Electricity,PSZ-AC with electric coil
6450,7,warehouse,0,Propane,Residential AC with residential forced air furnace
6451,22,small_office,0,Propane,Residential AC with residential forced air furnace
6452,8,large_hotel,1,Electricity,DOAS with fan coil chiller with baseboard electric
6453,4,large_office,1,DistrictHeating,VAV chiller with district hot water reheat
6454,40,outpatient,1,NaturalGas,PSZ-AC with gas coil
6455,106,full_service_restaurant,1,Electricity,PSZ-AC with electric coil
6456,25,large_hotel,1,Electricity,PTAC with electric coil
6457,38,outpatient,1,Electricity,PVAV with PFP boxes
6458,17,warehouse,1,FuelOil,PSZ-AC with gas coil
6459,14,large_hotel,0,NaturalGas,PTAC with gas coil
6460,14,grocery,0,NaturalGas,PSZ-AC with gas coil
6461,39,primary_school,0,Electricity,PVAV with PFP boxes
6462,49,secondary_school,1,NaturalGas,PVAV with gas boiler reheat
6463,15,primary_school,1,Electricity,DOAS with water source heat pumps with ground source heat pump
6464,9,primary_school,1,FuelOil,VAV chiller with gas boiler reheat
6465,2,grocery,1,Propane,PSZ-AC with gas coil
6466,21,small_office,1,Electricity,PVAV with PFP boxes
6467,27,retail,0,DistrictHeating,PSZ-AC with district hot water
6468,13,grocery,1,Propane,PSZ-AC with gas coil
6469,107,warehouse,1,NaturalGas,PVAV with gas heat with electric reheat
6470,37,outpatient,2,Electricity,PVAV with PFP boxes
6471,12,quick_service_restaurant,0,NaturalGas,Residential AC with residential forced air furnace
6472,24,medium_office,0,DistrictHeating,DOAS with fan coil district chilled water with district hot water
6473,14,large_hotel,0,Electricity,PTHP
6474,14,large_hotel,0,NaturalGas,PTAC with gas boiler
6475,15,primary_school,0,Electricity,PSZ-HP
6476,21,primary_school,0,Electricity,PVAV with PFP boxes
6477,18,secondary_school,0,Electricity,DOAS with water source heat pumps with ground source heat pump
6478,106,secondary_school,1,Electricity,PSZ-HP
6479,33,primary_school,0,Electricity,PSZ-AC with electric coil
6480,105,primary_school,1,NaturalGas,DOAS with fan coil air-cooled chiller with boiler
6481,107,secondary_school,0,DistrictHeating,Baseboard district hot water
6482,106,secondary_school,0,Electricity,DOAS with water source heat pumps with ground source heat pump
6483,49,full_service_restaurant,1,Electricity,PVAV with PFP boxes
6484,8,warehouse,1,DistrictHeating,DOAS with fan coil air-cooled chiller with district hot water
6485,31,strip_mall,2,Electricity,PVAV with PFP boxes
6486,31,full_service_restaurant,1,NaturalGas,PVAV with gas heat with electric reheat
6487,34,large_hotel,0,Electricity,PTHP
6488,32,large_hotel,0,DistrictHeating,PTAC with baseboard district hot water
6489,109,warehouse,1,NaturalGas,PSZ-AC with gas coil
6490,18,outpatient,0,Electricity,PSZ-AC with electric coil
6491,49,full_service_restaurant,1,NaturalGas,PVAV with gas heat with electric reheat
6492,31,medium_office,1,NaturalGas,VAV chiller with gas boiler reheat
6493,18,medium_office,1,DistrictHeating,PSZ-AC with district hot water
6494,16,full_service_restaurant,1,DistrictHeating,VAV district chilled water with district hot water reheat
6495,30,small_hotel,0,NaturalGas,PTAC with gas boiler
6496,24,medium_office,1,Propane,PVAV with gas boiler reheat
6497,101,warehouse,1,Electricity,PVAV with PFP boxes
6498,106,medium_office,1,Electricity,VAV chiller with PFP boxes
6499,109,small_office,1,NaturalGas,PVAV with gas heat with electric reheat
6500,25,quick_service_restaurant,0,NaturalGas,Residential AC with residential forced air furnace
6501,6,quick_service_restaurant,0,NaturalGas,PSZ-AC with gas coil
6502,109,strip_mall,2,Electricity,PVAV with PFP boxes
6503,41,large_hotel,0,Electricity,PTHP
6504,48,large_office,1,FuelOil,VAV air-cooled chiller with gas boiler reheat
6505,28,large_office,1,Electricity,VAV chiller with PFP boxes
6506,26,outpatient,1,NaturalGas,PVAV with gas boiler reheat
6507,101,outpatient,0,Electricity,PSZ-AC with electric coil
6508,37,large_office,1,Electricity,VAV chiller with PFP boxes
6509,43,large_hotel,0,Electricity,PTAC with electric coil
6510,4,outpatient,1,NaturalGas,PVAV with gas boiler reheat
6511,102,outpatient,1,NaturalGas,PSZ-AC with gas coil
6512,37,secondary_school,0,NaturalGas,DOAS with fan coil air-cooled chiller with boiler
6513,101,primary_school,0,Electricity,PSZ-AC with electric coil
6514,36,primary_school,1,FuelOil,PSZ-AC with gas boiler
6515,14,secondary_school,0,Electricity,PSZ-AC with electric coil
6516,3,retail,0,NaturalGas,Residential AC with residential forced air furnace
6517,7,strip_mall,2,NaturalGas,PSZ-AC with gas coil
6518,40,primary_school,1,NaturalGas,DOAS with fan coil air-cooled chiller with boiler
6519,48,secondary_school,1,NaturalGas,PSZ-AC with gas boiler
6520,31,quick_service_restaurant,0,Propane,PSZ-AC with gas coil
6521,21,full_service_restaurant,1,Propane,PSZ-AC with gas coil
6522,40,large_hotel,0,Electricity,DOAS with water source heat pumps with ground source heat pump
6523,47,full_service_restaurant,1,NaturalGas,PSZ-AC with gas coil
6524,4,large_office,1,NaturalGas,VAV air-cooled chiller with gas boiler reheat
6525,39,medium_office,1,NaturalGas,VAV air-cooled chiller with gas boiler reheat
6526,104,retail,0,FuelOil,PSZ-AC with gas coil
6527,47,quick_service_restaurant,0,FuelOil,Residential forced air furnace
6528,17,large_office,1,Electricity,PVAV with PFP boxes
6529,11,large_office,0,Electricity,VAV chiller with PFP boxes
6530,39,medium_office,1,NaturalGas,DOAS with water source heat pumps cooling tower with boiler
6531,14,medium_office,1,NaturalGas,PVAV with gas heat with electric reheat
6532,34,small_office,1,NaturalGas,Residential AC with residential forced air furnace
6533,36,retail,1,DistrictHeating,VAV air-cooled chiller with district hot water reheat
6534,13,outpatient,2,Electricity,PVAV with PFP boxes
6535,30,primary_school,1,FuelOil,VAV chiller with gas boiler reheat
6536,46,secondary_school,0,NaturalGas,PSZ-AC with gas coil
6537,18,hospital,1,NaturalGas,VAV chiller with gas boiler reheat
6538,31,secondary_school,0,NaturalGas,VAV air-cooled chiller with gas boiler reheat
6539,38,hospital,1,NaturalGas,VAV chiller with gas boiler reheat
6540,107,primary_school,0,Electricity,PSZ-HP
6541,102,primary_school,1,NaturalGas,DOAS with water source heat pumps cooling tower with boiler
6542,2,quick_service_restaurant,0,NaturalGas,Residential AC with residential forced air furnace
6543,33,large_office,0,NaturalGas,VAV chiller with gas boiler reheat
6544,101,large_hotel,1,Electricity,DOAS with fan coil chiller with baseboard electric
6545,108,retail,0,FuelOil,Residential AC with residential forced air furnace
6546,103,strip_mall,1,NaturalGas,Residential AC with residential forced air furnace
6547,41,strip_mall,0,NaturalGas,Residential AC with residential forced air furnace
6548,27,retail,0,Electricity,PTHP
6549,17,outpatient,1,Electricity,VAV air-cooled chiller with PFP boxes
6550,24,medium_office,1,Electricity,PSZ-AC with electric coil
6551,9,large_hotel,1,NaturalGas,DOAS with fan coil air-cooled chiller with boiler
6552,16,large_office,0,Electricity,PVAV with PFP boxes
6553,6,full_service_restaurant,0,Propane,PSZ-AC with gas coil
6554,13,large_hotel,1,NaturalGas,DOAS with fan coil chiller with boiler
6555,5,medium_office,0,DistrictHeating,DOAS with fan coil district chilled water with district hot water
6556,41,retail,0,NaturalGas,Residential AC with residential forced air furnace
6557,44,small_office,1,NaturalGas,PVAV with gas heat with electric reheat
6558,24,medium_office,0,NaturalGas,PSZ-AC with gas boiler
6559,27,warehouse,1,NaturalGas,PVAV with gas heat with electric reheat
6560,108,small_office,1,NaturalGas,Residential AC with residential forced air furnace
6561,28,large_hotel,0,NaturalGas,DOAS with water source heat pumps cooling tower with boiler
6562,11,outpatient,1,Electricity,PSZ-AC with electric coil
6563,109,grocery,1,Electricity,PSZ-AC with electric coil
6564,23,primary_school,0,Electricity,PSZ-AC with electric coil
6565,101,secondary_school,0,NaturalGas,PSZ-AC with gas boiler
6566,100,primary_school,1,NaturalGas,PSZ-AC with gas coil
6567,103,primary_school,1,NaturalGas,VAV air-cooled chiller with gas boiler reheat
6568,22,secondary_school,1,DistrictHeating,VAV air-cooled chiller with district hot water reheat
6569,21,primary_school,0,Electricity,PSZ-AC with electric coil
6570,34,large_hotel,0,NaturalGas,PTAC with gas boiler
6571,23,quick_service_restaurant,0,FuelOil,Residential forced air furnace
6572,14,large_office,1,NaturalGas,VAV chiller with gas boiler reheat
6573,37,outpatient,1,Electricity,PVAV with PFP boxes
6574,104,retail,0,Electricity,PTHP
6575,44,retail,0,Propane,Residential AC with residential forced air furnace
6576,109,full_service_restaurant,0,Propane,PSZ-AC with gas coil
6577,106,large_office,0,NaturalGas,VAV chiller with gas boiler reheat
6578,4,small_hotel,0,NaturalGas,PTAC with gas boiler
6579,30,warehouse,1,Propane,PSZ-AC with gas coil
6580,41,small_office,1,NaturalGas,PSZ-AC with gas coil
6581,34,medium_office,1,Electricity,PSZ-AC with electric coil
6582,11,large_office,0,Electricity,PVAV with PFP boxes
6583,9,small_office,1,Propane,PVAV with gas heat with electric reheat
6584,104,large_hotel,1,Electricity,PTAC with electric coil
6585,26,outpatient,1,NaturalGas,PSZ-AC with gas boiler
6586,0,large_office,1,Electricity,PVAV with PFP boxes
6587,47,small_hotel,0,NaturalGas,Residential AC with residential forced air furnace
6588,105,outpatient,0,DistrictHeating,VAV chiller with district hot water reheat
6589,28,secondary_school,0,NaturalGas,VAV air-cooled chiller with gas boiler reheat
6590,103,secondary_school,0,Electricity,PTHP
6591,23,primary_school,0,Electricity,PVAV with PFP boxes
6592,36,large_office,1,DistrictHeating,VAV district chilled water with district hot water reheat
6593,2,hospital,1,NaturalGas,VAV chiller with gas boiler reheat
6594,25,primary_school,0,Electricity,PSZ-AC with electric coil
6595,16,secondary_school,0,Electricity,PSZ-AC with electric coil
6596,21,warehouse,1,NaturalGas,PSZ-AC with gas coil
6597,33,large_office,1,Electricity,PVAV with PFP boxes
6598,109,primary_school,1,NaturalGas,PSZ-AC with gas coil
6599,28,large_office,0,NaturalGas,VAV air-cooled chiller with gas boiler reheat
6600,48,medium_office,1,NaturalGas,DOAS with water source heat pumps cooling tower with boiler
6601,102,strip_mall,1,NaturalGas,Residential AC with residential forced air furnace
6602,101,large_hotel,1,NaturalGas,DOAS with fan coil air-cooled chiller with boiler
6603,18,large_office,1,NaturalGas,VAV air-cooled chiller with gas boiler reheat
6604,31,small_office,1,NaturalGas,PVAV with gas boiler reheat
6605,36,strip_mall,1,NaturalGas,Residential AC with residential forced air furnace
6606,103,full_service_restaurant,1,DistrictHeating,VAV district chilled water with district hot water reheat
6607,43,medium_office,0,NaturalGas,PSZ-AC with gas coil
6608,46,small_office,0,Electricity,PTAC with electric coil
6609,109,warehouse,0,NaturalGas,Residential AC with residential forced air furnace
6610,47,medium_office,0,NaturalGas,PVAV with gas heat with electric reheat
6611,46,retail,0,NaturalGas,Residential AC with residential forced air furnace
6612,11,large_hotel,0,DistrictHeating,PTAC with baseboard district hot water
6613,107,large_office,0,DistrictHeating,VAV district chilled water with district hot water reheat
6614,24,medium_office,1,Electricity,PSZ-HP
6615,6,medium_office,0,NaturalGas,PSZ-AC with gas coil
6616,107,medium_office,1,NaturalGas,DOAS with water source heat pumps cooling tower with boiler
6617,12,medium_office,0,NaturalGas,PSZ-AC with gas boiler
6618,17,outpatient,1,NaturalGas,PVAV with gas boiler reheat
6619,30,small_office,1,FuelOil,Residential AC with residential forced air furnace
6620,14,medium_office,1,NaturalGas,PSZ-AC with gas coil
6621,10,large_hotel,0,FuelOil,DOAS with water source heat pumps cooling tower with boiler
6622,26,large_hotel,1,Electricity,PTAC with electric coil
6623,29,warehouse,0,Propane,Residential AC with residential forced air furnace
6624,103,large_hotel,0,NaturalGas,DOAS with water source heat pumps cooling tower with boiler
6625,105,outpatient,1,Electricity,PVAV with PFP boxes
6626,0,large_hotel,1,Electricity,PTAC with electric coil
6627,101,outpatient,0,DistrictHeating,VAV chiller with district hot water reheat
6628,28,outpatient,1,NaturalGas,PSZ-AC with gas coil
6629,10,outpatient,2,DistrictHeating,VAV chiller with district hot water reheat
6630,101,primary_school,1,Electricity,DOAS with water source heat pumps with ground source heat pump
6631,39,secondary_school,0,DistrictHeating,Baseboard district hot water
6632,107,secondary_school,1,NaturalGas,PVAV with gas boiler reheat
6633,18,secondary_school,1,NaturalGas,PVAV with gas heat with electric reheat
6634,33,secondary_school,0,Propane,PSZ-AC with gas coil
6635,2,primary_school,0,Electricity,PVAV with PFP boxes
6636,48,hospital,1,DistrictHeating,VAV district chilled water with district hot water reheat
6637,26,secondary_school,0,DistrictHeating,Baseboard district hot water
6638,47,primary_school,1,NaturalGas,PSZ-AC with gas boiler
6639,27,large_hotel,0,Propane,PTAC with gas coil
6640,31,full_service_restaurant,1,Electricity,PSZ-AC with electric coil
6641,38,small_office,0,Propane,Residential AC with residential forced air furnace
6642,35,retail,0,FuelOil,PSZ-AC with gas coil
6643,26,large_office,0,NaturalGas,PVAV with gas boiler reheat
6644,37,medium_office,0,NaturalGas,PVAV with gas boiler reheat
6645,106,medium_office,0,Electricity,PVAV with PFP boxes
6646,29,warehouse,1,Propane,PSZ-AC with gas coil
6647,16,medium_office,1,Electricity,PSZ-HP
6648,101,warehouse,1,NaturalGas,PVAV with gas heat with electric reheat
6649,48,retail,0,Propane,PSZ-AC with gas coil
6650,29,small_office,0,Propane,PSZ-AC with gas coil
6651,38,large_office,0,NaturalGas,VAV chiller with gas boiler reheat
6652,102,small_office,0,DistrictHeating,VAV chiller with district hot water reheat
6653,46,retail,1,Propane,PSZ-AC with gas coil
6654,10,quick_service_restaurant,0,Propane,PSZ-AC with gas coil
6655,47,large_hotel,0,FuelOil,PTAC with gas coil
6656,44,large_hotel,0,Electricity,PTAC with electric coil
6657,32,outpatient,2,Electricity,PVAV with PFP boxes
6658,38,secondary_school,0,NaturalGas,DOAS with fan coil air-cooled chiller with boiler
6659,100,primary_school,0,FuelOil,PSZ-AC with gas coil
6660,38,secondary_school,1,NaturalGas,PVAV with gas boiler reheat
6661,22,secondary_school,0,DistrictHeating,VAV district chilled water with district hot water reheat
6662,35,primary_school,1,NaturalGas,PSZ-AC with gas coil
6663,11,secondary_school,0,NaturalGas,VAV air-cooled chiller with gas boiler reheat
6664,24,primary_school,1,NaturalGas,PSZ-AC with gas boiler
6665,38,primary_school,1,NaturalGas,DOAS with water source heat pumps cooling tower with boiler
6666,3,primary_school,0,NaturalGas,PSZ-AC with gas coil
6667,27,large_office,1,Electricity,VAV chiller with PFP boxes
6668,33,small_office,0,Propane,Residential AC with residential forced air furnace
6669,25,warehouse,1,Propane,PVAV with gas heat with electric reheat
6670,7,large_hotel,0,NaturalGas,PTAC with gas boiler
6671,48,medium_office,1,DistrictHeating,PSZ-AC with district hot water
6672,23,grocery,1,NaturalGas,PSZ-AC with gas coil
6673,2,small_office,0,Propane,PSZ-AC with gas coil
6674,107,medium_office,1,NaturalGas,VAV air-cooled chiller with gas boiler reheat
6675,41,strip_mall,2,Electricity,PVAV with PFP boxes
6676,33,medium_office,1,NaturalGas,DOAS with water source heat pumps cooling tower with boiler
6677,109,medium_office,0,NaturalGas,PVAV with gas boiler reheat
6678,107,small_office,0,DistrictHeating,VAV chiller with district hot water reheat
6679,10,large_hotel,0,NaturalGas,DOAS with water source heat pumps cooling tower with boiler
6680,108,quick_service_restaurant,0,Electricity,PTAC with electric coil
6681,107,large_office,1,Electricity,PVAV with PFP boxes
6682,107,large_office,1,DistrictHeating,VAV district chilled water with district hot water reheat
6683,100,medium_office,0,Electricity,PSZ-AC with electric coil
6684,5,large_hotel,1,NaturalGas,DOAS with fan coil chiller with boiler
6685,103,large_office,0,Electricity,PVAV with PFP boxes
6686,28,large_hotel,1,NaturalGas,DOAS with fan coil chiller with boiler
6687,103,small_hotel,0,Propane,Residential AC with residential forced air furnace
6688,8,medium_office,1,DistrictHeating,PSZ-AC with district hot water
6689,46,warehouse,1,NaturalGas,PVAV with gas heat with electric reheat
6690,110,large_hotel,0,Electricity,PTAC with electric coil
6691,40,large_hotel,1,NaturalGas,PTAC with gas boiler
6692,32,large_office,0,Electricity,VAV chiller with PFP boxes
6693,103,medium_office,1,DistrictHeating,VAV district chilled water with district hot water reheat
6694,42,strip_mall,1,Electricity,PSZ-AC with electric coil
6695,26,full_service_restaurant,1,Electricity,PVAV with PFP boxes
6696,107,strip_mall,1,NaturalGas,Residential AC with residential forced air furnace
6697,29,outpatient,0,Electricity,PSZ-HP
6698,47,grocery,0,NaturalGas,PSZ-AC with gas coil
6699,2,primary_school,1,NaturalGas,PVAV with gas boiler reheat
6700,104,primary_school,1,NaturalGas,PSZ-AC with gas boiler
6701,37,secondary_school,0,NaturalGas,PVAV with gas heat with electric reheat
6702,47,secondary_school,0,NaturalGas,PSZ-AC with gas boiler
6703,7,full_service_restaurant,0,DistrictHeating,VAV district chilled water with district hot water reheat
6704,7,medium_office,1,Electricity,PVAV with PFP boxes
6705,49,large_hotel,1,NaturalGas,PTAC with gas boiler
6706,39,strip_mall,1,Propane,PSZ-AC with gas coil
6707,27,small_office,1,Propane,PSZ-AC with gas coil
6708,28,medium_office,0,NaturalGas,DOAS with fan coil chiller with boiler
6709,7,grocery,1,NaturalGas,PSZ-AC with gas coil
6710,109,secondary_school,0,NaturalGas,PSZ-AC with gas coil
6711,7,grocery,1,Electricity,PSZ-AC with electric coil
6712,41,strip_mall,1,NaturalGas,PSZ-AC with gas coil
6713,102,large_hotel,1,NaturalGas,DOAS with fan coil chiller with boiler
6714,43,small_office,1,Electricity,PVAV with PFP boxes
6715,108,medium_office,1,Electricity,VAV chiller with PFP boxes
6716,44,retail,0,Electricity,PTHP
6717,26,medium_office,0,DistrictHeating,DOAS with fan coil district chilled water with district hot water
6718,28,medium_office,1,DistrictHeating,PSZ-AC with district hot water
6719,42,large_hotel,0,DistrictHeating,PTAC with baseboard district hot water
6720,37,warehouse,1,Propane,PVAV with gas heat with electric reheat
6721,37,full_service_restaurant,1,Propane,PSZ-AC with gas coil
6722,4,large_hotel,1,DistrictHeating,DOAS with fan coil district chilled water with district hot water
6723,37,large_hotel,0,DistrictHeating,DOAS with fan coil district chilled water with district hot water
6724,23,full_service_restaurant,0,Electricity,PSZ-HP
6725,34,medium_office,1,NaturalGas,PVAV with gas heat with electric reheat
6726,34,outpatient,0,NaturalGas,PSZ-AC with gas coil
6727,10,outpatient,2,NaturalGas,PVAV with gas heat with electric reheat
6728,22,primary_school,1,NaturalGas,PSZ-AC with gas boiler
6729,31,secondary_school,0,NaturalGas,PTAC with gas boiler
6730,28,primary_school,1,NaturalGas,DOAS with water source heat pumps cooling tower with boiler
6731,35,secondary_school,0,NaturalGas,DOAS with fan coil air-cooled chiller with boiler
6732,11,secondary_school,0,NaturalGas,DOAS with fan coil air-cooled chiller with boiler
6733,104,primary_school,0,Electricity,PSZ-AC with electric coil
6734,38,primary_school,1,NaturalGas,PVAV with gas boiler reheat
6735,10,secondary_school,0,DistrictHeating,VAV air-cooled chiller with district hot water reheat
6736,1,warehouse,0,Electricity,PTHP
6737,40,large_office,1,NaturalGas,VAV air-cooled chiller with gas boiler reheat
6738,29,retail,0,Propane,Residential AC with residential forced air furnace
6739,0,small_office,0,DistrictHeating,Baseboard district hot water
6740,14,retail,0,Electricity,PTAC with electric coil
6741,46,small_office,0,Propane,Residential AC with residential forced air furnace
6742,28,medium_office,0,NaturalGas,DOAS with fan coil air-cooled chiller with boiler
6743,26,large_office,0,Electricity,VAV chiller with PFP boxes
6744,104,medium_office,0,NaturalGas,DOAS with fan coil air-cooled chiller with boiler
6745,18,large_office,0,NaturalGas,PSZ-AC with gas coil
6746,17,large_office,0,NaturalGas,PVAV with gas heat with electric reheat
6747,106,medium_office,0,NaturalGas,PSZ-AC with gas boiler
6748,101,medium_office,1,NaturalGas,VAV air-cooled chiller with gas boiler reheat
6749,22,large_hotel,1,NaturalGas,DOAS with fan coil air-cooled chiller with boiler
6750,107,small_office,1,NaturalGas,PVAV with gas boiler reheat
6751,14,small_office,1,NaturalGas,Residential AC with residential forced air furnace
6752,30,medium_office,1,NaturalGas,VAV chiller with gas boiler reheat
6753,24,retail,0,Electricity,PTHP
6754,31,small_office,1,Electricity,PSZ-HP
6755,32,large_hotel,0,DistrictHeating,DOAS with fan coil district chilled water with district hot water
6756,20,quick_service_restaurant,0,Electricity,PTAC with electric coil
6757,46,medium_office,0,NaturalGas,PVAV with gas heat with electric reheat
6758,26,warehouse,1,Propane,PSZ-AC with gas coil
6759,105,medium_office,0,NaturalGas,DOAS with fan coil chiller with boiler
6760,27,hospital,0,NaturalGas,PVAV with gas boiler reheat
6761,19,primary_school,1,NaturalGas,DOAS with water source heat pumps cooling tower with boiler
6762,31,primary_school,1,NaturalGas,VAV chiller with gas boiler reheat
6763,13,small_office,0,FuelOil,Residential AC with residential forced air furnace
6764,32,secondary_school,0,NaturalGas,PVAV with gas heat with electric reheat
6765,102,secondary_school,1,Electricity,PSZ-HP
6766,26,secondary_school,0,Propane,PSZ-AC with gas coil
6767,101,primary_school,1,NaturalGas,DOAS with water source heat pumps cooling tower with boiler
6768,0,primary_school,1,NaturalGas,PVAV with gas heat with electric reheat
6769,12,primary_school,1,NaturalGas,PVAV with gas boiler reheat
6770,103,primary_school,1,NaturalGas,VAV chiller with gas boiler reheat
6771,109,secondary_school,1,Electricity,PTHP
6772,4,primary_school,0,NaturalGas,PVAV with gas heat with electric reheat
6773,1,medium_office,1,NaturalGas,PVAV with gas heat with electric reheat
6774,45,medium_office,0,DistrictHeating,VAV chiller with district hot water reheat
6775,33,large_hotel,1,NaturalGas,DOAS with fan coil chiller with boiler
6776,27,large_hotel,0,NaturalGas,DOAS with water source heat pumps cooling tower with boiler
6777,25,small_office,1,FuelOil,PVAV with gas heat with electric reheat
6778,49,retail,0,Propane,PSZ-AC with gas coil
6779,24,large_office,0,DistrictHeating,VAV district chilled water with district hot water reheat
6780,24,large_office,0,Electricity,PVAV with PFP boxes
6781,102,medium_office,1,NaturalGas,VAV air-cooled chiller with gas boiler reheat
6782,10,medium_office,0,Propane,PSZ-AC with gas coil
6783,44,small_office,0,FuelOil,Residential AC with residential forced air furnace
6784,20,large_hotel,1,Electricity,PTAC with electric coil
6785,16,medium_office,0,NaturalGas,PSZ-AC with gas boiler
6786,47,strip_mall,1,NaturalGas,Residential AC with residential forced air furnace
6787,46,small_office,1,NaturalGas,PVAV with gas heat with electric reheat
6788,24,small_office,0,Electricity,PTHP
6789,44,medium_office,0,Electricity,PSZ-AC with electric coil
6790,104,small_office,0,DistrictHeating,VAV district chilled water with district hot water reheat
6791,42,warehouse,1,NaturalGas,PSZ-AC with gas coil
6792,100,medium_office,0,NaturalGas,PVAV with gas heat with electric reheat
6793,1,medium_office,1,NaturalGas,PSZ-AC with gas coil
6794,6,grocery,1,NaturalGas,PSZ-AC with gas coil
6795,108,primary_school,1,NaturalGas,PVAV with gas boiler reheat
6796,104,secondary_school,1,NaturalGas,VAV air-cooled chiller with gas boiler reheat
6797,32,secondary_school,1,NaturalGas,PVAV with gas boiler reheat
6798,33,primary_school,1,NaturalGas,PVAV with gas boiler reheat
6799,27,primary_school,1,NaturalGas,VAV air-cooled chiller with gas boiler reheat
6800,4,primary_school,0,Electricity,PSZ-AC with electric coil
6801,109,primary_school,0,NaturalGas,PSZ-AC with gas coil
6802,43,secondary_school,0,NaturalGas,PSZ-AC with gas boiler
6803,29,medium_office,1,Propane,PVAV with gas heat with electric reheat
6804,12,large_office,0,DistrictHeating,VAV district chilled water with district hot water reheat
6805,34,large_hotel,0,Propane,PTAC with gas coil
6806,49,large_hotel,0,DistrictHeating,PTAC with baseboard district hot water
6807,26,strip_mall,2,Electricity,PVAV with PFP boxes
6808,20,medium_office,1,Electricity,PSZ-HP
6809,39,large_office,0,NaturalGas,VAV air-cooled chiller with gas boiler reheat
6810,9,medium_office,0,DistrictHeating,DOAS with fan coil district chilled water with district hot water
6811,100,small_office,1,NaturalGas,Residential AC with residential forced air furnace
6812,105,small_office,1,NaturalGas,PVAV with gas boiler reheat
6813,28,large_hotel,1,NaturalGas,PTAC with gas boiler
6814,48,small_office,0,Electricity,PTHP
6815,20,full_service_restaurant,0,Electricity,PSZ-HP
6816,103,large_office,1,Electricity,VAV chiller with PFP boxes
6817,101,medium_office,0,NaturalGas,DOAS with fan coil chiller with boiler
6818,17,small_office,0,DistrictHeating,DOAS with fan coil district chilled water with district hot water
6819,105,medium_office,1,NaturalGas,VAV air-cooled chiller with gas boiler reheat
6820,16,medium_office,1,NaturalGas,VAV chiller with gas boiler reheat
6821,29,outpatient,0,Electricity,PSZ-AC with electric coil
6822,42,large_hotel,0,Electricity,PTAC with electric coil
6823,40,warehouse,0,DistrictHeating,DOAS with fan coil chiller with district hot water
6824,9,hospital,1,NaturalGas,VAV chiller with gas boiler reheat
6825,31,primary_school,1,NaturalGas,PVAV with gas heat with electric reheat
6826,105,primary_school,0,NaturalGas,PVAV with gas heat with electric reheat
6827,35,primary_school,1,Electricity,PVAV with PFP boxes
6828,23,primary_school,1,Electricity,PVAV with PFP boxes
6829,25,primary_school,1,FuelOil,DOAS with water source heat pumps cooling tower with boiler
6830,100,secondary_school,0,Propane,PVAV with gas heat with electric reheat
6831,19,primary_school,1,FuelOil,VAV air-cooled chiller with gas boiler reheat
6832,17,primary_school,1,NaturalGas,PVAV with gas heat with electric reheat
6833,7,primary_school,1,Electricity,DOAS with water source heat pumps with ground source heat pump
6834,32,large_office,1,DistrictHeating,VAV district chilled water with district hot water reheat
6835,33,strip_mall,1,NaturalGas,Residential AC with residential forced air furnace
6836,40,large_office,1,DistrictHeating,VAV chiller with district hot water reheat
6837,14,medium_office,0,NaturalGas,PVAV with gas heat with electric reheat
6838,36,medium_office,1,NaturalGas,VAV chiller with gas boiler reheat
6839,43,retail,1,Electricity,PSZ-AC with electric coil
6840,1,strip_mall,0,Propane,PSZ-AC with gas coil
6841,101,quick_service_restaurant,0,Electricity,PTAC with electric coil
6842,104,full_service_restaurant,1,DistrictHeating,VAV district chilled water with district hot water reheat
6843,105,small_office,0,DistrictHeating,VAV chiller with district hot water reheat
6844,11,small_office,1,Propane,PSZ-AC with gas coil
6845,20,retail,0,Electricity,PTHP
6846,103,large_hotel,0,DistrictHeating,DOAS with fan coil district chilled water with district hot water
6847,39,warehouse,1,Propane,PSZ-AC with gas coil
6848,46,strip_mall,2,Electricity,PVAV with PFP boxes
6849,107,full_service_restaurant,1,Propane,PSZ-AC with gas coil
6850,47,small_office,1,Propane,Residential AC with residential forced air furnace
6851,38,medium_office,0,NaturalGas,PSZ-AC with gas boiler
6852,44,warehouse,1,NaturalGas,PVAV with gas heat with electric reheat
6853,17,large_hotel,1,NaturalGas,DOAS with fan coil chiller with boiler
6854,22,primary_school,0,NaturalGas,PVAV with gas boiler reheat
6855,26,primary_school,1,Electricity,PVAV with PFP boxes
6856,23,secondary_school,0,NaturalGas,DOAS with fan coil air-cooled chiller with boiler
6857,107,secondary_school,0,Propane,PSZ-AC with gas boiler
6858,29,primary_school,0,Electricity,PSZ-HP
6859,30,primary_school,0,Electricity,PVAV with PFP boxes
6860,36,secondary_school,1,NaturalGas,PVAV with gas heat with electric reheat
6861,38,primary_school,0,Electricity,PVAV with PFP boxes
6862,40,secondary_school,0,NaturalGas,DOAS with fan coil air-cooled chiller with boiler
6863,42,secondary_school,0,NaturalGas,PSZ-AC with gas boiler
6864,103,primary_school,1,Electricity,DOAS with water source heat pumps with ground source heat pump
6865,0,small_office,1,Propane,PSZ-AC with gas coil
6866,4,outpatient,2,Electricity,PVAV with PFP boxes
6867,0,small_office,1,DistrictHeating,VAV district chilled water with district hot water reheat
6868,37,quick_service_restaurant,0,FuelOil,Residential forced air furnace
6869,23,medium_office,0,Electricity,PSZ-AC with electric coil
6870,23,medium_office,0,NaturalGas,PSZ-AC with gas coil
6871,15,medium_office,0,Electricity,PSZ-AC with electric coil
6872,103,strip_mall,0,NaturalGas,Residential AC with residential forced air furnace
6873,17,large_office,1,DistrictHeating,VAV district chilled water with district hot water reheat
6874,30,medium_office,1,Propane,PSZ-AC with gas coil
6875,33,medium_office,1,NaturalGas,VAV chiller with gas boiler reheat
6876,11,medium_office,1,NaturalGas,VAV chiller with gas boiler reheat
6877,27,warehouse,1,Electricity,PVAV with PFP boxes
6878,26,small_office,1,Propane,PVAV with gas heat with electric reheat
6879,39,medium_office,1,NaturalGas,VAV chiller with gas boiler reheat
6880,18,warehouse,1,NaturalGas,PVAV with gas boiler reheat
6881,36,outpatient,0,Propane,PSZ-AC with gas coil
6882,34,small_office,1,NaturalGas,PVAV with gas boiler reheat
6883,49,large_office,0,Electricity,PVAV with PFP boxes
6884,10,full_service_restaurant,1,FuelOil,PVAV with gas heat with electric reheat
6885,3,large_hotel,0,DistrictHeating,DOAS with fan coil district chilled water with district hot water
6886,109,large_hotel,0,NaturalGas,DOAS with water source heat pumps cooling tower with boiler
6887,11,full_service_restaurant,1,Propane,PSZ-AC with gas coil
6888,45,outpatient,0,NaturalGas,PSZ-AC with gas coil
6889,15,medium_office,1,Electricity,PVAV with PFP boxes
6890,108,outpatient,0,NaturalGas,PSZ-AC with gas coil
6891,102,outpatient,0,DistrictHeating,VAV chiller with district hot water reheat
6892,31,secondary_school,0,NaturalGas,DOAS with fan coil air-cooled chiller with boiler
6893,107,secondary_school,0,NaturalGas,PTAC with gas boiler
6894,13,primary_school,0,NaturalGas,PVAV with gas boiler reheat
6895,31,secondary_school,0,Electricity,PSZ-AC with electric coil
6896,37,secondary_school,1,NaturalGas,VAV air-cooled chiller with gas boiler reheat
6897,100,primary_school,1,NaturalGas,VAV chiller with gas boiler reheat
6898,15,primary_school,0,NaturalGas,PVAV with gas heat with electric reheat
6899,49,primary_school,1,NaturalGas,PVAV with gas boiler reheat
6900,107,secondary_school,1,NaturalGas,VAV air-cooled chiller with gas boiler reheat
6901,25,full_service_restaurant,1,NaturalGas,PVAV with gas boiler reheat
6902,48,primary_school,1,Electricity,PVAV with PFP boxes
6903,2,small_office,1,NaturalGas,PVAV with gas boiler reheat
6904,41,small_hotel,0,Electricity,PTHP
6905,41,warehouse,1,NaturalGas,PSZ-AC with gas coil
6906,27,outpatient,0,Electricity,PSZ-HP
6907,103,medium_office,0,NaturalGas,PSZ-AC with gas boiler
6908,26,large_office,1,Electricity,VAV chiller with PFP boxes
6909,105,large_office,0,NaturalGas,VAV air-cooled chiller with gas boiler reheat
6910,10,large_office,0,FuelOil,PVAV with gas boiler reheat
6911,29,large_office,0,DistrictHeating,PVAV with district hot water reheat
6912,19,full_service_restaurant,1,Propane,PSZ-AC with gas coil
6913,104,large_office,0,Electricity,PVAV with PFP boxes
6914,44,medium_office,0,Electricity,PVAV with PFP boxes
6915,105,quick_service_restaurant,0,NaturalGas,Residential AC with residential forced air furnace
6916,32,outpatient,0,NaturalGas,PSZ-AC with gas coil
6917,32,large_hotel,1,NaturalGas,DOAS with fan coil chiller with boiler
6918,39,large_hotel,0,NaturalGas,DOAS with water source heat pumps cooling tower with boiler
6919,33,large_office,0,NaturalGas,PVAV with gas heat with electric reheat
6920,20,small_hotel,0,NaturalGas,PTAC with gas boiler
6921,48,outpatient,2,Electricity,PVAV with PFP boxes
6922,101,primary_school,1,NaturalGas,PVAV with gas boiler reheat
6923,103,primary_school,1,NaturalGas,PVAV with gas heat with electric reheat
6924,20,primary_school,1,NaturalGas,PSZ-AC with gas boiler
6925,24,primary_school,1,FuelOil,VAV chiller with gas boiler reheat
6926,33,primary_school,0,Electricity,PVAV with PFP boxes
6927,25,large_hotel,1,Electricity,DOAS with fan coil chiller with baseboard electric
6928,16,secondary_school,1,NaturalGas,VAV air-cooled chiller with gas boiler reheat
6929,29,medium_office,1,NaturalGas,VAV chiller with gas boiler reheat
6930,11,warehouse,1,NaturalGas,PVAV with gas boiler reheat
6931,15,strip_mall,1,NaturalGas,Residential AC with residential forced air furnace
6932,36,outpatient,1,NaturalGas,PVAV with gas heat with electric reheat
6933,45,medium_office,0,NaturalGas,PSZ-AC with gas coil
6934,41,quick_service_restaurant,0,Electricity,PSZ-HP
6935,14,full_service_restaurant,0,Propane,PSZ-AC with gas coil
6936,46,medium_office,1,NaturalGas,VAV chiller with gas boiler reheat
6937,17,large_office,1,DistrictHeating,VAV chiller with district hot water reheat
6938,2,outpatient,2,Electricity,PVAV with PFP boxes
6939,6,large_office,1,DistrictHeating,VAV chiller with district hot water reheat
6940,49,warehouse,0,Electricity,PTHP
6941,39,small_office,1,Propane,PSZ-AC with gas coil
6942,28,retail,0,Electricity,PTHP
6943,24,warehouse,1,Propane,PVAV with gas heat with electric reheat
6944,28,medium_office,0,Electricity,PSZ-AC with electric coil
6945,18,large_office,0,NaturalGas,DOAS with water source heat pumps cooling tower with boiler
6946,33,small_hotel,0,NaturalGas,PTAC with gas boiler
6947,109,full_service_restaurant,0,FuelOil,PSZ-AC with gas coil
6948,23,large_office,1,Electricity,VAV chiller with PFP boxes
6949,31,large_hotel,1,Propane,DOAS with fan coil air-cooled chiller with boiler
6950,21,medium_office,0,Electricity,PVAV with PFP boxes
6951,18,hospital,1,Electricity,PSZ-AC with electric coil
6952,12,large_office,1,NaturalGas,VAV chiller with gas boiler reheat
6953,7,secondary_school,0,DistrictHeating,Baseboard district hot water
6954,38,outpatient,1,DistrictHeating,VAV chiller with district hot water reheat
6955,43,medium_office,0,DistrictHeating,VAV chiller with district hot water reheat
6956,1,outpatient,2,Electricity,PVAV with PFP boxes
6957,4,small_hotel,0,Propane,Residential AC with residential forced air furnace
6958,45,outpatient,0,DistrictHeating,VAV chiller with district hot water reheat
6959,20,medium_office,0,DistrictHeating,DOAS with fan coil district chilled water with district hot water
6960,2,hospital,0,Electricity,PSZ-AC with electric coil
6961,16,hospital,0,Electricity,PSZ-AC with electric coil
6962,41,quick_service_restaurant,0,NaturalGas,PSZ-AC with gas coil
6963,23,grocery,0,NaturalGas,PSZ-AC with gas coil
6964,43,large_office,0,DistrictHeating,VAV district chilled water with district hot water reheat
6965,49,small_hotel,0,NaturalGas,Residential AC with residential forced air furnace
6966,110,small_office,0,DistrictHeating,PSZ-AC with district hot water
6967,17,quick_service_restaurant,0,Propane,PSZ-AC with gas coil
6968,34,large_office,1,NaturalGas,VAV chiller with gas boiler reheat
6969,40,warehouse,1,DistrictHeating,DOAS with fan coil air-cooled chiller with district hot water
6970,43,outpatient,1,Electricity,PSZ-AC with electric coil
6971,103,grocery,0,Propane,Residential AC with residential forced air furnace
6972,41,grocery,1,Electricity,PSZ-AC with electric coil
6973,22,grocery,0,FuelOil,PSZ-AC with gas coil
6974,32,outpatient,1,NaturalGas,PSZ-AC with gas coil
6975,45,outpatient,1,DistrictHeating,VAV chiller with district hot water reheat
6976,24,warehouse,0,DistrictHeating,DOAS with fan coil chiller with district hot water
6977,4,secondary_school,1,Propane,PVAV with gas boiler reheat
6978,12,hospital,0,NaturalGas,PVAV with gas boiler reheat
6979,49,hospital,1,NaturalGas,VAV chiller with gas boiler reheat
6980,21,grocery,0,Propane,Residential AC with residential forced air furnace
6981,106,small_office,1,Propane,PSZ-AC with gas coil
6982,22,hospital,0,DistrictHeating,VAV district chilled water with district hot water reheat
6983,100,primary_school,1,FuelOil,PSZ-AC with gas coil
6984,38,medium_office,0,Propane,PSZ-AC with gas coil
6985,11,quick_service_restaurant,0,FuelOil,Residential forced air furnace
6986,102,warehouse,1,Propane,PSZ-AC with gas coil
6987,25,medium_office,0,FuelOil,PSZ-AC with gas coil
6988,15,secondary_school,1,Electricity,PSZ-HP
6989,100,primary_school,0,Electricity,PSZ-AC with electric coil
6990,11,retail,1,FuelOil,PSZ-AC with gas coil
6991,103,retail,1,Propane,PSZ-AC with gas coil
6992,17,warehouse,1,DistrictHeating,DOAS with fan coil chiller with district hot water
6993,32,full_service_restaurant,1,DistrictHeating,VAV district chilled water with district hot water reheat
6994,49,large_hotel,0,Propane,DOAS with water source heat pumps cooling tower with boiler
6995,110,retail,0,Propane,PSZ-AC with gas coil
6996,6,primary_school,1,NaturalGas,VAV air-cooled chiller with gas boiler reheat
6997,105,full_service_restaurant,1,Propane,PSZ-AC with gas coil
6998,26,outpatient,1,DistrictHeating,VAV chiller with district hot water reheat
6999,109,full_service_restaurant,1,Electricity,PSZ-AC with electric coil
7000,10,small_hotel,0,FuelOil,PTAC with gas boiler
7001,13,grocery,1,FuelOil,PSZ-AC with gas coil
7002,42,hospital,0,FuelOil,VAV air-cooled chiller with gas boiler reheat
7003,102,hospital,0,Electricity,PSZ-AC with electric coil
7004,41,outpatient,1,Electricity,PSZ-AC with electric coil
7005,12,secondary_school,0,DistrictHeating,Baseboard district hot water
7006,34,grocery,0,FuelOil,PSZ-AC with gas coil
7007,21,outpatient,2,DistrictHeating,VAV chiller with district hot water reheat
7008,35,large_hotel,1,Propane,DOAS with fan coil chiller with boiler
7009,49,secondary_school,1,DistrictHeating,VAV air-cooled chiller with district hot water reheat
7010,16,large_office,1,NaturalGas,VAV chiller with gas boiler reheat
7011,21,grocery,1,NaturalGas,PSZ-AC with gas coil
7012,41,large_office,1,DistrictHeating,VAV district chilled water with district hot water reheat
7013,48,outpatient,2,FuelOil,VAV air-cooled chiller with gas boiler reheat
7014,47,outpatient,0,Electricity,PSZ-AC with electric coil
7015,23,large_office,0,NaturalGas,VAV chiller with gas boiler reheat
7016,49,outpatient,0,DistrictHeating,VAV chiller with district hot water reheat
7017,13,hospital,1,DistrictHeating,VAV district chilled water with district hot water reheat
7018,106,large_office,0,DistrictHeating,VAV district chilled water with district hot water reheat
7019,37,small_office,1,FuelOil,PSZ-AC with gas coil
7020,21,quick_service_restaurant,0,Propane,PSZ-AC with gas coil
7021,26,outpatient,2,Electricity,PVAV with PFP boxes
7022,48,outpatient,1,Electricity,PSZ-AC with electric coil
7023,23,outpatient,0,FuelOil,PSZ-AC with gas coil
7024,25,outpatient,1,NaturalGas,PSZ-AC with gas coil
7025,47,primary_school,1,DistrictHeating,VAV district chilled water with district hot water reheat
7026,2,large_hotel,1,Electricity,PTAC with electric coil
7027,107,grocery,0,Propane,Residential AC with residential forced air furnace
7028,106,medium_office,1,DistrictHeating,VAV district chilled water with district hot water reheat
7029,31,warehouse,1,Propane,PSZ-AC with gas coil
7030,44,medium_office,1,NaturalGas,PSZ-AC with gas coil
7031,15,small_office,0,DistrictHeating,VAV district chilled water with district hot water reheat
7032,46,grocery,0,NaturalGas,PSZ-AC with gas coil
7033,18,warehouse,1,FuelOil,PSZ-AC with gas coil
7034,43,outpatient,0,NaturalGas,PSZ-AC with gas coil
7035,110,retail,1,NaturalGas,PSZ-AC with gas coil
7036,101,hospital,1,DistrictHeating,VAV district chilled water with district hot water reheat
7037,32,hospital,1,FuelOil,VAV chiller with gas boiler reheat
7038,25,grocery,0,Propane,Residential AC with residential forced air furnace
7039,33,full_service_restaurant,1,DistrictHeating,VAV district chilled water with district hot water reheat
7040,44,small_office,1,FuelOil,PSZ-AC with gas coil
7041,100,hospital,0,DistrictHeating,VAV chiller with district hot water reheat
7042,28,quick_service_restaurant,0,Propane,PSZ-AC with gas coil
7043,30,outpatient,0,FuelOil,PSZ-AC with gas coil
7044,3,primary_school,1,NaturalGas,VAV chiller with gas boiler reheat
7045,1,small_office,1,DistrictHeating,PSZ-AC with district hot water
7046,9,large_office,1,FuelOil,DOAS with water source heat pumps cooling tower with boiler
7047,26,secondary_school,0,Electricity,PSZ-AC with electric coil
7048,29,grocery,0,Propane,Residential AC with residential forced air furnace
7049,15,outpatient,2,NaturalGas,VAV chiller with gas boiler reheat
7050,27,retail,1,FuelOil,PSZ-AC with gas coil
7051,37,hospital,1,Propane,VAV chiller with gas boiler reheat
7052,6,warehouse,0,FuelOil,Residential forced air furnace
7053,43,full_service_restaurant,0,DistrictHeating,VAV district chilled water with district hot water reheat
7054,110,full_service_restaurant,1,DistrictHeating,VAV district chilled water with district hot water reheat
7055,45,large_office,0,DistrictHeating,VAV district chilled water with district hot water reheat
7056,100,hospital,1,Electricity,PSZ-AC with electric coil
7057,110,large_hotel,0,NaturalGas,PTAC with gas boiler
7058,40,grocery,1,FuelOil,PSZ-AC with gas coil
7059,6,hospital,1,NaturalGas,VAV chiller with gas boiler reheat
7060,33,outpatient,0,Propane,PSZ-AC with gas coil
7061,107,hospital,0,Electricity,PSZ-AC with electric coil
7062,21,warehouse,1,Electricity,PSZ-AC with electric coil
7063,17,grocery,1,FuelOil,PSZ-AC with gas coil
7064,18,outpatient,0,Propane,PSZ-AC with gas coil
7065,19,large_office,0,FuelOil,PVAV with gas boiler reheat
7066,21,large_office,1,NaturalGas,VAV chiller with gas boiler reheat
7067,16,secondary_school,0,DistrictHeating,VAV district chilled water with district hot water reheat
7068,24,grocery,0,FuelOil,PSZ-AC with gas coil
7069,31,primary_school,1,Propane,VAV chiller with gas boiler reheat
7070,33,primary_school,1,FuelOil,PSZ-AC with gas coil
7071,104,large_office,1,DistrictHeating,VAV chiller with district hot water reheat
7072,3,large_hotel,1,DistrictHeating,DOAS with fan coil district chilled water with district hot water
7073,18,primary_school,1,FuelOil,PVAV with gas boiler reheat
7074,29,hospital,1,FuelOil,VAV chiller with gas boiler reheat
7075,47,grocery,1,FuelOil,PSZ-AC with gas coil
7076,16,strip_mall,1,Propane,PSZ-AC with gas coil
7077,5,large_office,1,FuelOil,VAV chiller with gas boiler reheat
7078,42,outpatient,0,FuelOil,PSZ-AC with gas coil
7079,104,outpatient,2,Electricity,PVAV with PFP boxes
7080,26,large_office,0,FuelOil,VAV chiller with gas boiler reheat
7081,103,outpatient,1,DistrictHeating,VAV chiller with district hot water reheat
7082,5,secondary_school,0,DistrictHeating,Baseboard district hot water
7083,21,outpatient,0,Electricity,PSZ-AC with electric coil
7084,40,primary_school,1,FuelOil,PSZ-AC with gas coil
7085,14,grocery,1,NaturalGas,PSZ-AC with gas coil
7086,106,primary_school,1,Propane,VAV chiller with gas boiler reheat
7087,11,retail,1,Propane,PSZ-AC with gas coil
7088,101,large_hotel,1,DistrictHeating,DOAS with fan coil chiller with district hot water
7089,2,small_hotel,0,Propane,Residential AC with residential forced air furnace
7090,14,hospital,0,Electricity,PSZ-AC with electric coil
7091,44,warehouse,0,FuelOil,Residential forced air furnace
7092,23,outpatient,2,Electricity,PVAV with PFP boxes
7093,36,hospital,1,FuelOil,VAV chiller with gas boiler reheat
7094,8,small_office,0,FuelOil,Residential AC with residential forced air furnace
7095,45,primary_school,1,NaturalGas,PSZ-AC with gas boiler
7096,106,medium_office,0,FuelOil,PVAV with gas heat with electric reheat
7097,1,warehouse,0,Propane,PSZ-AC with gas coil
7098,6,secondary_school,1,DistrictHeating,VAV air-cooled chiller with district hot water reheat
7099,44,full_service_restaurant,0,Propane,PSZ-AC with gas coil
7100,33,outpatient,1,NaturalGas,PSZ-AC with gas coil
7101,100,outpatient,2,NaturalGas,PVAV with gas boiler reheat
7102,109,medium_office,0,Electricity,PSZ-HP
7103,15,hospital,1,Electricity,PSZ-AC with electric coil
7104,2,secondary_school,1,NaturalGas,PVAV with gas heat with electric reheat
7105,35,grocery,1,Propane,PSZ-AC with gas coil
7106,0,grocery,0,FuelOil,PSZ-AC with gas coil
7107,42,full_service_restaurant,1,Electricity,PSZ-AC with electric coil
7108,36,warehouse,0,DistrictHeating,DOAS with fan coil air-cooled chiller with district hot water
7109,106,outpatient,1,NaturalGas,PSZ-AC with gas coil
7110,43,grocery,0,NaturalGas,PSZ-AC with gas coil
7111,12,grocery,1,Propane,PSZ-AC with gas coil
7112,11,small_hotel,0,FuelOil,Residential AC with residential forced air furnace
7113,1,large_office,0,NaturalGas,VAV chiller with gas boiler reheat
7114,34,outpatient,2,NaturalGas,VAV chiller with gas boiler reheat
7115,35,warehouse,1,NaturalGas,PSZ-AC with gas coil
7116,45,small_hotel,0,Propane,Residential AC with residential forced air furnace
7117,41,full_service_restaurant,1,DistrictHeating,VAV district chilled water with district hot water reheat
7118,47,small_office,0,DistrictHeating,VAV district chilled water with district hot water reheat
7119,30,small_hotel,0,Propane,Residential AC with residential forced air furnace
7120,9,primary_school,1,DistrictHeating,VAV district chilled water with district hot water reheat
7121,103,grocery,1,FuelOil,PSZ-AC with gas coil
7122,28,primary_school,1,Propane,PSZ-AC with gas coil
7123,24,secondary_school,1,NaturalGas,VAV air-cooled chiller with gas boiler reheat
7124,100,large_hotel,1,Electricity,PTAC with electric coil
7125,6,large_hotel,1,NaturalGas,DOAS with fan coil chiller with boiler
7126,31,outpatient,1,DistrictHeating,VAV chiller with district hot water reheat
7127,17,large_office,1,FuelOil,VAV chiller with gas boiler reheat
7128,12,primary_school,0,Propane,PSZ-AC with gas coil
7129,7,large_hotel,0,DistrictHeating,PTAC with baseboard district hot water
7130,23,outpatient,0,Propane,PSZ-AC with gas coil
7131,103,full_service_restaurant,1,FuelOil,PSZ-AC with gas coil
7132,49,primary_school,1,Propane,PSZ-AC with gas coil
7133,3,large_hotel,0,Propane,PTAC with gas boiler
7134,48,full_service_restaurant,1,DistrictHeating,VAV district chilled water with district hot water reheat
7135,108,medium_office,1,DistrictHeating,VAV district chilled water with district hot water reheat
7136,46,quick_service_restaurant,0,FuelOil,Residential forced air furnace
7137,108,outpatient,1,Electricity,PVAV with PFP boxes
7138,23,grocery,1,Electricity,PSZ-AC with electric coil
7139,35,primary_school,1,Propane,PSZ-AC with gas coil
7140,31,quick_service_restaurant,0,FuelOil,Residential forced air furnace
7141,106,full_service_restaurant,1,DistrictHeating,VAV district chilled water with district hot water reheat
7142,47,strip_mall,1,Electricity,PSZ-AC with electric coil
7143,37,primary_school,1,FuelOil,VAV air-cooled chiller with gas boiler reheat
7144,13,outpatient,2,DistrictHeating,VAV chiller with district hot water reheat
7145,44,grocery,0,Electricity,PSZ-AC with electric coil
7146,4,secondary_school,1,Electricity,PTHP
7147,108,large_office,1,DistrictHeating,VAV district chilled water with district hot water reheat
7148,8,large_hotel,1,DistrictHeating,DOAS with fan coil chiller with district hot water
7149,8,quick_service_restaurant,0,FuelOil,Residential forced air furnace
7150,23,outpatient,1,Propane,PSZ-AC with gas coil
7151,44,primary_school,0,FuelOil,PSZ-AC with gas coil
7152,24,large_office,1,FuelOil,VAV chiller with gas boiler reheat
7153,30,outpatient,0,Propane,PSZ-AC with gas coil
7154,25,full_service_restaurant,1,DistrictHeating,VAV district chilled water with district hot water reheat
7155,108,outpatient,2,Electricity,PVAV with PFP boxes
7156,17,small_office,1,DistrictHeating,VAV district chilled water with district hot water reheat
7157,1,outpatient,0,Electricity,PSZ-AC with electric coil
7158,12,hospital,1,Electricity,PSZ-AC with electric coil
7159,110,retail,1,FuelOil,PSZ-AC with gas coil
7160,33,hospital,0,Electricity,PSZ-AC with electric coil
7161,103,secondary_school,1,NaturalGas,VAV air-cooled chiller with gas boiler reheat
7162,29,outpatient,1,FuelOil,PSZ-AC with gas coil
7163,104,large_hotel,0,DistrictHeating,PTAC with baseboard district hot water
7164,42,small_hotel,0,Propane,Residential AC with residential forced air furnace
7165,16,outpatient,2,NaturalGas,PVAV with gas boiler reheat
7166,44,secondary_school,1,NaturalGas,VAV air-cooled chiller with gas boiler reheat
7167,37,outpatient,1,NaturalGas,PSZ-AC with gas coil
7168,21,secondary_school,1,NaturalGas,PVAV with gas boiler reheat
7169,39,grocery,0,FuelOil,PSZ-AC with gas coil
7170,46,secondary_school,1,DistrictHeating,PSZ-AC with district hot water
7171,44,outpatient,0,NaturalGas,PSZ-AC with gas coil
7172,41,warehouse,0,DistrictHeating,DOAS with fan coil air-cooled chiller with district hot water
7173,8,hospital,1,NaturalGas,VAV chiller with gas boiler reheat
7174,17,grocery,1,Propane,PSZ-AC with gas coil
7175,15,outpatient,2,FuelOil,PSZ-AC with gas boiler
7176,6,warehouse,1,Propane,PSZ-AC with gas coil
7177,103,medium_office,0,DistrictHeating,VAV chiller with district hot water reheat
7178,29,hospital,0,NaturalGas,VAV air-cooled chiller with gas boiler reheat
7179,102,primary_school,0,DistrictHeating,DOAS with fan coil district chilled water with district hot water
7180,38,grocery,0,Propane,Residential AC with residential forced air furnace
7181,38,outpatient,2,NaturalGas,PVAV with gas boiler reheat
7182,41,quick_service_restaurant,0,Propane,PSZ-AC with gas coil
7183,23,grocery,0,Propane,Residential AC with residential forced air furnace
7184,39,hospital,0,DistrictHeating,VAV district chilled water with district hot water reheat
7185,32,primary_school,0,FuelOil,PSZ-AC with gas coil
7186,34,small_office,1,FuelOil,PSZ-AC with gas coil
7187,41,retail,1,NaturalGas,PSZ-AC with gas coil
7188,4,secondary_school,0,Propane,PSZ-AC with gas coil
7189,23,large_office,1,DistrictHeating,VAV chiller with district hot water reheat
7190,18,primary_school,1,Propane,PVAV with gas boiler reheat
7191,3,quick_service_restaurant,0,Propane,PSZ-AC with gas coil
7192,35,hospital,0,NaturalGas,PVAV with gas boiler reheat
7193,9,hospital,1,DistrictHeating,VAV district chilled water with district hot water reheat
7194,47,quick_service_restaurant,0,Propane,PSZ-AC with gas coil
7195,16,hospital,0,DistrictHeating,VAV district chilled water with district hot water reheat
7196,46,large_hotel,1,NaturalGas,DOAS with fan coil chiller with boiler
7197,42,medium_office,0,DistrictHeating,VAV chiller with district hot water reheat
7198,42,grocery,1,Electricity,PSZ-AC with electric coil
7199,110,quick_service_restaurant,0,Electricity,PSZ-AC with electric coil
7200,109,hospital,1,NaturalGas,VAV chiller with gas boiler reheat
7201,36,outpatient,2,DistrictHeating,VAV chiller with district hot water reheat
7202,37,hospital,0,DistrictHeating,VAV district chilled water with district hot water reheat
7203,21,large_office,0,Electricity,PVAV with PFP boxes
7204,24,outpatient,1,Propane,PSZ-AC with gas coil
7205,20,primary_school,0,Propane,PSZ-AC with gas coil
7206,21,medium_office,1,Electricity,PVAV with PFP boxes
7207,15,large_hotel,0,Propane,PTAC with gas boiler
7208,7,secondary_school,1,DistrictHeating,PVAV with district hot water reheat
7209,15,grocery,1,FuelOil,PSZ-AC with gas coil
7210,42,primary_school,0,Electricity,PSZ-AC with electric coil
7211,48,outpatient,0,FuelOil,PSZ-AC with gas coil
7212,14,secondary_school,0,DistrictHeating,DOAS with fan coil district chilled water with district hot water
7213,36,grocery,0,FuelOil,PSZ-AC with gas coil
7214,16,hospital,1,Electricity,PSZ-AC with electric coil
7215,7,warehouse,1,DistrictHeating,DOAS with fan coil air-cooled chiller with district hot water
7216,8,primary_school,0,FuelOil,PSZ-AC with gas coil
7217,11,small_hotel,0,Propane,Residential AC with residential forced air furnace
7218,10,outpatient,2,Propane,PVAV with gas boiler reheat
7219,23,hospital,0,Electricity,PSZ-AC with electric coil
7220,41,outpatient,0,Electricity,PSZ-AC with electric coil
7221,100,medium_office,0,DistrictHeating,VAV chiller with district hot water reheat
7222,31,retail,1,Propane,PSZ-AC with gas coil
7223,0,hospital,0,Electricity,PSZ-AC with electric coil
7224,46,secondary_school,0,Propane,PSZ-AC with gas boiler
7225,27,primary_school,0,Propane,PSZ-AC with gas coil
7226,14,strip_mall,1,Propane,PSZ-AC with gas coil
7227,29,small_office,1,Propane,PSZ-AC with gas coil
7228,34,large_hotel,1,Electricity,PTAC with electric coil
7229,43,outpatient,2,Electricity,PVAV with PFP boxes
7230,103,grocery,1,Propane,PSZ-AC with gas coil
7231,100,large_office,0,DistrictHeating,VAV district chilled water with district hot water reheat
7232,1,medium_office,0,FuelOil,PVAV with gas boiler reheat
7233,22,grocery,1,FuelOil,PSZ-AC with gas coil
7234,15,full_service_restaurant,1,Propane,PSZ-AC with gas coil
7235,34,outpatient,2,FuelOil,PSZ-AC with gas boiler
7236,100,medium_office,1,DistrictHeating,VAV district chilled water with district hot water reheat
7237,39,medium_office,1,FuelOil,PSZ-AC with gas boiler
7238,100,outpatient,1,Electricity,PVAV with PFP boxes
7239,29,secondary_school,1,Electricity,PTHP
7240,108,small_office,0,DistrictHeating,VAV district chilled water with district hot water reheat
7241,105,secondary_school,1,Propane,PVAV with gas boiler reheat
7242,106,primary_school,0,DistrictHeating,VAV air-cooled chiller with district hot water reheat
7243,42,grocery,0,Propane,Residential AC with residential forced air furnace
7244,38,medium_office,1,Propane,PVAV with gas boiler reheat
7245,45,quick_service_restaurant,0,Propane,PSZ-AC with gas coil
7246,9,secondary_school,0,Propane,PSZ-AC with gas coil
7247,102,hospital,0,DistrictHeating,VAV district chilled water with district hot water reheat
7248,108,full_service_restaurant,1,DistrictHeating,VAV district chilled water with district hot water reheat
7249,6,medium_office,1,NaturalGas,PSZ-AC with gas coil
7250,9,large_hotel,1,DistrictHeating,DOAS with fan coil district chilled water with district hot water
7251,41,primary_school,0,NaturalGas,PSZ-AC with gas coil
7252,10,grocery,1,Propane,PSZ-AC with gas coil
7253,46,grocery,0,Propane,Residential AC with residential forced air furnace
7254,1,secondary_school,1,NaturalGas,VAV chiller with gas boiler reheat
7255,3,full_service_restaurant,1,Electricity,PSZ-AC with electric coil
7256,18,retail,1,FuelOil,PSZ-AC with gas coil
7257,109,large_hotel,1,NaturalGas,DOAS with fan coil chiller with boiler
7258,31,grocery,0,Propane,Residential AC with residential forced air furnace
7259,26,outpatient,2,DistrictHeating,VAV chiller with district hot water reheat
7260,29,outpatient,1,Propane,PSZ-AC with gas boiler
7261,47,outpatient,1,DistrictHeating,VAV chiller with district hot water reheat
7262,15,outpatient,1,NaturalGas,PSZ-AC with gas coil
7263,3,primary_school,1,Propane,PVAV with gas boiler reheat
7264,102,hospital,1,Electricity,PSZ-AC with electric coil
7265,31,small_hotel,0,FuelOil,Residential AC with residential forced air furnace
7266,16,outpatient,0,DistrictHeating,VAV chiller with district hot water reheat
7267,34,grocery,1,FuelOil,PSZ-AC with gas coil
7268,10,primary_school,0,Propane,PVAV with gas boiler reheat
7269,49,large_office,1,Electricity,VAV chiller with PFP boxes
7270,12,secondary_school,1,DistrictHeating,VAV air-cooled chiller with district hot water reheat
7271,14,medium_office,1,DistrictHeating,VAV district chilled water with district hot water reheat
7272,33,secondary_school,0,DistrictHeating,Baseboard district hot water
7273,16,large_hotel,1,Electricity,PTAC with electric coil
7274,21,hospital,1,Electricity,PSZ-AC with electric coil
7275,18,outpatient,2,DistrictHeating,VAV chiller with district hot water reheat
7276,13,primary_school,0,FuelOil,PSZ-AC with gas coil
7277,29,outpatient,2,Propane,VAV chiller with gas boiler reheat
7278,33,warehouse,0,DistrictHeating,DOAS with fan coil air-cooled chiller with district hot water
7279,14,primary_school,1,DistrictHeating,Baseboard district hot water
7280,34,grocery,0,Electricity,PSZ-AC with electric coil
7281,7,secondary_school,0,FuelOil,PSZ-AC with gas boiler
7282,0,small_office,1,FuelOil,PSZ-AC with gas coil
7283,106,large_office,1,DistrictHeating,VAV chiller with district hot water reheat
7284,44,secondary_school,1,FuelOil,VAV chiller with gas boiler reheat
7285,10,primary_school,1,Propane,VAV air-cooled chiller with gas boiler reheat
7286,6,quick_service_restaurant,0,FuelOil,Residential forced air furnace
7287,104,outpatient,0,Electricity,PSZ-AC with electric coil
7288,10,hospital,1,DistrictHeating,VAV district chilled water with district hot water reheat
7289,5,large_hotel,1,DistrictHeating,DOAS with fan coil chiller with district hot water
7290,21,small_office,0,FuelOil,Residential AC with residential forced air furnace
7291,34,primary_school,0,FuelOil,PSZ-AC with gas coil
7292,108,retail,1,Propane,PSZ-AC with gas coil
7293,6,hospital,1,Propane,VAV chiller with gas boiler reheat
7294,27,outpatient,2,NaturalGas,VAV air-cooled chiller with gas boiler reheat
7295,106,outpatient,2,Electricity,PVAV with PFP boxes
7296,48,grocery,0,FuelOil,PSZ-AC with gas coil
7297,35,primary_school,0,Electricity,PSZ-AC with electric coil
7298,15,large_office,1,Electricity,VAV chiller with PFP boxes
7299,46,grocery,1,NaturalGas,PSZ-AC with gas coil
7300,1,large_office,1,Electricity,VAV chiller with PFP boxes
7301,110,secondary_school,0,DistrictHeating,Baseboard district hot water
7302,23,outpatient,0,Electricity,PSZ-AC with electric coil
7303,109,grocery,0,Electricity,PSZ-AC with electric coil
7304,39,retail,1,Propane,PSZ-AC with gas coil
7305,100,hospital,1,DistrictHeating,VAV district chilled water with district hot water reheat
7306,21,full_service_restaurant,0,Electricity,PSZ-AC with electric coil
7307,27,large_hotel,1,Electricity,PTAC with electric coil
7308,106,hospital,0,DistrictHeating,VAV district chilled water with district hot water reheat
7309,32,hospital,1,Electricity,PSZ-AC with electric coil
7310,102,outpatient,2,NaturalGas,PVAV with gas boiler reheat
7311,21,strip_mall,1,Electricity,PSZ-AC with electric coil
7312,29,grocery,1,Propane,PSZ-AC with gas coil
7313,32,large_office,0,NaturalGas,PVAV with gas heat with electric reheat
7314,108,full_service_restaurant,0,FuelOil,PSZ-AC with gas coil
7315,14,grocery,1,Propane,PSZ-AC with gas coil
7316,36,grocery,0,Propane,Residential AC with residential forced air furnace
7317,10,strip_mall,2,FuelOil,PSZ-AC with gas coil
7318,46,primary_school,1,NaturalGas,VAV air-cooled chiller with gas boiler reheat
7319,47,small_hotel,0,Propane,Residential AC with residential forced air furnace
7320,43,full_service_restaurant,1,DistrictHeating,VAV district chilled water with district hot water reheat
7321,101,small_office,1,DistrictHeating,VAV district chilled water with district hot water reheat
7322,45,primary_school,1,Propane,PSZ-AC with gas coil
7323,41,secondary_school,1,NaturalGas,VAV air-cooled chiller with gas boiler reheat
7324,33,outpatient,1,Propane,PVAV with gas boiler reheat
7325,7,hospital,1,DistrictHeating,VAV district chilled water with district hot water reheat
7326,18,outpatient,1,Propane,PSZ-AC with gas coil
7327,2,secondary_school,1,Propane,PVAV with gas heat with electric reheat
7328,38,grocery,1,FuelOil,PSZ-AC with gas coil
7329,24,grocery,1,FuelOil,PSZ-AC with gas coil
7330,14,primary_school,0,Propane,PSZ-AC with gas coil
7331,23,secondary_school,0,Propane,PSZ-AC with gas coil
7332,16,small_office,1,Propane,PSZ-AC with gas coil
7333,43,grocery,0,Propane,Residential AC with residential forced air furnace
7334,1,full_service_restaurant,0,FuelOil,PSZ-AC with gas coil
7335,3,retail,1,FuelOil,PSZ-AC with gas coil
7336,28,hospital,1,DistrictHeating,VAV district chilled water with district hot water reheat
7337,34,large_office,0,Electricity,PVAV with PFP boxes
7338,101,grocery,0,Propane,Residential AC with residential forced air furnace
7339,3,small_hotel,0,NaturalGas,Residential AC with residential forced air furnace
7340,16,strip_mall,2,Propane,PSZ-AC with gas coil
7341,40,outpatient,1,Propane,PSZ-AC with gas coil
7342,24,secondary_school,1,Propane,PVAV with gas boiler reheat
7343,108,outpatient,0,Electricity,PSZ-AC with electric coil
7344,38,small_office,1,Propane,PSZ-AC with gas coil
7345,25,hospital,1,NaturalGas,VAV chiller with gas boiler reheat
7346,31,large_hotel,1,DistrictHeating,DOAS with fan coil chiller with district hot water
7347,31,outpatient,2,NaturalGas,PVAV with gas boiler reheat
7348,21,outpatient,1,Electricity,PVAV with PFP boxes
7349,29,hospital,1,Electricity,PSZ-AC with electric coil
7350,47,grocery,1,Electricity,PSZ-AC with electric coil
7351,35,hospital,1,DistrictHeating,VAV district chilled water with district hot water reheat
7352,41,large_office,0,Electricity,PVAV with PFP boxes
7353,42,outpatient,0,Electricity,PSZ-HP
7354,14,hospital,1,Electricity,PSZ-AC with electric coil
7355,3,medium_office,0,Electricity,PVAV with PFP boxes
7356,8,small_office,1,FuelOil,PSZ-AC with gas coil
7357,44,outpatient,2,Electricity,PVAV with PFP boxes
7358,43,retail,1,Propane,PSZ-AC with gas coil
7359,44,full_service_restaurant,1,Propane,PSZ-AC with gas coil
7360,23,warehouse,1,Electricity,PSZ-AC with electric coil
7361,36,hospital,1,Electricity,PSZ-AC with electric coil
7362,15,outpatient,0,FuelOil,PSZ-AC with gas coil
7363,23,secondary_school,1,NaturalGas,VAV air-cooled chiller with gas boiler reheat
7364,48,secondary_school,1,DistrictHeating,PVAV with district hot water reheat
7365,4,secondary_school,1,DistrictHeating,VAV air-cooled chiller with district hot water reheat
7366,16,large_office,0,DistrictHeating,VAV district chilled water with district hot water reheat
7367,2,large_office,0,DistrictHeating,VAV district chilled water with district hot water reheat
7368,103,secondary_school,1,Propane,PVAV with gas boiler reheat
7369,106,small_office,1,DistrictHeating,VAV district chilled water with district hot water reheat
7370,4,outpatient,0,DistrictHeating,VAV chiller with district hot water reheat
7371,16,primary_school,1,DistrictHeating,DOAS with fan coil chiller with district hot water
7372,45,secondary_school,1,NaturalGas,PVAV with gas boiler reheat
7373,108,outpatient,2,DistrictHeating,VAV chiller with district hot water reheat
7374,20,quick_service_restaurant,0,Propane,PSZ-AC with gas coil
7375,110,outpatient,2,NaturalGas,PVAV with gas boiler reheat
7376,37,primary_school,0,DistrictHeating,DOAS with fan coil district chilled water with district hot water
7377,43,small_office,0,FuelOil,Residential AC with residential forced air furnace
7378,7,large_hotel,1,DistrictHeating,DOAS with fan coil district chilled water with district hot water
7379,23,medium_office,0,DistrictHeating,DOAS with fan coil district chilled water with district hot water
7380,12,primary_school,1,Propane,PSZ-AC with gas coil
7381,2,large_office,1,DistrictHeating,VAV chiller with district hot water reheat
7382,33,primary_school,0,Propane,PSZ-AC with gas coil
7383,11,hospital,1,DistrictHeating,VAV district chilled water with district hot water reheat
7384,33,hospital,0,DistrictHeating,VAV district chilled water with district hot water reheat
7385,32,warehouse,1,FuelOil,PSZ-AC with gas coil
7386,42,secondary_school,0,Propane,PSZ-AC with gas coil
7387,8,hospital,1,Propane,VAV air-cooled chiller with gas boiler reheat
7388,28,secondary_school,0,Propane,PSZ-AC with gas coil
7389,18,hospital,0,DistrictHeating,VAV district chilled water with district hot water reheat
7390,15,full_service_restaurant,1,Electricity,PSZ-AC with electric coil
7391,44,medium_office,0,DistrictHeating,VAV chiller with district hot water reheat
7392,107,large_hotel,1,NaturalGas,DOAS with fan coil chiller with boiler
7393,44,grocery,1,Electricity,PSZ-AC with electric coil
7394,29,large_hotel,1,DistrictHeating,DOAS with fan coil chiller with district hot water
7395,11,secondary_school,1,Electricity,PTHP
7396,23,large_office,0,Electricity,PVAV with PFP boxes
7397,14,large_hotel,1,DistrictHeating,DOAS with fan coil chiller with district hot water
7398,41,retail,1,Propane,PSZ-AC with gas coil
7399,28,grocery,0,Electricity,PSZ-AC with electric coil
7400,108,grocery,1,FuelOil,PSZ-AC with gas coil
7401,35,large_hotel,1,DistrictHeating,DOAS with fan coil chiller with district hot water
7402,31,secondary_school,0,DistrictHeating,Baseboard district hot water
7403,44,primary_school,0,Electricity,PSZ-AC with electric coil
7404,25,outpatient,1,Electricity,PVAV with PFP boxes
7405,10,outpatient,0,Propane,PSZ-AC with gas coil
7406,24,large_office,1,Electricity,VAV chiller with PFP boxes
7407,33,hospital,1,Electricity,PSZ-AC with electric coil
7408,13,outpatient,0,FuelOil,PSZ-AC with gas coil
7409,5,secondary_school,0,FuelOil,PSZ-AC with gas boiler
7410,48,retail,1,Propane,PSZ-AC with gas coil
7411,43,outpatient,0,Electricity,PSZ-HP
7412,17,hospital,0,Electricity,PSZ-AC with electric coil
7413,110,retail,1,Electricity,PSZ-AC with electric coil
7414,46,small_office,1,Propane,PSZ-AC with gas coil
7415,46,primary_school,0,FuelOil,PSZ-AC with gas coil
7416,106,retail,1,Propane,PSZ-AC with gas coil
7417,39,grocery,1,FuelOil,PSZ-AC with gas coil
7418,108,primary_school,0,FuelOil,PSZ-AC with gas coil
7419,31,small_office,1,Propane,PSZ-AC with gas coil
7420,34,outpatient,0,FuelOil,PSZ-AC with gas coil
7421,42,secondary_school,1,NaturalGas,PVAV with gas boiler reheat
7422,29,outpatient,1,Electricity,PSZ-AC with electric coil
7423,31,warehouse,1,DistrictHeating,DOAS with fan coil chiller with district hot water
7424,102,primary_school,1,DistrictHeating,PSZ-AC with district hot water
7425,38,grocery,1,Propane,PSZ-AC with gas coil
7426,27,warehouse,1,Propane,PSZ-AC with gas coil
7427,21,large_office,0,DistrictHeating,VAV district chilled water with district hot water reheat
7428,102,outpatient,1,Electricity,PSZ-AC with electric coil
7429,42,retail,1,FuelOil,PSZ-AC with gas coil
7430,5,small_office,1,FuelOil,PVAV with gas heat with electric reheat
7431,32,primary_school,1,FuelOil,DOAS with water source heat pumps cooling tower with boiler
7432,103,large_office,1,DistrictHeating,VAV district chilled water with district hot water reheat
7433,1,full_service_restaurant,0,Propane,PSZ-AC with gas coil
7434,3,retail,1,Propane,PSZ-AC with gas coil
7435,5,warehouse,1,FuelOil,PSZ-AC with gas coil
7436,15,full_service_restaurant,0,Propane,PSZ-AC with gas coil
7437,107,secondary_school,1,Propane,VAV air-cooled chiller with gas boiler reheat
7438,49,retail,0,FuelOil,PSZ-AC with gas coil
7439,15,outpatient,2,Electricity,PVAV with PFP boxes
7440,101,retail,1,FuelOil,PSZ-AC with gas coil
7441,42,large_office,0,DistrictHeating,VAV district chilled water with district hot water reheat
7442,11,secondary_school,0,Propane,PSZ-AC with gas coil
7443,11,retail,0,FuelOil,PSZ-AC with gas coil
7444,108,secondary_school,1,NaturalGas,VAV air-cooled chiller with gas boiler reheat
7445,16,hospital,1,DistrictHeating,VAV district chilled water with district hot water reheat
7446,42,medium_office,1,DistrictHeating,VAV district chilled water with district hot water reheat
7447,1,full_service_restaurant,1,Propane,PSZ-AC with gas coil
7448,18,large_hotel,0,DistrictHeating,PTAC with baseboard district hot water
7449,49,retail,1,FuelOil,PSZ-AC with gas coil
7450,34,full_service_restaurant,1,Electricity,PSZ-AC with electric coil
7451,16,medium_office,0,FuelOil,PSZ-AC with gas coil
7452,20,full_service_restaurant,1,Electricity,PSZ-AC with electric coil
7453,31,outpatient,1,FuelOil,PSZ-AC with gas coil
7454,1,small_hotel,0,Propane,Residential AC with residential forced air furnace
7455,26,outpatient,0,DistrictHeating,VAV chiller with district hot water reheat
7456,0,hospital,0,DistrictHeating,VAV district chilled water with district hot water reheat
7457,101,hospital,0,NaturalGas,PVAV with gas boiler reheat
7458,37,hospital,1,DistrictHeating,VAV district chilled water with district hot water reheat
7459,21,large_office,1,Electricity,VAV chiller with PFP boxes
7460,18,retail,0,FuelOil,PSZ-AC with gas coil
7461,20,primary_school,1,Propane,PSZ-AC with gas coil
7462,12,outpatient,1,DistrictHeating,VAV chiller with district hot water reheat
7463,101,outpatient,2,DistrictHeating,VAV chiller with district hot water reheat
7464,106,full_service_restaurant,1,FuelOil,PSZ-AC with gas coil
7465,33,outpatient,0,DistrictHeating,VAV chiller with district hot water reheat
7466,41,primary_school,0,Propane,PSZ-AC with gas coil
7467,42,primary_school,1,Electricity,PVAV with PFP boxes
7468,100,outpatient,1,DistrictHeating,VAV chiller with district hot water reheat
7469,27,full_service_restaurant,1,Electricity,PSZ-AC with electric coil
7470,18,outpatient,0,DistrictHeating,VAV chiller with district hot water reheat
7471,36,grocery,1,FuelOil,PSZ-AC with gas coil
7472,21,primary_school,1,NaturalGas,PSZ-AC with gas coil
7473,29,outpatient,0,Propane,PSZ-AC with gas coil
7474,33,large_hotel,1,Electricity,PTAC with electric coil
7475,35,outpatient,2,DistrictHeating,VAV chiller with district hot water reheat
7476,1,secondary_school,1,Propane,PVAV with gas boiler reheat
7477,106,outpatient,0,DistrictHeating,VAV chiller with district hot water reheat
7478,101,strip_mall,1,Propane,PSZ-AC with gas coil
7479,17,small_office,1,FuelOil,PSZ-AC with gas coil
7480,108,large_office,0,Electricity,PVAV with PFP boxes
7481,48,outpatient,0,Electricity,PSZ-HP
7482,6,outpatient,1,NaturalGas,PSZ-AC with gas coil
7483,27,primary_school,1,Propane,PSZ-AC with gas coil
7484,36,grocery,0,Electricity,PSZ-AC with electric coil
7485,14,strip_mall,2,Propane,PSZ-AC with gas coil
7486,100,large_office,1,DistrictHeating,VAV chiller with district hot water reheat
7487,8,primary_school,0,Electricity,PSZ-AC with electric coil
7488,36,small_office,1,Propane,PSZ-AC with gas coil
7489,102,strip_mall,2,Propane,PSZ-AC with gas coil
7490,3,secondary_school,0,Electricity,PSZ-AC with electric coil
7491,1,grocery,1,Electricity,PSZ-AC with electric coil
7492,34,outpatient,1,Electricity,PSZ-AC with electric coil
7493,23,hospital,1,NaturalGas,VAV chiller with gas boiler reheat
7494,35,large_office,0,NaturalGas,PVAV with gas boiler reheat
7495,100,outpatient,2,Electricity,PVAV with PFP boxes
7496,44,hospital,0,NaturalGas,PVAV with gas boiler reheat
7497,2,full_service_restaurant,1,DistrictHeating,VAV district chilled water with district hot water reheat
7498,4,primary_school,1,Propane,PSZ-AC with gas coil
7499,0,quick_service_restaurant,0,FuelOil,Residential forced air furnace
7500,106,primary_school,1,DistrictHeating,DOAS with fan coil district chilled water with district hot water
7501,100,grocery,0,FuelOil,PSZ-AC with gas coil
7502,46,secondary_school,1,FuelOil,VAV chiller with gas boiler reheat
7503,43,grocery,0,Electricity,PSZ-AC with electric coil
7504,7,retail,1,Propane,PSZ-AC with gas coil
7505,34,outpatient,2,Electricity,PVAV with PFP boxes
7506,1,large_office,0,Electricity,PVAV with PFP boxes
7507,102,hospital,1,DistrictHeating,VAV district chilled water with district hot water reheat
7508,26,large_hotel,1,NaturalGas,PTAC with gas boiler
7509,35,warehouse,1,Electricity,PSZ-AC with electric coil
7510,43,primary_school,0,FuelOil,PSZ-AC with gas coil
7511,47,large_hotel,0,NaturalGas,PTAC with gas boiler
7512,41,primary_school,1,NaturalGas,PVAV with gas heat with electric reheat
7513,101,primary_school,0,FuelOil,PSZ-AC with gas coil
7514,23,strip_mall,1,Electricity,PSZ-AC with electric coil
7515,46,grocery,1,Propane,PSZ-AC with gas coil
7516,31,grocery,1,Propane,PSZ-AC with gas coil
7517,9,hospital,1,FuelOil,VAV chiller with gas boiler reheat
7518,0,secondary_school,0,DistrictHeating,Baseboard district hot water
7519,15,grocery,0,Propane,Residential AC with residential forced air furnace
7520,6,secondary_school,0,NaturalGas,PSZ-AC with gas coil
7521,43,secondary_school,1,NaturalGas,VAV chiller with gas boiler reheat
7522,16,outpatient,1,DistrictHeating,VAV chiller with district hot water reheat
7523,36,outpatient,2,FuelOil,VAV air-cooled chiller with gas boiler reheat
7524,15,large_office,1,DistrictHeating,VAV chiller with district hot water reheat
7525,13,medium_office,0,DistrictHeating,VAV chiller with district hot water reheat
7526,37,hospital,0,FuelOil,VAV air-cooled chiller with gas boiler reheat
7527,31,primary_school,0,Propane,PSZ-AC with gas coil
7528,104,outpatient,1,DistrictHeating,VAV chiller with district hot water reheat
7529,40,secondary_school,0,Propane,PSZ-AC with gas coil
7530,104,primary_school,0,Propane,PSZ-AC with gas coil
7531,11,large_office,1,NaturalGas,VAV chiller with gas boiler reheat
7532,33,warehouse,1,DistrictHeating,DOAS with fan coil air-cooled chiller with district hot water
7533,45,hospital,1,DistrictHeating,VAV air-cooled chiller with district hot water reheat
7534,5,secondary_school,1,Propane,VAV air-cooled chiller with gas boiler reheat
7535,17,outpatient,2,DistrictHeating,VAV chiller with district hot water reheat
7536,34,grocery,1,Electricity,PSZ-AC with electric coil
7537,42,retail,1,Propane,PSZ-AC with gas coil
7538,41,secondary_school,1,Propane,VAV chiller with gas boiler reheat
7539,34,primary_school,1,FuelOil,PSZ-AC with gas coil
7540,23,outpatient,1,DistrictHeating,VAV chiller with district hot water reheat
7541,46,outpatient,0,NaturalGas,PSZ-AC with gas coil
7542,7,warehouse,1,FuelOil,PSZ-AC with gas coil
7543,26,secondary_school,1,Propane,VAV air-cooled chiller with gas boiler reheat
7544,30,outpatient,0,DistrictHeating,VAV chiller with district hot water reheat
7545,42,hospital,1,NaturalGas,VAV chiller with gas boiler reheat
7546,47,secondary_school,0,Propane,PSZ-AC with gas boiler
7547,40,small_office,1,Propane,PSZ-AC with gas coil
7548,44,secondary_school,1,Electricity,PTHP
7549,44,large_hotel,0,NaturalGas,PTAC with gas boiler
7550,0,large_hotel,1,NaturalGas,DOAS with fan coil chiller with boiler
7551,4,quick_service_restaurant,0,FuelOil,Residential forced air furnace
7552,46,large_hotel,0,DistrictHeating,PTAC with baseboard district hot water
7553,49,retail,1,Propane,PSZ-AC with gas coil
7554,43,large_office,0,Electricity,PVAV with PFP boxes
7555,44,outpatient,0,Electricity,PSZ-AC with electric coil
7556,2,outpatient,1,NaturalGas,PSZ-AC with gas coil
7557,8,hospital,1,Electricity,PSZ-AC with electric coil
7558,27,retail,1,DistrictHeating,PSZ-AC with district hot water
7559,3,small_hotel,0,Propane,Residential AC with residential forced air furnace
7560,45,large_hotel,1,NaturalGas,DOAS with fan coil chiller with boiler
7561,100,medium_office,1,FuelOil,PSZ-AC with gas boiler
7562,30,large_hotel,1,NaturalGas,DOAS with fan coil chiller with boiler
7563,21,strip_mall,2,Electricity,PVAV with PFP boxes
7564,106,primary_school,0,FuelOil,PSZ-AC with gas coil
7565,45,outpatient,1,Electricity,PSZ-AC with electric coil
7566,3,outpatient,2,NaturalGas,VAV chiller with gas boiler reheat
7567,12,large_office,1,DistrictHeating,VAV district chilled water with district hot water reheat
7568,108,full_service_restaurant,1,FuelOil,PSZ-AC with gas coil
7569,36,grocery,1,Propane,PSZ-AC with gas coil
7570,6,warehouse,1,DistrictHeating,DOAS with fan coil air-cooled chiller with district hot water
7571,100,small_office,0,DistrictHeating,VAV district chilled water with district hot water reheat
7572,22,hospital,0,Electricity,PSZ-AC with electric coil
7573,28,full_service_restaurant,1,Electricity,PSZ-AC with electric coil
7574,108,outpatient,0,DistrictHeating,VAV chiller with district hot water reheat
7575,28,large_hotel,1,Propane,DOAS with fan coil chiller with boiler
7576,105,retail,1,FuelOil,PSZ-AC with gas coil
7577,103,full_service_restaurant,0,FuelOil,PSZ-AC with gas coil
7578,4,secondary_school,0,DistrictHeating,Baseboard district hot water
7579,12,grocery,0,FuelOil,PSZ-AC with gas coil
7580,34,large_office,1,DistrictHeating,VAV chiller with district hot water reheat
7581,47,secondary_school,1,NaturalGas,VAV air-cooled chiller with gas boiler reheat
7582,8,medium_office,1,FuelOil,PSZ-AC with gas boiler
7583,106,small_office,0,DistrictHeating,VAV district chilled water with district hot water reheat
7584,42,outpatient,0,DistrictHeating,VAV chiller with district hot water reheat
7585,23,secondary_school,1,Propane,PVAV with gas boiler reheat
7586,16,primary_school,0,DistrictHeating,DOAS with fan coil chiller with district hot water
7587,47,outpatient,1,FuelOil,PSZ-AC with gas coil
7588,37,large_office,0,NaturalGas,PVAV with gas heat with electric reheat
7589,16,outpatient,0,FuelOil,PSZ-AC with gas coil
7590,100,grocery,0,Propane,Residential AC with residential forced air furnace
7591,26,outpatient,1,Electricity,PVAV with PFP boxes
7592,24,grocery,1,Electricity,PSZ-AC with electric coil
7593,110,full_service_restaurant,0,FuelOil,PSZ-AC with gas coil
7594,45,grocery,0,Electricity,PSZ-AC with electric coil
7595,3,grocery,1,NaturalGas,PSZ-AC with gas coil
7596,3,retail,1,Electricity,PSZ-AC with electric coil
7597,3,large_office,0,Electricity,PVAV with PFP boxes
7598,42,large_hotel,1,NaturalGas,PTAC with gas boiler
7599,14,primary_school,1,FuelOil,PSZ-AC with gas coil
7600,21,outpatient,2,Electricity,PVAV with PFP boxes
7601,49,secondary_school,1,Electricity,PTHP
7602,101,primary_school,0,Propane,PSZ-AC with gas coil
7603,10,hospital,1,FuelOil,VAV chiller with gas boiler reheat
7604,41,large_office,1,Electricity,VAV chiller with PFP boxes
7605,42,outpatient,1,Electricity,PSZ-AC with electric coil
7606,44,large_office,0,NaturalGas,VAV chiller with gas boiler reheat
7607,41,retail,0,Propane,PSZ-AC with gas coil
7608,0,outpatient,2,NaturalGas,PVAV with gas boiler reheat
7609,11,full_service_restaurant,1,DistrictHeating,VAV district chilled water with district hot water reheat
7610,7,outpatient,1,NaturalGas,PSZ-AC with gas coil
7611,13,hospital,1,Electricity,PSZ-AC with electric coil
7612,11,warehouse,1,Propane,PSZ-AC with gas coil
7613,106,large_office,0,Electricity,PVAV with PFP boxes
7614,6,primary_school,1,DistrictHeating,VAV chiller with district hot water reheat
7615,42,quick_service_restaurant,0,Propane,PSZ-AC with gas coil
7616,0,small_hotel,0,FuelOil,Residential AC with residential forced air furnace
7617,46,secondary_school,0,DistrictHeating,Baseboard district hot water
7618,48,small_office,1,Propane,PSZ-AC with gas coil
7619,7,grocery,0,Propane,Residential AC with residential forced air furnace
7620,15,full_service_restaurant,1,DistrictHeating,VAV district chilled water with district hot water reheat
7621,9,grocery,0,FuelOil,PSZ-AC with gas coil
7622,107,retail,0,Propane,PSZ-AC with gas coil
7623,109,retail,0,FuelOil,PSZ-AC with gas coil
7624,14,outpatient,1,NaturalGas,PSZ-AC with gas boiler
7625,16,large_office,1,DistrictHeating,VAV district chilled water with district hot water reheat
7626,101,hospital,1,Electricity,PSZ-AC with electric coil
7627,23,retail,1,DistrictHeating,PSZ-AC with district hot water
7628,13,full_service_restaurant,0,DistrictHeating,VAV district chilled water with district hot water reheat
7629,23,large_office,0,DistrictHeating,VAV district chilled water with district hot water reheat
7630,105,secondary_school,1,DistrictHeating,VAV air-cooled chiller with district hot water reheat
7631,6,secondary_school,0,FuelOil,PSZ-AC with gas boiler
7632,1,secondary_school,1,Electricity,PTHP
7633,11,outpatient,0,Propane,PSZ-AC with gas coil
7634,9,secondary_school,0,DistrictHeating,Baseboard district hot water
7635,37,primary_school,1,DistrictHeating,DOAS with fan coil district chilled water with district hot water
7636,43,small_office,1,FuelOil,PSZ-AC with gas coil
7637,16,grocery,0,FuelOil,PSZ-AC with gas coil
7638,2,grocery,0,FuelOil,PSZ-AC with gas coil
7639,28,small_hotel,0,FuelOil,Residential AC with residential forced air furnace
7640,42,secondary_school,1,Propane,PVAV with gas boiler reheat
7641,11,primary_school,1,FuelOil,PSZ-AC with gas coil
7642,49,secondary_school,0,Propane,PSZ-AC with gas coil
7643,44,medium_office,1,DistrictHeating,VAV district chilled water with district hot water reheat
7644,110,grocery,0,NaturalGas,PSZ-AC with gas coil
7645,29,outpatient,1,DistrictHeating,VAV chiller with district hot water reheat
7646,28,hospital,1,FuelOil,VAV chiller with gas boiler reheat
7647,108,secondary_school,1,Propane,PVAV with gas boiler reheat
7648,42,large_office,1,NaturalGas,DOAS with water source heat pumps cooling tower with boiler
7649,10,primary_school,0,DistrictHeating,VAV district chilled water with district hot water reheat
7650,35,outpatient,0,DistrictHeating,VAV chiller with district hot water reheat
7651,102,outpatient,1,DistrictHeating,VAV chiller with district hot water reheat
7652,23,primary_school,1,NaturalGas,VAV air-cooled chiller with gas boiler reheat
7653,27,outpatient,2,Electricity,PVAV with PFP boxes
7654,29,outpatient,2,DistrictHeating,VAV chiller with district hot water reheat
7655,104,retail,0,Propane,Residential AC with residential forced air furnace
7656,3,large_hotel,1,Electricity,PTAC with electric coil
7657,15,outpatient,2,DistrictHeating,VAV chiller with district hot water reheat
7658,11,outpatient,1,NaturalGas,PSZ-AC with gas coil
7659,45,medium_office,1,NaturalGas,PVAV with gas boiler reheat
7660,7,primary_school,0,NaturalGas,PSZ-AC with gas coil
7661,35,hospital,1,FuelOil,VAV chiller with gas boiler reheat
7662,44,primary_school,1,NaturalGas,VAV air-cooled chiller with gas boiler reheat
7663,29,warehouse,0,DistrictHeating,DOAS with fan coil air-cooled chiller with district hot water
7664,110,large_hotel,0,DistrictHeating,PTAC with baseboard district hot water
7665,31,large_office,1,NaturalGas,VAV chiller with gas boiler reheat
7666,105,retail,1,Propane,PSZ-AC with gas coil
7667,100,outpatient,0,Electricity,PSZ-AC with electric coil
7668,6,hospital,1,DistrictHeating,VAV district chilled water with district hot water reheat
7669,12,outpatient,2,NaturalGas,VAV chiller with gas boiler reheat
7670,21,primary_school,1,Propane,PSZ-AC with gas coil
7671,46,primary_school,0,Electricity,PSZ-AC with electric coil
7672,21,large_office,1,DistrictHeating,VAV district chilled water with district hot water reheat
7673,102,outpatient,2,Electricity,PVAV with PFP boxes
7674,24,hospital,0,NaturalGas,PVAV with gas boiler reheat
7675,108,primary_school,0,Electricity,PSZ-AC with electric coil
7676,34,outpatient,0,Electricity,PSZ-HP
7677,37,grocery,1,FuelOil,PSZ-AC with gas coil
7678,104,hospital,0,Electricity,PSZ-AC with electric coil
7679,14,full_service_restaurant,0,FuelOil,PSZ-AC with gas coil
7680,110,full_service_restaurant,0,Propane,PSZ-AC with gas coil
7681,20,large_hotel,1,NaturalGas,DOAS with fan coil chiller with boiler
7682,27,outpatient,0,Propane,PSZ-AC with gas coil
7683,47,hospital,1,NaturalGas,VAV chiller with gas boiler reheat
7684,41,large_hotel,0,NaturalGas,PTAC with gas coil
7685,31,hospital,0,NaturalGas,VAV air-cooled chiller with gas boiler reheat
7686,104,full_service_restaurant,0,FuelOil,PSZ-AC with gas coil
7687,8,primary_school,0,DistrictHeating,VAV district chilled water with district hot water reheat
7688,37,medium_office,1,FuelOil,PSZ-AC with gas boiler
7689,105,grocery,0,Propane,Residential AC with residential forced air furnace
7690,31,outpatient,1,Electricity,PSZ-AC with electric coil
7691,103,retail,1,FuelOil,PSZ-AC with gas coil
7692,41,primary_school,1,Propane,PSZ-AC with gas coil
7693,33,outpatient,1,DistrictHeating,VAV chiller with district hot water reheat
7694,100,outpatient,2,DistrictHeating,VAV chiller with district hot water reheat
7695,1,warehouse,1,NaturalGas,PSZ-AC with gas coil
7696,110,retail,0,FuelOil,PSZ-AC with gas coil
7697,18,outpatient,1,DistrictHeating,VAV chiller with district hot water reheat
7698,2,secondary_school,1,DistrictHeating,VAV air-cooled chiller with district hot water reheat
7699,15,medium_office,0,DistrictHeating,VAV chiller with district hot water reheat
7700,11,hospital,0,Electricity,PSZ-AC with electric coil
7701,13,secondary_school,1,Propane,PVAV with gas heat with electric reheat
7702,14,primary_school,0,DistrictHeating,VAV district chilled water with district hot water reheat
7703,14,large_hotel,1,FuelOil,DOAS with fan coil chiller with boiler
7704,23,secondary_school,0,DistrictHeating,Baseboard district hot water
7705,16,small_office,1,DistrictHeating,VAV chiller with district hot water reheat
7706,17,outpatient,0,DistrictHeating,VAV chiller with district hot water reheat
7707,106,outpatient,1,DistrictHeating,VAV chiller with district hot water reheat
7708,9,outpatient,2,NaturalGas,PVAV with gas boiler reheat
7709,49,large_office,0,NaturalGas,PVAV with gas boiler reheat
7710,1,large_office,0,DistrictHeating,VAV district chilled water with district hot water reheat
7711,108,large_office,1,Electricity,VAV chiller with PFP boxes
7712,19,outpatient,2,DistrictHeating,VAV chiller with district hot water reheat
7713,108,retail,0,Propane,PSZ-AC with gas coil
7714,36,grocery,1,Electricity,PSZ-AC with electric coil
7715,27,outpatient,1,NaturalGas,PSZ-AC with gas coil
7716,40,outpatient,1,DistrictHeating,VAV chiller with district hot water reheat
7717,6,secondary_school,0,Propane,PTAC with gas boiler
7718,24,secondary_school,1,DistrictHeating,VAV air-cooled chiller with district hot water reheat
7719,103,hospital,1,NaturalGas,VAV chiller with gas boiler reheat
7720,107,primary_school,1,Propane,PVAV with gas heat with electric reheat
7721,3,secondary_school,1,Electricity,PSZ-HP
7722,26,primary_school,1,FuelOil,VAV air-cooled chiller with gas boiler reheat
7723,38,small_office,1,DistrictHeating,VAV district chilled water with district hot water reheat
7724,110,hospital,0,NaturalGas,PVAV with gas boiler reheat
7725,6,large_hotel,1,DistrictHeating,DOAS with fan coil district chilled water with district hot water
7726,35,large_office,1,NaturalGas,VAV chiller with gas boiler reheat
7727,8,warehouse,0,FuelOil,Residential forced air furnace
7728,16,grocery,0,Propane,Residential AC with residential forced air furnace
7729,27,large_hotel,0,DistrictHeating,PTAC with baseboard district hot water
7730,44,hospital,1,NaturalGas,VAV chiller with gas boiler reheat
7731,21,quick_service_restaurant,0,FuelOil,Residential forced air furnace
7732,36,primary_school,0,Electricity,PSZ-AC with electric coil
7733,101,retail,0,Propane,PSZ-AC with gas coil
7734,28,hospital,0,NaturalGas,VAV air-cooled chiller with gas boiler reheat
7735,11,warehouse,0,DistrictHeating,DOAS with fan coil air-cooled chiller with district hot water
7736,47,large_hotel,1,NaturalGas,DOAS with fan coil chiller with boiler
7737,3,outpatient,0,NaturalGas,PSZ-AC with gas coil
7738,100,grocery,0,Electricity,PSZ-AC with electric coil
7739,101,primary_school,1,FuelOil,VAV chiller with gas boiler reheat
7740,24,large_hotel,1,NaturalGas,DOAS with fan coil chiller with boiler
7741,20,outpatient,2,NaturalGas,PVAV with gas boiler reheat
7742,46,secondary_school,1,Electricity,PTHP
7743,31,outpatient,0,Propane,PSZ-AC with gas coil
7744,25,grocery,0,FuelOil,PSZ-AC with gas coil
7745,5,outpatient,2,NaturalGas,PVAV with gas boiler reheat
7746,28,quick_service_restaurant,0,FuelOil,Residential forced air furnace
7747,43,primary_school,0,Electricity,PSZ-AC with electric coil
7748,1,primary_school,1,NaturalGas,PSZ-AC with gas coil
7749,110,medium_office,0,NaturalGas,PSZ-AC with gas coil
7750,100,full_service_restaurant,1,Propane,PSZ-AC with gas coil
7751,41,secondary_school,0,NaturalGas,PSZ-AC with gas coil
7752,39,hospital,0,Electricity,PSZ-AC with electric coil
7753,2,outpatient,1,Propane,PSZ-AC with gas coil
7754,103,secondary_school,1,DistrictHeating,VAV air-cooled chiller with district hot water reheat
7755,49,quick_service_restaurant,0,FuelOil,Residential forced air furnace
7756,0,secondary_school,1,DistrictHeating,VAV air-cooled chiller with district hot water reheat
7757,107,large_hotel,1,Electricity,PTAC with electric coil
7758,48,small_hotel,0,Propane,Residential AC with residential forced air furnace
7759,16,outpatient,2,DistrictHeating,VAV chiller with district hot water reheat
7760,27,strip_mall,2,Electricity,PVAV with PFP boxes
7761,44,secondary_school,1,DistrictHeating,VAV air-cooled chiller with district hot water reheat
7762,9,hospital,1,Electricity,PSZ-AC with electric coil
7763,37,hospital,1,FuelOil,VAV chiller with gas boiler reheat
7764,100,secondary_school,1,NaturalGas,PVAV with gas boiler reheat
7765,42,medium_office,0,Electricity,PVAV with PFP boxes
7766,28,secondary_school,0,DistrictHeating,Baseboard district hot water
7767,8,hospital,1,DistrictHeating,VAV district chilled water with district hot water reheat
7768,12,outpatient,1,FuelOil,PVAV with gas boiler reheat
7769,29,hospital,0,DistrictHeating,VAV district chilled water with district hot water reheat
7770,24,secondary_school,0,Propane,PSZ-AC with gas boiler
7771,37,hospital,0,Electricity,PSZ-AC with electric coil
7772,38,outpatient,2,DistrictHeating,VAV chiller with district hot water reheat
7773,7,small_office,1,Propane,PSZ-AC with gas coil
7774,18,outpatient,0,FuelOil,PSZ-AC with gas coil
7775,46,outpatient,1,NaturalGas,PSZ-AC with gas coil
7776,102,grocery,0,Propane,Residential AC with residential forced air furnace
7777,14,small_office,0,Propane,PSZ-AC with gas coil
7778,31,primary_school,1,FuelOil,PSZ-AC with gas coil
7779,47,secondary_school,1,Propane,PVAV with gas boiler reheat
7780,7,secondary_school,1,Electricity,PTHP
7781,35,hospital,0,DistrictHeating,VAV district chilled water with district hot water reheat
7782,10,outpatient,0,DistrictHeating,VAV chiller with district hot water reheat
7783,46,large_hotel,1,DistrictHeating,DOAS with fan coil chiller with district hot water
7784,104,secondary_school,0,Propane,PSZ-AC with gas coil
7785,28,secondary_school,1,Electricity,PTHP
7786,23,quick_service_restaurant,0,Propane,PSZ-AC with gas coil
7787,105,outpatient,2,NaturalGas,PVAV with gas boiler reheat
7788,49,secondary_school,0,Electricity,PSZ-AC with electric coil
7789,109,hospital,1,DistrictHeating,VAV district chilled water with district hot water reheat
7790,48,retail,1,DistrictHeating,VAV air-cooled chiller with district hot water reheat
7791,100,large_office,0,Electricity,VAV chiller with PFP boxes
7792,44,quick_service_restaurant,0,Propane,PSZ-AC with gas coil
7793,3,grocery,1,Propane,PSZ-AC with gas coil
7794,106,primary_school,1,FuelOil,DOAS with water source heat pumps cooling tower with boiler
7795,6,large_office,0,NaturalGas,DOAS with water source heat pumps cooling tower with boiler
7796,7,outpatient,0,NaturalGas,PSZ-AC with gas coil
7797,25,large_office,0,FuelOil,PVAV with gas boiler reheat
7798,43,large_office,1,NaturalGas,VAV chiller with gas boiler reheat
7799,24,outpatient,2,NaturalGas,PVAV with gas boiler reheat
7800,110,small_office,1,NaturalGas,PSZ-AC with gas coil
7801,3,warehouse,1,NaturalGas,PSZ-AC with gas coil
7802,27,large_office,0,NaturalGas,PVAV with gas heat with electric reheat
7803,36,hospital,0,NaturalGas,PSZ-AC with gas coil
7804,106,primary_school,0,Electricity,PSZ-AC with electric coil
7805,45,outpatient,2,NaturalGas,VAV air-cooled chiller with gas boiler reheat
7806,15,full_service_restaurant,0,DistrictHeating,VAV district chilled water with district hot water reheat
7807,17,primary_school,0,Propane,PSZ-AC with gas coil
7808,3,primary_school,0,Propane,PSZ-AC with gas coil
7809,1,hospital,1,NaturalGas,VAV chiller with gas boiler reheat
7810,107,secondary_school,1,DistrictHeating,VAV air-cooled chiller with district hot water reheat
7811,12,grocery,1,FuelOil,PSZ-AC with gas coil
7812,101,hospital,0,Electricity,PSZ-AC with electric coil
7813,47,medium_office,0,Propane,PSZ-AC with gas coil
7814,11,secondary_school,0,DistrictHeating,Baseboard district hot water
7815,33,grocery,0,FuelOil,PSZ-AC with gas coil
7816,42,outpatient,1,DistrictHeating,VAV chiller with district hot water reheat
7817,26,primary_school,1,Propane,VAV air-cooled chiller with gas boiler reheat
7818,30,small_hotel,0,FuelOil,Residential AC with residential forced air furnace
7819,43,hospital,0,NaturalGas,PVAV with gas boiler reheat
7820,1,full_service_restaurant,1,DistrictHeating,VAV district chilled water with district hot water reheat
7821,37,large_office,1,NaturalGas,VAV chiller with gas boiler reheat
7822,16,outpatient,1,FuelOil,PSZ-AC with gas coil
7823,48,medium_office,1,Propane,PVAV with gas boiler reheat
7824,44,warehouse,1,Propane,PSZ-AC with gas coil
7825,100,grocery,1,Propane,PSZ-AC with gas coil
7826,12,small_office,1,Propane,PSZ-AC with gas coil
7827,47,outpatient,1,Electricity,PSZ-AC with electric coil
7828,12,full_service_restaurant,1,Propane,PSZ-AC with gas coil
7829,109,outpatient,1,NaturalGas,PSZ-AC with gas coil
7830,101,primary_school,1,Propane,PSZ-AC with gas coil
7831,110,full_service_restaurant,0,Electricity,PSZ-AC with electric coil
7832,44,large_office,1,NaturalGas,VAV chiller with gas boiler reheat
7833,35,medium_office,0,Electricity,PVAV with PFP boxes
7834,23,outpatient,1,FuelOil,PVAV with gas boiler reheat
7835,18,outpatient,2,Electricity,PVAV with PFP boxes
7836,15,outpatient,0,DistrictHeating,VAV chiller with district hot water reheat
7837,45,grocery,1,NaturalGas,PSZ-AC with gas coil
7838,109,secondary_school,0,Propane,PSZ-AC with gas coil
7839,1,secondary_school,1,DistrictHeating,VAV air-cooled chiller with district hot water reheat
7840,14,primary_school,1,Electricity,PVAV with PFP boxes
7841,109,large_hotel,1,DistrictHeating,DOAS with fan coil district chilled water with district hot water
7842,109,outpatient,2,NaturalGas,VAV chiller with gas boiler reheat
7843,106,large_office,1,Electricity,VAV chiller with PFP boxes
7844,110,grocery,0,Propane,Residential AC with residential forced air furnace
7845,1,retail,0,Propane,Residential AC with residential forced air furnace
7846,47,large_hotel,1,FuelOil,DOAS with fan coil chiller with boiler
7847,15,outpatient,1,DistrictHeating,VAV chiller with district hot water reheat
7848,110,warehouse,0,NaturalGas,PSZ-AC with gas coil
7849,7,grocery,1,Propane,PSZ-AC with gas coil
7850,21,retail,0,DistrictHeating,PSZ-AC with district hot water
7851,107,retail,1,Propane,PSZ-AC with gas coil
7852,14,grocery,0,Propane,Residential AC with residential forced air furnace
7853,28,outpatient,2,NaturalGas,VAV air-cooled chiller with gas boiler reheat
7854,34,hospital,1,NaturalGas,VAV chiller with gas boiler reheat
7855,40,small_hotel,0,Propane,Residential AC with residential forced air furnace
7856,14,outpatient,2,NaturalGas,PVAV with gas boiler reheat
7857,42,small_hotel,0,FuelOil,Residential AC with residential forced air furnace
7858,105,small_office,1,Propane,PSZ-AC with gas coil
7859,110,secondary_school,0,Electricity,PSZ-AC with electric coil
7860,46,large_office,0,NaturalGas,PVAV with gas heat with electric reheat
7861,41,hospital,0,NaturalGas,PSZ-AC with gas coil
7862,13,full_service_restaurant,1,DistrictHeating,VAV district chilled water with district hot water reheat
7863,35,outpatient,1,NaturalGas,PSZ-AC with gas coil
7864,32,warehouse,1,DistrictHeating,DOAS with fan coil air-cooled chiller with district hot water
7865,28,grocery,1,Propane,PSZ-AC with gas coil
7866,23,primary_school,1,Propane,VAV air-cooled chiller with gas boiler reheat
7867,25,primary_school,0,DistrictHeating,PSZ-AC with district hot water
7868,0,primary_school,1,Propane,VAV air-cooled chiller with gas boiler reheat
7869,1,large_hotel,1,NaturalGas,DOAS with fan coil chiller with boiler
7870,11,outpatient,1,Propane,PSZ-AC with gas coil
7871,45,medium_office,1,Propane,PSZ-AC with gas coil
7872,6,warehouse,1,FuelOil,PSZ-AC with gas coil
7873,16,grocery,1,FuelOil,PSZ-AC with gas coil
7874,2,grocery,1,FuelOil,PSZ-AC with gas coil
7875,38,grocery,0,FuelOil,PSZ-AC with gas coil
7876,41,hospital,1,NaturalGas,VAV air-cooled chiller with gas boiler reheat
7877,27,hospital,1,NaturalGas,VAV chiller with gas boiler reheat
7878,23,grocery,0,FuelOil,PSZ-AC with gas coil
7879,43,large_hotel,0,NaturalGas,PTAC with gas boiler
7880,109,secondary_school,1,NaturalGas,VAV air-cooled chiller with gas boiler reheat
7881,110,grocery,1,NaturalGas,PSZ-AC with gas coil
7882,19,large_office,1,FuelOil,VAV chiller with gas boiler reheat
7883,43,full_service_restaurant,1,Electricity,PSZ-AC with electric coil
7884,20,grocery,1,FuelOil,PSZ-AC with gas coil
7885,106,full_service_restaurant,0,FuelOil,PSZ-AC with gas coil
7886,100,outpatient,0,DistrictHeating,VAV chiller with district hot water reheat
7887,13,outpatient,0,DistrictHeating,VAV chiller with district hot water reheat
7888,20,large_hotel,1,Propane,DOAS with fan coil chiller with boiler
7889,7,hospital,1,Electricity,PSZ-AC with electric coil
7890,49,hospital,1,FuelOil,VAV air-cooled chiller with gas boiler reheat
7891,1,secondary_school,0,Propane,PSZ-AC with gas coil
7892,102,outpatient,2,DistrictHeating,VAV chiller with district hot water reheat
7893,35,grocery,0,NaturalGas,PSZ-AC with gas coil
7894,34,outpatient,0,DistrictHeating,VAV chiller with district hot water reheat
7895,40,secondary_school,0,DistrictHeating,Baseboard district hot water
7896,104,primary_school,0,DistrictHeating,VAV district chilled water with district hot water reheat
7897,24,outpatient,1,FuelOil,PSZ-AC with gas coil
7898,107,full_service_restaurant,1,FuelOil,PSZ-AC with gas coil
7899,28,hospital,1,Electricity,PSZ-AC with electric coil
7900,20,primary_school,0,FuelOil,PSZ-AC with gas coil
7901,11,outpatient,2,NaturalGas,VAV chiller with gas boiler reheat
7902,5,secondary_school,1,DistrictHeating,VAV air-cooled chiller with district hot water reheat
7903,5,primary_school,0,FuelOil,PSZ-AC with gas coil
7904,7,primary_school,1,NaturalGas,VAV air-cooled chiller with gas boiler reheat
7905,32,primary_school,1,DistrictHeating,Baseboard district hot water
7906,41,secondary_school,1,DistrictHeating,PSZ-AC with district hot water
7907,5,warehouse,1,DistrictHeating,DOAS with fan coil air-cooled chiller with district hot water
7908,20,secondary_school,1,Electricity,PTHP
7909,3,hospital,1,NaturalGas,VAV chiller with gas boiler reheat
7910,26,secondary_school,1,DistrictHeating,VAV air-cooled chiller with district hot water reheat
7911,10,outpatient,2,FuelOil,VAV air-cooled chiller with gas boiler reheat
7912,15,large_office,0,NaturalGas,VAV chiller with gas boiler reheat
7913,1,warehouse,1,Propane,PVAV with gas heat with electric reheat
7914,45,large_hotel,1,Electricity,PTAC with electric coil
7915,31,large_hotel,1,Electricity,PTAC with electric coil
7916,6,primary_school,1,FuelOil,DOAS with fan coil air-cooled chiller with boiler
7917,33,outpatient,2,NaturalGas,VAV air-cooled chiller with gas boiler reheat
7918,31,retail,1,FuelOil,PSZ-AC with gas coil
7919,35,hospital,1,Electricity,PSZ-AC with electric coil
7920,27,primary_school,0,FuelOil,PSZ-AC with gas coil
7921,18,grocery,0,Propane,Residential AC with residential forced air furnace
7922,24,hospital,1,NaturalGas,VAV chiller with gas boiler reheat
7923,1,grocery,0,NaturalGas,PSZ-AC with gas coil
7924,45,hospital,0,NaturalGas,PSZ-AC with gas coil
7925,103,outpatient,2,NaturalGas,PVAV with gas boiler reheat
7926,30,hospital,0,NaturalGas,PVAV with gas boiler reheat
7927,27,secondary_school,1,Electricity,PTHP
7928,45,retail,1,Propane,PSZ-AC with gas coil
7929,14,full_service_restaurant,1,FuelOil,PSZ-AC with gas coil
7930,27,outpatient,1,Propane,PSZ-AC with gas boiler
7931,34,quick_service_restaurant,0,Propane,PSZ-AC with gas coil
7932,11,primary_school,0,Propane,PSZ-AC with gas coil
7933,109,medium_office,1,NaturalGas,PVAV with gas boiler reheat
7934,23,retail,1,FuelOil,PSZ-AC with gas coil
7935,11,hospital,0,DistrictHeating,VAV district chilled water with district hot water reheat
7936,5,outpatient,0,NaturalGas,PSZ-AC with gas coil
7937,18,retail,0,DistrictHeating,PSZ-AC with district hot water
7938,42,grocery,0,FuelOil,PSZ-AC with gas coil
7939,48,secondary_school,1,Electricity,PTHP
7940,31,hospital,1,NaturalGas,VAV chiller with gas boiler reheat
7941,25,hospital,1,DistrictHeating,VAV district chilled water with district hot water reheat
7942,45,quick_service_restaurant,0,FuelOil,Residential forced air furnace
7943,46,warehouse,1,FuelOil,PSZ-AC with gas coil
7944,37,large_office,1,FuelOil,DOAS with water source heat pumps cooling tower with boiler
7945,104,hospital,1,NaturalGas,VAV chiller with gas boiler reheat
7946,31,outpatient,2,DistrictHeating,VAV chiller with district hot water reheat
7947,102,small_office,1,Propane,PSZ-AC with gas coil
7948,21,grocery,0,Electricity,PSZ-AC with electric coil
7949,102,full_service_restaurant,1,Propane,PSZ-AC with gas coil
7950,46,outpatient,2,Electricity,PVAV with PFP boxes
7951,15,primary_school,0,Propane,PSZ-AC with gas coil
7952,21,small_hotel,0,NaturalGas,Residential AC with residential forced air furnace
7953,44,medium_office,1,FuelOil,PSZ-AC with gas boiler
7954,28,large_hotel,1,DistrictHeating,DOAS with fan coil district chilled water with district hot water
7955,10,grocery,1,FuelOil,PSZ-AC with gas coil
7956,2,small_office,1,Propane,PSZ-AC with gas coil
7957,7,large_hotel,1,Electricity,PTAC with electric coil
7958,31,grocery,0,FuelOil,PSZ-AC with gas coil
7959,2,large_office,1,Electricity,VAV chiller with PFP boxes
7960,20,outpatient,2,Propane,PVAV with gas boiler reheat
7961,11,hospital,1,Electricity,PSZ-AC with electric coil
7962,38,secondary_school,1,DistrictHeating,VAV air-cooled chiller with district hot water reheat
7963,31,large_hotel,0,Propane,PTAC with gas boiler
7964,23,secondary_school,1,DistrictHeating,PSZ-AC with district hot water
7965,45,secondary_school,0,DistrictHeating,Baseboard district hot water
7966,102,secondary_school,1,NaturalGas,VAV air-cooled chiller with gas boiler reheat
7967,1,primary_school,1,Propane,PVAV with gas heat with electric reheat
7968,30,secondary_school,0,DistrictHeating,Baseboard district hot water
7969,28,outpatient,1,FuelOil,PVAV with gas boiler reheat
7970,41,secondary_school,0,Propane,PSZ-AC with gas coil
7971,43,warehouse,1,NaturalGas,PSZ-AC with gas coil
7972,22,primary_school,0,Propane,PSZ-AC with gas coil
7973,32,grocery,1,FuelOil,PSZ-AC with gas coil
7974,34,warehouse,1,Propane,PSZ-AC with gas coil
7975,44,large_office,0,Electricity,PVAV with PFP boxes
7976,35,outpatient,0,FuelOil,PSZ-AC with gas coil
7977,12,outpatient,0,FuelOil,PSZ-AC with gas coil
7978,7,outpatient,1,Electricity,PSZ-AC with electric coil
7979,45,secondary_school,1,DistrictHeating,PVAV with district hot water reheat
7980,32,medium_office,0,FuelOil,PSZ-AC with gas boiler
7981,109,primary_school,1,DistrictHeating,PVAV with district hot water reheat
7982,46,medium_office,0,FuelOil,PVAV with gas boiler reheat
7983,3,primary_school,0,Electricity,PVAV with PFP boxes
7984,29,outpatient,2,FuelOil,VAV air-cooled chiller with gas boiler reheat
7985,18,small_office,0,FuelOil,Residential AC with residential forced air furnace
7986,110,outpatient,2,DistrictHeating,VAV chiller with district hot water reheat
7987,30,secondary_school,1,DistrictHeating,PVAV with district hot water reheat
7988,8,warehouse,1,FuelOil,PSZ-AC with gas coil
7989,16,grocery,1,Propane,PSZ-AC with gas coil
7990,35,large_hotel,1,Electricity,PTAC with electric coil
7991,20,retail,1,DistrictHeating,PSZ-AC with district hot water
7992,100,secondary_school,1,Propane,PVAV with gas boiler reheat
7993,101,primary_school,0,DistrictHeating,PSZ-AC with district hot water
7994,49,small_hotel,0,Propane,Residential AC with residential forced air furnace
7995,6,grocery,0,NaturalGas,PSZ-AC with gas coil
7996,8,outpatient,2,Electricity,PVAV with PFP boxes
7997,30,warehouse,1,DistrictHeating,DOAS with fan coil air-cooled chiller with district hot water
7998,108,retail,1,FuelOil,PSZ-AC with gas coil
7999,41,warehouse,1,Propane,PSZ-AC with gas coil
8000,110,large_hotel,0,FuelOil,PTAC with gas boiler
8001,11,warehouse,1,DistrictHeating,DOAS with fan coil air-cooled chiller with district hot water
8002,106,secondary_school,0,Propane,PSZ-AC with gas coil
8003,32,medium_office,1,FuelOil,PSZ-AC with gas boiler
8004,107,large_hotel,1,DistrictHeating,DOAS with fan coil district chilled water with district hot water
8005,107,outpatient,2,NaturalGas,PVAV with gas boiler reheat
8006,14,outpatient,1,Electricity,PVAV with PFP boxes
8007,108,hospital,0,NaturalGas,PVAV with gas boiler reheat
8008,3,outpatient,1,NaturalGas,PVAV with gas boiler reheat
8009,0,warehouse,1,FuelOil,PSZ-AC with gas coil
8010,100,grocery,1,Electricity,PSZ-AC with electric coil
8011,20,grocery,1,Propane,PSZ-AC with gas coil
8012,25,secondary_school,0,Propane,PSZ-AC with gas coil
8013,31,warehouse,1,Electricity,PSZ-AC with electric coil
8014,25,large_hotel,1,DistrictHeating,DOAS with fan coil chiller with district hot water
8015,39,retail,1,FuelOil,PSZ-AC with gas coil
8016,104,large_hotel,1,NaturalGas,DOAS with fan coil chiller with boiler
8017,110,medium_office,1,NaturalGas,PVAV with gas boiler reheat
8018,103,small_office,1,Propane,PSZ-AC with gas coil
8019,108,hospital,1,NaturalGas,VAV chiller with gas boiler reheat
8020,15,small_hotel,0,Propane,Residential AC with residential forced air furnace
8021,31,secondary_school,1,NaturalGas,VAV chiller with gas boiler reheat
8022,13,primary_school,1,Propane,PSZ-AC with gas coil
8023,28,large_hotel,0,Propane,PTAC with gas boiler
8024,103,retail,0,Propane,PSZ-AC with gas coil
8025,25,grocery,0,Electricity,PSZ-AC with electric coil
8026,34,retail,1,DistrictHeating,PSZ-AC with district hot water
8027,47,grocery,0,Propane,Residential AC with residential forced air furnace
8028,27,grocery,1,Propane,PSZ-AC with gas coil
8029,6,primary_school,0,NaturalGas,PSZ-AC with gas coil
8030,42,large_office,0,Electricity,PVAV with PFP boxes
8031,19,primary_school,0,Propane,PSZ-AC with gas coil
8032,43,primary_school,1,NaturalGas,VAV air-cooled chiller with gas boiler reheat
8033,11,outpatient,0,DistrictHeating,VAV chiller with district hot water reheat
8034,6,small_office,0,FuelOil,Residential AC with residential forced air furnace
8035,21,small_office,1,Propane,PSZ-AC with gas coil
8036,11,large_hotel,1,Electricity,PTAC with electric coil
8037,39,hospital,1,NaturalGas,VAV chiller with gas boiler reheat
8038,42,medium_office,1,Electricity,PVAV with PFP boxes
8039,35,grocery,0,FuelOil,PSZ-AC with gas coil
8040,13,grocery,0,FuelOil,PSZ-AC with gas coil
8041,110,small_office,1,Propane,PSZ-AC with gas coil
8042,24,outpatient,2,Propane,PVAV with gas boiler reheat
8043,28,secondary_school,1,DistrictHeating,VAV air-cooled chiller with district hot water reheat
8044,29,grocery,0,Electricity,PSZ-AC with electric coil
8045,49,secondary_school,0,DistrictHeating,Baseboard district hot water
8046,26,outpatient,0,Electricity,PSZ-AC with electric coil
8047,106,secondary_school,1,NaturalGas,PVAV with gas boiler reheat
8048,42,large_office,1,Electricity,PVAV with PFP boxes
8049,37,hospital,1,Electricity,PSZ-AC with electric coil
8050,14,grocery,0,Electricity,PSZ-AC with electric coil
8051,7,primary_school,1,FuelOil,DOAS with water source heat pumps cooling tower with boiler
8052,31,medium_office,1,DistrictHeating,VAV district chilled water with district hot water reheat
8053,18,outpatient,1,FuelOil,PSZ-AC with gas coil
8054,109,primary_school,0,Propane,PSZ-AC with gas coil
8055,14,small_office,1,Propane,PSZ-AC with gas coil
8056,14,primary_school,0,FuelOil,PSZ-AC with gas coil
8057,22,outpatient,2,NaturalGas,VAV chiller with gas boiler reheat
8058,23,secondary_school,0,FuelOil,PSZ-AC with gas boiler
8059,101,outpatient,2,Electricity,PVAV with PFP boxes
8060,110,warehouse,1,Electricity,PSZ-AC with electric coil
8061,14,full_service_restaurant,1,Propane,PSZ-AC with gas coil
8062,39,strip_mall,2,Propane,PSZ-AC with gas coil
8063,108,secondary_school,1,DistrictHeating,VAV air-cooled chiller with district hot water reheat
8064,35,outpatient,2,Electricity,PVAV with PFP boxes
8065,106,outpatient,0,Electricity,PSZ-AC with electric coil
8066,35,full_service_restaurant,1,Propane,PSZ-AC with gas coil
8067,31,large_office,1,Electricity,VAV chiller with PFP boxes
8068,104,secondary_school,1,Propane,PVAV with gas boiler reheat
8069,46,warehouse,1,Propane,PSZ-AC with gas coil
8070,109,outpatient,0,NaturalGas,PSZ-AC with gas coil
8071,38,small_office,1,FuelOil,PSZ-AC with gas coil
8072,101,hospital,0,DistrictHeating,VAV chiller with district hot water reheat
8073,100,large_office,1,Electricity,VAV chiller with PFP boxes
8074,6,large_office,1,NaturalGas,VAV chiller with gas boiler reheat
8075,43,large_hotel,1,Electricity,DOAS with fan coil chiller with baseboard electric
8076,14,outpatient,0,NaturalGas,PSZ-AC with gas coil
8077,23,retail,0,DistrictHeating,PSZ-AC with district hot water
8078,108,large_hotel,1,NaturalGas,DOAS with fan coil chiller with boiler
8079,45,grocery,1,Propane,PSZ-AC with gas coil
8080,17,primary_school,1,Propane,PSZ-AC with gas coil
8081,27,retail,0,FuelOil,PSZ-AC with gas coil
8082,20,hospital,0,NaturalGas,PVAV with gas boiler reheat
8083,33,grocery,1,FuelOil,PSZ-AC with gas coil
8084,110,full_service_restaurant,0,DistrictHeating,VAV district chilled water with district hot water reheat
8085,18,secondary_school,0,Propane,PSZ-AC with gas coil
8086,27,outpatient,0,DistrictHeating,VAV chiller with district hot water reheat
8087,39,large_hotel,1,NaturalGas,DOAS with fan coil air-cooled chiller with boiler
8088,35,medium_office,0,DistrictHeating,VAV chiller with district hot water reheat
8089,110,warehouse,0,Propane,PSZ-AC with gas coil
8090,40,grocery,0,FuelOil,PSZ-AC with gas coil
8091,35,grocery,1,Electricity,PSZ-AC with electric coil
8092,14,large_office,1,DistrictHeating,VAV district chilled water with district hot water reheat
8093,43,hospital,1,NaturalGas,VAV chiller with gas boiler reheat
8094,23,hospital,1,DistrictHeating,VAV district chilled water with district hot water reheat
8095,35,large_office,0,DistrictHeating,VAV district chilled water with district hot water reheat
8096,44,hospital,0,DistrictHeating,VAV chiller with district hot water reheat
8097,16,outpatient,2,FuelOil,VAV air-cooled chiller with gas boiler reheat
8098,19,secondary_school,1,Propane,PVAV with gas boiler reheat
8099,33,small_office,1,Propane,PSZ-AC with gas coil
8100,33,primary_school,0,FuelOil,PSZ-AC with gas coil
8101,104,large_office,0,DistrictHeating,VAV district chilled water with district hot water reheat
8102,26,large_hotel,1,DistrictHeating,DOAS with fan coil district chilled water with district hot water
8103,16,outpatient,1,Electricity,PSZ-AC with electric coil
8104,15,retail,0,Propane,PSZ-AC with gas coil
8105,104,outpatient,1,Electricity,PSZ-AC with electric coil
8106,35,medium_office,1,Electricity,PVAV with PFP boxes
8107,47,outpatient,2,NaturalGas,PVAV with gas boiler reheat
8108,109,secondary_school,1,Propane,VAV chiller with gas boiler reheat
8109,110,strip_mall,1,NaturalGas,PSZ-AC with gas coil
8110,45,hospital,1,Electricity,PSZ-AC with electric coil
8111,41,small_hotel,0,NaturalGas,PTAC with gas boiler
8112,23,large_hotel,1,NaturalGas,DOAS with fan coil chiller with boiler
8113,110,grocery,1,Propane,PSZ-AC with gas coil
8114,1,retail,1,Propane,PSZ-AC with gas coil
8115,17,small_hotel,0,Propane,Residential AC with residential forced air furnace
8116,108,warehouse,1,Propane,PSZ-AC with gas coil
8117,23,outpatient,1,Electricity,PSZ-AC with electric coil
8118,45,primary_school,0,NaturalGas,PSZ-AC with gas coil
8119,10,outpatient,0,FuelOil,PSZ-AC with gas coil
8120,45,small_office,0,FuelOil,Residential AC with residential forced air furnace
8121,6,secondary_school,0,DistrictHeating,Baseboard district hot water
8122,43,secondary_school,1,DistrictHeating,VAV district chilled water with district hot water reheat
8123,107,primary_school,1,DistrictHeating,VAV district chilled water with district hot water reheat
8124,6,small_office,0,Propane,PSZ-AC with gas coil
8125,21,retail,1,DistrictHeating,PSZ-AC with district hot water
8126,21,full_service_restaurant,1,Electricity,PSZ-AC with electric coil
8127,47,large_hotel,1,Electricity,PTAC with electric coil
8128,103,primary_school,1,Propane,DOAS with water source heat pumps cooling tower with boiler
8129,46,large_office,1,NaturalGas,VAV chiller with gas boiler reheat
8130,35,grocery,0,Propane,Residential AC with residential forced air furnace
8131,46,small_office,1,FuelOil,PSZ-AC with gas coil
8132,46,large_hotel,0,Electricity,PTAC with electric coil
8133,11,large_office,1,DistrictHeating,VAV district chilled water with district hot water reheat
8134,106,retail,1,FuelOil,PSZ-AC with gas coil
8135,25,primary_school,1,DistrictHeating,VAV district chilled water with district hot water reheat
8136,11,outpatient,2,Propane,PVAV with gas boiler reheat
8137,9,primary_school,0,DistrictHeating,VAV district chilled water with district hot water reheat
8138,28,primary_school,0,Propane,PSZ-AC with gas coil
8139,37,secondary_school,0,Propane,PSZ-AC with gas coil
8140,31,outpatient,0,DistrictHeating,VAV chiller with district hot water reheat
8141,33,large_office,1,DistrictHeating,VAV district chilled water with district hot water reheat
8142,42,hospital,1,DistrictHeating,VAV district chilled water with district hot water reheat
8143,110,outpatient,0,NaturalGas,PSZ-AC with gas coil
8144,33,outpatient,2,Propane,VAV chiller with gas boiler reheat
8145,49,primary_school,0,Propane,PSZ-AC with gas coil
8146,44,large_hotel,0,DistrictHeating,DOAS with fan coil district chilled water with district hot water
8147,49,hospital,0,DistrictHeating,VAV district chilled water with district hot water reheat
8148,106,hospital,1,NaturalGas,VAV chiller with gas boiler reheat
8149,100,full_service_restaurant,1,DistrictHeating,VAV district chilled water with district hot water reheat
8150,23,grocery,0,Electricity,PSZ-AC with electric coil
8151,105,hospital,0,NaturalGas,PVAV with gas boiler reheat
8152,1,full_service_restaurant,1,FuelOil,PSZ-AC with gas coil
8153,45,large_hotel,1,DistrictHeating,DOAS with fan coil chiller with district hot water
8154,6,small_office,1,NaturalGas,PSZ-AC with gas coil
8155,34,large_office,1,Electricity,VAV chiller with PFP boxes
8156,20,outpatient,0,Propane,PSZ-AC with gas coil
8157,30,large_hotel,1,DistrictHeating,DOAS with fan coil chiller with district hot water
8158,108,primary_school,1,Propane,PSZ-AC with gas coil
8159,106,strip_mall,2,Propane,PSZ-AC with gas coil
8160,22,small_hotel,0,FuelOil,Residential AC with residential forced air furnace
8161,20,primary_school,1,FuelOil,PVAV with gas boiler reheat
8162,12,hospital,0,Electricity,PSZ-AC with electric coil
8163,49,hospital,1,Electricity,PSZ-AC with electric coil
8164,105,strip_mall,1,Propane,PSZ-AC with gas coil
8165,41,small_office,1,Propane,PSZ-AC with gas coil
8166,26,primary_school,0,FuelOil,PSZ-AC with gas coil
8167,29,outpatient,0,FuelOil,PSZ-AC with gas coil
8168,24,outpatient,1,Electricity,PSZ-AC with electric coil
8169,14,small_office,0,DistrictHeating,VAV district chilled water with district hot water reheat
8170,47,secondary_school,1,DistrictHeating,VAV air-cooled chiller with district hot water reheat
8171,27,primary_school,1,FuelOil,PVAV with gas boiler reheat
8172,36,secondary_school,1,FuelOil,VAV chiller with gas boiler reheat
8173,102,secondary_school,1,Propane,VAV air-cooled chiller with gas boiler reheat
8174,15,outpatient,1,FuelOil,PVAV with gas boiler reheat
8175,10,outpatient,2,Electricity,PVAV with PFP boxes
8176,104,secondary_school,0,DistrictHeating,Baseboard district hot water
8177,43,warehouse,1,Propane,PSZ-AC with gas coil
8178,37,large_office,0,DistrictHeating,VAV district chilled water with district hot water reheat
8179,21,retail,0,FuelOil,PSZ-AC with gas coil
8180,46,secondary_school,0,Electricity,PSZ-AC with electric coil
8181,42,large_hotel,1,DistrictHeating,DOAS with fan coil district chilled water with district hot water
8182,14,full_service_restaurant,1,Electricity,PSZ-AC with electric coil
8183,16,large_office,1,Electricity,VAV chiller with PFP boxes
8184,106,large_hotel,1,NaturalGas,DOAS with fan coil chiller with boiler
8185,21,grocery,1,Electricity,PSZ-AC with electric coil
8186,6,grocery,0,Propane,Residential AC with residential forced air furnace
8187,44,large_office,0,DistrictHeating,VAV district chilled water with district hot water reheat
8188,42,grocery,0,Electricity,PSZ-AC with electric coil
8189,3,strip_mall,2,NaturalGas,PSZ-AC with gas coil
8190,15,primary_school,1,Propane,DOAS with fan coil air-cooled chiller with boiler
8191,46,warehouse,1,Electricity,PSZ-AC with electric coil
8192,28,outpatient,0,DistrictHeating,VAV chiller with district hot water reheat
8193,46,grocery,1,FuelOil,PSZ-AC with gas coil
8194,18,large_office,0,FuelOil,PVAV with gas boiler reheat
8195,20,small_hotel,0,FuelOil,Residential AC with residential forced air furnace
8196,49,large_hotel,1,DistrictHeating,DOAS with fan coil district chilled water with district hot water
8197,31,grocery,1,FuelOil,PSZ-AC with gas coil
8198,8,secondary_school,0,Propane,PSZ-AC with gas coil
8199,6,grocery,1,Propane,PSZ-AC with gas coil
8200,45,small_office,0,Propane,PSZ-AC with gas coil
8201,44,medium_office,1,Electricity,PVAV with PFP boxes
8202,109,outpatient,1,Electricity,PVAV with PFP boxes
8203,15,grocery,0,FuelOil,PSZ-AC with gas coil
8204,46,grocery,0,Electricity,PSZ-AC with electric coil
8205,1,outpatient,1,NaturalGas,PSZ-AC with gas coil
8206,22,primary_school,1,Propane,PVAV with gas heat with electric reheat
8207,23,medium_office,1,NaturalGas,PSZ-AC with gas coil
8208,14,outpatient,1,DistrictHeating,VAV chiller with district hot water reheat
8209,31,grocery,0,Electricity,PSZ-AC with electric coil
8210,44,large_office,1,Electricity,VAV chiller with PFP boxes
8211,7,warehouse,0,DistrictHeating,DOAS with fan coil air-cooled chiller with district hot water
8212,109,strip_mall,1,Propane,PSZ-AC with gas coil
8213,44,warehouse,1,DistrictHeating,DOAS with fan coil air-cooled chiller with district hot water
8214,10,outpatient,1,Propane,PSZ-AC with gas coil
8215,45,small_office,1,Propane,PSZ-AC with gas coil
8216,31,primary_school,0,FuelOil,PSZ-AC with gas coil
8217,104,primary_school,0,FuelOil,PSZ-AC with gas coil
8218,7,medium_office,0,NaturalGas,PSZ-AC with gas coil
8219,1,large_hotel,0,DistrictHeating,DOAS with fan coil district chilled water with district hot water
8220,30,small_office,1,Propane,PSZ-AC with gas coil
8221,46,medium_office,1,FuelOil,PSZ-AC with gas boiler
8222,3,primary_school,1,Electricity,PVAV with PFP boxes
8223,28,outpatient,1,Electricity,PSZ-AC with electric coil
8224,5,secondary_school,1,FuelOil,VAV chiller with gas boiler reheat
8225,24,primary_school,0,Electricity,PSZ-HP
8226,20,hospital,1,DistrictHeating,VAV district chilled water with district hot water reheat
8227,1,outpatient,2,NaturalGas,VAV chiller with gas boiler reheat
8228,2,hospital,0,NaturalGas,VAV air-cooled chiller with gas boiler reheat
8229,46,primary_school,1,FuelOil,VAV air-cooled chiller with gas boiler reheat
8230,101,primary_school,1,DistrictHeating,VAV district chilled water with district hot water reheat
8231,22,large_hotel,0,DistrictHeating,DOAS with fan coil district chilled water with district hot water
8232,46,medium_office,0,Electricity,PVAV with PFP boxes
8233,26,secondary_school,1,FuelOil,VAV chiller with gas boiler reheat
8234,109,secondary_school,0,DistrictHeating,VAV district chilled water with district hot water reheat
8235,106,secondary_school,1,Propane,VAV air-cooled chiller with gas boiler reheat
8236,4,retail,1,FuelOil,PSZ-AC with gas coil
8237,48,warehouse,1,Propane,PSZ-AC with gas coil
8238,14,outpatient,2,Electricity,PVAV with PFP boxes
8239,105,secondary_school,0,Propane,PSZ-AC with gas coil
8240,29,small_hotel,0,Propane,Residential AC with residential forced air furnace
8241,41,hospital,0,Electricity,PSZ-AC with electric coil
8242,106,warehouse,1,Propane,PSZ-AC with gas coil
8243,35,outpatient,1,Electricity,PSZ-AC with electric coil
8244,22,outpatient,2,Propane,VAV air-cooled chiller with gas boiler reheat
8245,25,secondary_school,1,Propane,VAV chiller with gas boiler reheat
8246,6,hospital,1,Electricity,PSZ-AC with electric coil
8247,48,hospital,1,FuelOil,VAV chiller with gas boiler reheat
8248,102,large_hotel,1,FuelOil,DOAS with fan coil air-cooled chiller with boiler
8249,3,small_hotel,0,FuelOil,PTAC with gas boiler
8250,103,primary_school,0,DistrictHeating,DOAS with fan coil chiller with district hot water
8251,105,small_office,1,DistrictHeating,VAV district chilled water with district hot water reheat
8252,15,warehouse,1,Electricity,PSZ-AC with electric coil
8253,27,hospital,1,Electricity,PSZ-AC with electric coil
8254,37,medium_office,0,FuelOil,PSZ-AC with gas coil
8255,10,grocery,0,Propane,Residential AC with residential forced air furnace
8256,36,small_hotel,0,Propane,Residential AC with residential forced air furnace
8257,18,large_hotel,1,Propane,DOAS with fan coil chiller with boiler
8258,22,small_hotel,0,Propane,Residential AC with residential forced air furnace
8259,14,retail,0,FuelOil,PSZ-AC with gas coil
8260,25,hospital,1,FuelOil,VAV chiller with gas boiler reheat
8261,19,primary_school,1,Propane,VAV air-cooled chiller with gas boiler reheat
8262,15,secondary_school,1,NaturalGas,PVAV with gas boiler reheat
8263,11,outpatient,1,DistrictHeating,VAV chiller with district hot water reheat
8264,6,small_office,1,FuelOil,PSZ-AC with gas coil
8265,45,medium_office,1,DistrictHeating,VAV district chilled water with district hot water reheat
8266,26,primary_school,0,Propane,PSZ-AC with gas coil
8267,35,secondary_school,0,Propane,PSZ-AC with gas coil
8268,13,secondary_school,0,Propane,PSZ-AC with gas boiler
8269,31,large_office,1,DistrictHeating,VAV district chilled water with district hot water reheat
8270,40,hospital,1,DistrictHeating,VAV district chilled water with district hot water reheat
8271,12,outpatient,2,DistrictHeating,VAV chiller with district hot water reheat
8272,29,grocery,1,Electricity,PSZ-AC with electric coil
8273,14,medium_office,0,DistrictHeating,VAV chiller with district hot water reheat
8274,14,grocery,1,Electricity,PSZ-AC with electric coil
8275,24,hospital,0,DistrictHeating,VAV district chilled water with district hot water reheat
8276,35,grocery,0,Electricity,PSZ-AC with electric coil
8277,23,secondary_school,1,FuelOil,VAV chiller with gas boiler reheat
8278,41,outpatient,1,NaturalGas,PSZ-AC with gas boiler
8279,108,small_office,1,Propane,PSZ-AC with gas coil
8280,33,outpatient,1,Electricity,PSZ-AC with electric coil
8281,44,secondary_school,0,FuelOil,PSZ-AC with gas boiler
8282,43,quick_service_restaurant,0,FuelOil,Residential forced air furnace
8283,47,hospital,1,DistrictHeating,VAV district chilled water with district hot water reheat
8284,18,outpatient,1,Electricity,PSZ-AC with electric coil
8285,2,secondary_school,1,Electricity,PTHP
8286,47,outpatient,0,NaturalGas,PSZ-AC with gas coil
8287,21,hospital,0,NaturalGas,VAV air-cooled chiller with gas boiler reheat
8288,1,secondary_school,0,DistrictHeating,DOAS with fan coil district chilled water with district hot water
8289,41,large_hotel,0,DistrictHeating,DOAS with fan coil district chilled water with district hot water
8290,14,primary_school,0,Electricity,PSZ-AC with electric coil
8291,43,hospital,1,Propane,VAV chiller with gas boiler reheat
8292,106,outpatient,1,Electricity,PSZ-AC with electric coil
8293,36,large_office,1,FuelOil,DOAS with water source heat pumps cooling tower with boiler
8294,26,large_hotel,0,DistrictHeating,PTAC with baseboard district hot water
8295,31,hospital,0,DistrictHeating,VAV district chilled water with district hot water reheat
8296,15,large_office,0,Electricity,PVAV with PFP boxes
8297,37,full_service_restaurant,1,DistrictHeating,VAV district chilled water with district hot water reheat
8298,109,primary_school,1,FuelOil,DOAS with fan coil air-cooled chiller with boiler
8299,18,quick_service_restaurant,0,Propane,PSZ-AC with gas coil
8300,33,outpatient,2,Electricity,PVAV with PFP boxes
8301,44,full_service_restaurant,0,DistrictHeating,VAV district chilled water with district hot water reheat
8302,20,retail,1,FuelOil,PSZ-AC with gas coil
8303,1,strip_mall,1,Propane,PSZ-AC with gas coil
8304,24,secondary_school,1,Electricity,PTHP
8305,2,large_hotel,1,NaturalGas,DOAS with fan coil chiller with boiler
8306,39,retail,0,Propane,PSZ-AC with gas coil
8307,103,outpatient,2,Electricity,PVAV with PFP boxes
8308,101,medium_office,1,FuelOil,PSZ-AC with gas boiler
8309,109,warehouse,0,Propane,PSZ-AC with gas coil
8310,103,strip_mall,2,Propane,PSZ-AC with gas coil
8311,23,full_service_restaurant,1,Electricity,PSZ-AC with electric coil
8312,47,outpatient,2,Propane,PVAV with gas heat with electric reheat
8313,110,strip_mall,1,Propane,PSZ-AC with gas coil
8314,12,retail,1,FuelOil,PSZ-AC with gas coil
8315,105,large_hotel,0,FuelOil,PTAC with gas coil
8316,23,large_hotel,1,Propane,DOAS with fan coil air-cooled chiller with boiler
8317,102,secondary_school,0,DistrictHeating,DOAS with fan coil district chilled water with district hot water
8318,22,warehouse,1,DistrictHeating,DOAS with fan coil air-cooled chiller with district hot water
8319,49,large_office,0,DistrictHeating,VAV district chilled water with district hot water reheat
8320,10,strip_mall,1,FuelOil,PSZ-AC with gas coil
8321,24,primary_school,1,Propane,PVAV with gas boiler reheat
8322,44,full_service_restaurant,1,Electricity,PSZ-AC with electric coil
8323,33,secondary_school,1,Propane,VAV air-cooled chiller with gas boiler reheat
8324,45,primary_school,0,Propane,PSZ-AC with gas coil
8325,18,secondary_school,1,Propane,PVAV with gas boiler reheat
8326,27,outpatient,1,DistrictHeating,VAV chiller with district hot water reheat
8327,35,medium_office,1,DistrictHeating,VAV district chilled water with district hot water reheat
8328,4,outpatient,1,FuelOil,PSZ-AC with gas coil
8329,34,retail,1,FuelOil,PSZ-AC with gas coil
8330,17,secondary_school,0,Propane,PSZ-AC with gas coil
8331,110,hospital,0,DistrictHeating,VAV air-cooled chiller with district hot water reheat
8332,2,secondary_school,0,Propane,PSZ-AC with gas coil
8333,11,outpatient,0,FuelOil,PSZ-AC with gas coil
8334,17,large_hotel,1,DistrictHeating,DOAS with fan coil district chilled water with district hot water
8335,44,hospital,1,DistrictHeating,VAV district chilled water with district hot water reheat
8336,102,small_office,1,DistrictHeating,VAV district chilled water with district hot water reheat
8337,40,secondary_school,1,Propane,PVAV with gas heat with electric reheat
8338,104,primary_school,1,Propane,PVAV with gas heat with electric reheat
8339,109,grocery,1,Propane,PSZ-AC with gas coil
8340,28,hospital,0,DistrictHeating,VAV district chilled water with district hot water reheat
8341,37,large_hotel,1,NaturalGas,DOAS with fan coil chiller with boiler
8342,107,hospital,0,NaturalGas,PVAV with gas boiler reheat
8343,16,outpatient,2,Electricity,PVAV with PFP boxes
8344,15,retail,1,Propane,PSZ-AC with gas coil
8345,3,outpatient,0,DistrictHeating,VAV chiller with district hot water reheat
8346,21,secondary_school,1,Electricity,PTHP
8347,21,large_hotel,0,NaturalGas,PTAC with gas boiler
8348,4,hospital,1,NaturalGas,VAV chiller with gas boiler reheat
8349,20,outpatient,2,DistrictHeating,VAV chiller with district hot water reheat
8350,24,large_hotel,1,DistrictHeating,DOAS with fan coil chiller with district hot water
8351,42,secondary_school,0,Electricity,PSZ-AC with electric coil
8352,103,large_hotel,1,NaturalGas,DOAS with fan coil chiller with boiler
8353,110,strip_mall,2,NaturalGas,PSZ-AC with gas coil
8354,1,primary_school,1,DistrictHeating,DOAS with fan coil chiller with district hot water
8355,110,medium_office,0,DistrictHeating,DOAS with fan coil district chilled water with district hot water
8356,44,large_hotel,1,NaturalGas,PTAC with gas boiler
8357,41,secondary_school,0,DistrictHeating,VAV district chilled water with district hot water reheat
8358,104,outpatient,2,NaturalGas,PVAV with gas boiler reheat
8359,24,small_office,1,DistrictHeating,PSZ-AC with district hot water
8360,38,small_hotel,0,Propane,Residential AC with residential forced air furnace
8361,14,retail,0,Propane,Residential AC with residential forced air furnace
8362,2,outpatient,2,NaturalGas,VAV chiller with gas boiler reheat
8363,6,small_office,1,Propane,PSZ-AC with gas coil
8364,102,retail,0,Propane,PSZ-AC with gas coil
8365,108,hospital,0,Electricity,PSZ-AC with electric coil
8366,6,full_service_restaurant,1,Propane,PSZ-AC with gas coil
8367,4,large_hotel,0,Propane,PTAC with gas boiler
8368,5,large_office,0,NaturalGas,VAV chiller with gas boiler reheat
8369,43,medium_office,1,NaturalGas,PSZ-AC with gas coil
8370,14,hospital,0,NaturalGas,PVAV with gas boiler reheat
8371,23,outpatient,2,NaturalGas,VAV chiller with gas boiler reheat
8372,100,secondary_school,1,DistrictHeating,VAV air-cooled chiller with district hot water reheat
8373,10,outpatient,0,Electricity,PSZ-AC with electric coil
8374,46,large_hotel,1,Electricity,PTAC with electric coil
8375,48,secondary_school,0,DistrictHeating,Baseboard district hot water
8376,109,hospital,1,Electricity,PSZ-AC with electric coil
8377,106,secondary_school,0,DistrictHeating,DOAS with fan coil district chilled water with district hot water
8378,48,warehouse,0,DistrictHeating,DOAS with fan coil air-cooled chiller with district hot water
8379,15,hospital,1,NaturalGas,VAV chiller with gas boiler reheat
8380,103,secondary_school,0,Propane,PSZ-AC with gas coil
8381,17,medium_office,0,Propane,PSZ-AC with gas coil
8382,11,grocery,0,FuelOil,PSZ-AC with gas coil
8383,23,small_hotel,0,FuelOil,Residential AC with residential forced air furnace
8384,37,secondary_school,1,Propane,VAV chiller with gas boiler reheat
8385,25,secondary_school,0,DistrictHeating,Baseboard district hot water
8386,44,secondary_school,0,Propane,PSZ-AC with gas coil
8387,110,outpatient,1,NaturalGas,PVAV with gas boiler reheat
8388,43,quick_service_restaurant,0,Propane,PSZ-AC with gas coil
8389,49,hospital,1,DistrictHeating,VAV district chilled water with district hot water reheat
8390,35,quick_service_restaurant,0,FuelOil,Residential forced air furnace
8391,103,small_office,1,DistrictHeating,DOAS with fan coil district chilled water with district hot water
8392,27,outpatient,0,FuelOil,PSZ-AC with gas coil
8393,100,large_hotel,1,NaturalGas,DOAS with fan coil chiller with boiler
8394,24,outpatient,1,DistrictHeating,VAV chiller with district hot water reheat
8395,105,outpatient,2,DistrictHeating,VAV chiller with district hot water reheat
8396,44,hospital,0,FuelOil,PVAV with gas boiler reheat
8397,5,primary_school,0,DistrictHeating,DOAS with fan coil air-cooled chiller with district hot water
8398,41,strip_mall,2,NaturalGas,PSZ-AC with gas coil
8399,20,medium_office,1,DistrictHeating,VAV district chilled water with district hot water reheat
8400,108,outpatient,1,NaturalGas,PSZ-AC with gas coil
8401,102,full_service_restaurant,0,FuelOil,PSZ-AC with gas coil
8402,25,secondary_school,1,Electricity,PTHP
8403,10,secondary_school,0,Propane,PSZ-AC with gas coil
8404,43,large_office,1,DistrictHeating,VAV chiller with district hot water reheat
8405,27,medium_office,0,DistrictHeating,VAV chiller with district hot water reheat
8406,1,full_service_restaurant,1,Electricity,PSZ-AC with electric coil
8407,24,outpatient,2,DistrictHeating,VAV chiller with district hot water reheat
8408,110,small_office,1,DistrictHeating,VAV chiller with district hot water reheat
8409,32,grocery,0,FuelOil,PSZ-AC with gas coil
8410,105,strip_mall,2,Propane,PSZ-AC with gas coil
8411,108,large_hotel,0,DistrictHeating,DOAS with fan coil district chilled water with district hot water
8412,30,hospital,1,FuelOil,VAV chiller with gas boiler reheat
8413,5,primary_school,1,DistrictHeating,VAV air-cooled chiller with district hot water reheat
8414,27,large_office,0,DistrictHeating,VAV district chilled water with district hot water reheat
8415,12,retail,1,Propane,PSZ-AC with gas coil
8416,0,grocery,1,Propane,PSZ-AC with gas coil
8417,3,medium_office,1,NaturalGas,PVAV with gas boiler reheat
8418,100,retail,1,Propane,PSZ-AC with gas coil
8419,24,warehouse,1,DistrictHeating,DOAS with fan coil air-cooled chiller with district hot water
8420,1,hospital,1,DistrictHeating,VAV district chilled water with district hot water reheat
8421,14,small_office,1,DistrictHeating,VAV district chilled water with district hot water reheat
8422,32,secondary_school,0,Propane,PSZ-AC with gas coil
8423,1,outpatient,0,NaturalGas,PSZ-AC with gas coil
8424,47,large_office,0,NaturalGas,PVAV with gas boiler reheat
8425,12,hospital,1,NaturalGas,VAV chiller with gas boiler reheat
8426,14,full_service_restaurant,1,DistrictHeating,VAV district chilled water with district hot water reheat
8427,41,primary_school,0,Electricity,PVAV with PFP boxes
8428,106,retail,0,Propane,PSZ-AC with gas coil
8429,30,warehouse,0,DistrictHeating,DOAS with fan coil air-cooled chiller with district hot water
8430,33,hospital,0,NaturalGas,VAV air-cooled chiller with gas boiler reheat
8431,19,hospital,0,NaturalGas,PVAV with gas boiler reheat
8432,41,warehouse,0,Propane,PSZ-AC with gas coil
8433,26,primary_school,0,Electricity,PVAV with PFP boxes
8434,104,small_office,0,Propane,PSZ-AC with gas coil
8435,0,primary_school,0,Propane,PSZ-AC with gas coil
8436,43,secondary_school,1,FuelOil,VAV chiller with gas boiler reheat
8437,49,outpatient,1,NaturalGas,PSZ-AC with gas coil
8438,107,primary_school,1,FuelOil,PVAV with gas heat with electric reheat
8439,104,secondary_school,1,DistrictHeating,VAV air-cooled chiller with district hot water reheat
8440,39,outpatient,2,NaturalGas,PVAV with gas boiler reheat
8441,46,full_service_restaurant,1,Propane,PSZ-AC with gas coil
8442,37,large_office,1,DistrictHeating,VAV district chilled water with district hot water reheat
8443,14,outpatient,0,Electricity,PSZ-AC with electric coil
8444,9,grocery,1,FuelOil,PSZ-AC with gas coil
8445,46,warehouse,1,DistrictHeating,DOAS with fan coil air-cooled chiller with district hot water
8446,21,retail,1,FuelOil,PSZ-AC with gas coil
8447,30,quick_service_restaurant,0,Propane,PSZ-AC with gas coil
8448,109,large_hotel,1,Electricity,PTAC with electric coil
8449,102,outpatient,0,Electricity,PSZ-HP
8450,31,full_service_restaurant,1,Propane,PSZ-AC with gas coil
8451,22,outpatient,0,Propane,PSZ-AC with gas coil
8452,42,retail,0,FuelOil,PSZ-AC with gas coil
8453,109,retail,1,FuelOil,PSZ-AC with gas coil
8454,15,large_hotel,1,NaturalGas,DOAS with fan coil chiller with boiler
8455,105,primary_school,0,FuelOil,PSZ-AC with gas coil
8456,36,secondary_school,1,Electricity,PTHP
8457,48,primary_school,0,Electricity,PSZ-AC with electric coil
8458,15,outpatient,1,Electricity,PSZ-AC with electric coil
8459,9,medium_office,0,FuelOil,PSZ-AC with gas coil
8460,26,hospital,0,NaturalGas,PVAV with gas boiler reheat
8461,12,large_hotel,0,Propane,PTAC with gas boiler
8462,109,outpatient,1,DistrictHeating,VAV chiller with district hot water reheat
8463,44,large_office,1,DistrictHeating,VAV district chilled water with district hot water reheat
8464,103,large_hotel,0,FuelOil,PTAC with gas boiler
8465,27,grocery,0,Propane,Residential AC with residential forced air furnace
8466,34,full_service_restaurant,0,Electricity,PSZ-AC with electric coil
8467,107,small_office,1,DistrictHeating,VAV district chilled water with district hot water reheat
8468,13,large_hotel,1,Propane,DOAS with fan coil chiller with boiler
8469,31,outpatient,0,FuelOil,PSZ-AC with gas coil
8470,42,hospital,1,FuelOil,VAV chiller with gas boiler reheat
8471,28,outpatient,1,DistrictHeating,VAV chiller with district hot water reheat
8472,109,outpatient,2,DistrictHeating,VAV chiller with district hot water reheat
8473,18,large_office,1,FuelOil,VAV chiller with gas boiler reheat
8474,24,primary_school,0,DistrictHeating,VAV district chilled water with district hot water reheat
8475,100,full_service_restaurant,1,FuelOil,PSZ-AC with gas coil
8476,8,secondary_school,1,Propane,VAV chiller with gas boiler reheat
8477,101,outpatient,1,DistrictHeating,VAV chiller with district hot water reheat
8478,4,grocery,0,Propane,Residential AC with residential forced air furnace
8479,4,outpatient,2,NaturalGas,VAV chiller with gas boiler reheat
8480,15,secondary_school,0,Propane,DOAS with fan coil air-cooled chiller with boiler
8481,46,medium_office,0,DistrictHeating,VAV chiller with district hot water reheat
8482,46,grocery,1,Electricity,PSZ-AC with electric coil
8483,31,medium_office,0,DistrictHeating,VAV chiller with district hot water reheat
8484,34,hospital,1,DistrictHeating,VAV district chilled water with district hot water reheat
8485,14,outpatient,2,DistrictHeating,VAV chiller with district hot water reheat
8486,7,large_office,0,NaturalGas,VAV air-cooled chiller with gas boiler reheat
8487,31,grocery,1,Electricity,PSZ-AC with electric coil
8488,48,small_hotel,0,FuelOil,Residential AC with residential forced air furnace
8489,46,large_office,0,DistrictHeating,VAV district chilled water with district hot water reheat
8490,35,retail,1,Propane,PSZ-AC with gas coil
8491,10,primary_school,1,DistrictHeating,VAV district chilled water with district hot water reheat
8492,41,hospital,0,DistrictHeating,VAV chiller with district hot water reheat
8493,109,strip_mall,2,Propane,PSZ-AC with gas coil
8494,35,outpatient,1,DistrictHeating,VAV chiller with district hot water reheat
8495,25,outpatient,2,NaturalGas,VAV chiller with gas boiler reheat
8496,19,secondary_school,1,DistrictHeating,VAV air-cooled chiller with district hot water reheat
8497,107,grocery,1,Propane,PSZ-AC with gas coil
8498,110,strip_mall,1,Electricity,PSZ-AC with electric coil
8499,45,large_office,1,NaturalGas,VAV chiller with gas boiler reheat
8500,5,medium_office,0,FuelOil,PSZ-AC with gas coil
8501,7,medium_office,1,NaturalGas,PSZ-AC with gas coil
8502,4,grocery,1,Propane,PSZ-AC with gas coil
8503,1,large_hotel,1,DistrictHeating,DOAS with fan coil district chilled water with district hot water
8504,15,secondary_school,1,Propane,PVAV with gas heat with electric reheat
8505,23,large_hotel,1,Electricity,PTAC with electric coil
8506,17,secondary_school,1,FuelOil,VAV chiller with gas boiler reheat
8507,104,retail,1,Propane,PSZ-AC with gas coil
8508,6,outpatient,0,NaturalGas,PSZ-AC with gas coil
8509,12,large_hotel,1,NaturalGas,PTAC with gas boiler
8510,11,grocery,0,Propane,Residential AC with residential forced air furnace
8511,17,hospital,1,NaturalGas,VAV chiller with gas boiler reheat
8512,100,primary_school,0,Propane,PSZ-AC with gas coil
8513,22,secondary_school,0,Propane,PSZ-AC with gas coil
8514,24,primary_school,1,Electricity,PVAV with PFP boxes
8515,38,hospital,0,NaturalGas,PVAV with gas boiler reheat
8516,45,primary_school,0,Electricity,PSZ-AC with electric coil
8517,31,primary_school,0,Electricity,PSZ-AC with electric coil
8518,27,hospital,1,DistrictHeating,VAV district chilled water with district hot water reheat
8519,22,large_hotel,1,DistrictHeating,DOAS with fan coil district chilled water with district hot water
8520,109,small_office,0,Propane,PSZ-AC with gas coil
8521,41,hospital,1,DistrictHeating,VAV district chilled water with district hot water reheat
8522,23,hospital,0,NaturalGas,VAV air-cooled chiller with gas boiler reheat
8523,46,medium_office,1,Electricity,PVAV with PFP boxes
8524,43,large_hotel,0,DistrictHeating,PTAC with baseboard district hot water
8525,30,outpatient,1,FuelOil,PSZ-AC with gas coil
8526,109,secondary_school,1,DistrictHeating,VAV air-cooled chiller with district hot water reheat
8527,108,strip_mall,1,Propane,PSZ-AC with gas coil
8528,35,quick_service_restaurant,0,Propane,PSZ-AC with gas coil
8529,4,primary_school,0,Propane,PSZ-AC with gas coil
8530,47,secondary_school,1,FuelOil,VAV chiller with gas boiler reheat
8531,34,large_hotel,1,NaturalGas,DOAS with fan coil chiller with boiler
8532,12,quick_service_restaurant,0,Propane,PSZ-AC with gas coil
8533,46,primary_school,1,Electricity,PVAV with PFP boxes
8534,109,full_service_restaurant,1,Propane,PSZ-AC with gas coil
8535,41,secondary_school,1,Electricity,PTHP
8536,41,outpatient,1,Propane,PSZ-AC with gas boiler
8537,105,warehouse,1,Propane,PSZ-AC with gas coil
8538,26,secondary_school,1,Electricity,PTHP
8539,44,retail,1,Propane,PSZ-AC with gas coil
8540,16,large_hotel,0,Propane,PTAC with gas boiler
8541,47,outpatient,0,Propane,PSZ-AC with gas coil
8542,39,secondary_school,1,DistrictHeating,VAV air-cooled chiller with district hot water reheat
8543,103,primary_school,1,DistrictHeating,DOAS with fan coil district chilled water with district hot water
8544,44,quick_service_restaurant,0,FuelOil,Residential forced air furnace
8545,48,hospital,1,Electricity,PSZ-AC with electric coil
8546,107,large_hotel,0,FuelOil,PTAC with gas boiler
8547,11,outpatient,2,DistrictHeating,VAV chiller with district hot water reheat
8548,101,full_service_restaurant,1,Propane,PSZ-AC with gas coil
8549,48,outpatient,1,Propane,PSZ-AC with gas coil
8550,13,retail,0,FuelOil,PSZ-AC with gas coil
8551,102,retail,1,FuelOil,PSZ-AC with gas coil
8552,7,primary_school,1,DistrictHeating,VAV district chilled water with district hot water reheat
8553,42,warehouse,1,Electricity,PSZ-AC with electric coil
8554,16,secondary_school,1,DistrictHeating,VAV air-cooled chiller with district hot water reheat
8555,37,secondary_school,0,DistrictHeating,Baseboard district hot water
8556,3,hospital,1,DistrictHeating,VAV district chilled water with district hot water reheat
8557,25,hospital,1,Electricity,PSZ-AC with electric coil
8558,15,large_office,0,DistrictHeating,VAV district chilled water with district hot water reheat
8559,105,grocery,1,Propane,PSZ-AC with gas coil
8560,17,primary_school,0,FuelOil,PSZ-AC with gas coil
8561,31,outpatient,2,Electricity,PVAV with PFP boxes
8562,30,grocery,0,FuelOil,PSZ-AC with gas coil
8563,28,outpatient,0,FuelOil,PSZ-AC with gas coil
8564,19,secondary_school,0,Propane,PSZ-AC with gas coil
8565,20,strip_mall,2,Electricity,PVAV with PFP boxes
8566,33,outpatient,2,DistrictHeating,VAV chiller with district hot water reheat
8567,2,primary_school,0,FuelOil,PSZ-AC with gas coil
8568,24,hospital,1,DistrictHeating,VAV district chilled water with district hot water reheat
8569,11,large_office,0,NaturalGas,PVAV with gas boiler reheat
8570,47,medium_office,0,FuelOil,PSZ-AC with gas coil
8571,45,hospital,0,DistrictHeating,VAV district chilled water with district hot water reheat
8572,103,outpatient,2,DistrictHeating,VAV chiller with district hot water reheat
8573,26,large_office,1,FuelOil,VAV chiller with gas boiler reheat
8574,28,large_hotel,1,Electricity,PTAC with electric coil
8575,30,hospital,0,DistrictHeating,VAV district chilled water with district hot water reheat
8576,47,large_office,0,FuelOil,PVAV with gas boiler reheat
8577,49,large_office,1,NaturalGas,VAV chiller with gas boiler reheat
8578,105,primary_school,0,Propane,PSZ-AC with gas coil
8579,20,outpatient,0,DistrictHeating,VAV chiller with district hot water reheat
8580,7,warehouse,0,FuelOil,Residential forced air furnace
8581,16,large_hotel,1,NaturalGas,DOAS with fan coil chiller with boiler
8582,21,hospital,1,NaturalGas,VAV chiller with gas boiler reheat
8583,109,medium_office,1,DistrictHeating,VAV district chilled water with district hot water reheat
8584,44,warehouse,1,FuelOil,PSZ-AC with gas coil
8585,108,primary_school,1,DistrictHeating,PSZ-AC with district hot water
8586,23,secondary_school,1,Electricity,PTHP
8587,42,hospital,0,NaturalGas,VAV air-cooled chiller with gas boiler reheat
8588,1,large_hotel,0,FuelOil,PTAC with gas coil
8589,31,hospital,1,DistrictHeating,VAV district chilled water with district hot water reheat
8590,44,secondary_school,0,Electricity,PSZ-AC with electric coil
8591,34,grocery,0,NaturalGas,PSZ-AC with gas coil
8592,104,hospital,1,DistrictHeating,VAV district chilled water with district hot water reheat
8593,110,hospital,1,NaturalGas,VAV chiller with gas boiler reheat
8594,44,full_service_restaurant,1,DistrictHeating,VAV district chilled water with district hot water reheat
8595,106,large_hotel,0,DistrictHeating,PTAC with baseboard district hot water
8596,39,primary_school,0,DistrictHeating,VAV district chilled water with district hot water reheat
8597,25,warehouse,1,DistrictHeating,DOAS with fan coil air-cooled chiller with district hot water
8598,1,strip_mall,2,Propane,PSZ-AC with gas coil
8599,5,hospital,1,FuelOil,VAV chiller with gas boiler reheat
8600,36,large_office,1,Electricity,PVAV with PFP boxes
8601,106,outpatient,2,NaturalGas,PVAV with gas boiler reheat
8602,21,warehouse,1,Propane,PSZ-AC with gas coil
8603,43,grocery,1,NaturalGas,PSZ-AC with gas coil
8604,45,secondary_school,1,Electricity,PTHP
8605,1,large_office,1,NaturalGas,VAV chiller with gas boiler reheat
8606,34,secondary_school,1,NaturalGas,PVAV with gas boiler reheat
8607,30,secondary_school,1,Electricity,PTHP
8608,21,large_hotel,0,Propane,PTAC with gas boiler
8609,23,outpatient,0,NaturalGas,PSZ-AC with gas coil
8610,47,small_office,1,DistrictHeating,VAV district chilled water with district hot water reheat
8611,1,retail,0,FuelOil,PSZ-AC with gas coil
8612,40,outpatient,2,NaturalGas,VAV chiller with gas boiler reheat
8613,110,strip_mall,2,Propane,PSZ-AC with gas coil
8614,105,large_hotel,1,FuelOil,DOAS with fan coil chiller with boiler
8615,102,secondary_school,1,DistrictHeating,VAV air-cooled chiller with district hot water reheat
8616,7,grocery,1,FuelOil,PSZ-AC with gas coil
8617,46,full_service_restaurant,0,DistrictHeating,VAV district chilled water with district hot water reheat
8618,27,large_hotel,1,NaturalGas,DOAS with fan coil chiller with boiler
8619,32,hospital,1,NaturalGas,VAV chiller with gas boiler reheat
8620,31,full_service_restaurant,0,DistrictHeating,VAV district chilled water with district hot water reheat
8621,32,small_office,1,FuelOil,PSZ-AC with gas coil
8622,103,primary_school,0,FuelOil,PVAV with gas heat with electric reheat
8623,3,retail,0,FuelOil,PSZ-AC with gas coil
8624,33,large_office,0,DistrictHeating,VAV district chilled water with district hot water reheat
8625,2,outpatient,2,Propane,PVAV with gas boiler reheat
8626,23,primary_school,1,FuelOil,PSZ-AC with gas coil
8627,42,secondary_school,0,DistrictHeating,Baseboard district hot water
8628,4,outpatient,2,FuelOil,VAV air-cooled chiller with gas boiler reheat
8629,28,grocery,1,FuelOil,PSZ-AC with gas coil
8630,17,secondary_school,1,Propane,VAV air-cooled chiller with gas boiler reheat
8631,21,outpatient,0,Propane,PSZ-AC with gas coil
8632,49,grocery,0,FuelOil,PSZ-AC with gas coil
8633,21,primary_school,0,FuelOil,PSZ-AC with gas coil
8634,38,large_hotel,1,DistrictHeating,DOAS with fan coil chiller with district hot water
8635,44,primary_school,1,FuelOil,DOAS with fan coil air-cooled chiller with boiler
8636,2,warehouse,1,Propane,PSZ-AC with gas coil
8637,30,outpatient,1,Propane,PSZ-AC with gas coil
8638,107,hospital,1,NaturalGas,VAV chiller with gas boiler reheat
8639,107,outpatient,2,DistrictHeating,VAV chiller with district hot water reheat
8640,1,outpatient,1,Electricity,PVAV with PFP boxes
8641,42,full_service_restaurant,1,Propane,PSZ-AC with gas coil
8642,24,hospital,0,FuelOil,VAV air-cooled chiller with gas boiler reheat
8643,3,grocery,0,NaturalGas,PSZ-AC with gas coil
8644,8,secondary_school,0,DistrictHeating,Baseboard district hot water
8645,42,secondary_school,1,Electricity,PTHP
8646,27,secondary_school,0,Propane,PSZ-AC with gas coil
8647,34,large_office,0,NaturalGas,VAV chiller with gas boiler reheat
8648,104,large_hotel,1,DistrictHeating,DOAS with fan coil district chilled water with district hot water
8649,41,small_office,0,Propane,PSZ-AC with gas coil
8650,108,hospital,1,DistrictHeating,VAV district chilled water with district hot water reheat
8651,47,hospital,1,FuelOil,VAV chiller with gas boiler reheat
8652,31,medium_office,1,Electricity,PVAV with PFP boxes
8653,37,outpatient,2,NaturalGas,VAV chiller with gas boiler reheat
8654,31,secondary_school,1,DistrictHeating,VAV air-cooled chiller with district hot water reheat
8655,44,outpatient,1,NaturalGas,PSZ-AC with gas coil
8656,45,small_office,1,DistrictHeating,VAV district chilled water with district hot water reheat
8657,41,medium_office,0,NaturalGas,PSZ-AC with gas coil
8658,31,hospital,0,FuelOil,VAV air-cooled chiller with gas boiler reheat
8659,6,primary_school,0,DistrictHeating,VAV district chilled water with district hot water reheat
8660,21,outpatient,1,NaturalGas,PSZ-AC with gas coil
8661,102,retail,1,Propane,PSZ-AC with gas coil
8662,43,primary_school,1,DistrictHeating,DOAS with fan coil district chilled water with district hot water
8663,35,small_hotel,0,Propane,Residential AC with residential forced air furnace
8664,5,large_office,1,NaturalGas,VAV chiller with gas boiler reheat
8665,4,large_hotel,1,Propane,PTAC with gas boiler
8666,100,small_office,1,Propane,PSZ-AC with gas coil
8667,14,hospital,1,NaturalGas,VAV chiller with gas boiler reheat
8668,3,medium_office,0,NaturalGas,PSZ-AC with gas coil
8669,48,small_office,0,Propane,PSZ-AC with gas coil
8670,8,full_service_restaurant,1,DistrictHeating,VAV district chilled water with district hot water reheat
8671,14,secondary_school,1,NaturalGas,PVAV with gas boiler reheat
8672,39,hospital,1,DistrictHeating,VAV district chilled water with district hot water reheat
8673,23,grocery,1,Propane,PSZ-AC with gas coil
8674,100,retail,0,Propane,PSZ-AC with gas coil
8675,13,hospital,0,NaturalGas,PVAV with gas boiler reheat
8676,44,grocery,0,Propane,Residential AC with residential forced air furnace
8677,30,grocery,0,Propane,Residential AC with residential forced air furnace
8678,44,outpatient,2,NaturalGas,PVAV with gas boiler reheat
8679,4,grocery,0,Electricity,PSZ-AC with electric coil
8680,15,secondary_school,0,Electricity,PSZ-AC with electric coil
8681,23,warehouse,1,NaturalGas,PSZ-AC with gas coil
8682,2,primary_school,0,Propane,PSZ-AC with gas coil
8683,106,secondary_school,1,DistrictHeating,VAV air-cooled chiller with district hot water reheat
8684,48,warehouse,1,DistrictHeating,DOAS with fan coil air-cooled chiller with district hot water
8685,17,medium_office,1,Propane,PVAV with gas boiler reheat
8686,11,grocery,1,FuelOil,PSZ-AC with gas coil
8687,105,secondary_school,0,DistrictHeating,DOAS with fan coil district chilled water with district hot water
8688,18,grocery,0,FuelOil,PSZ-AC with gas coil
8689,43,secondary_school,0,FuelOil,PSZ-AC with gas boiler
8690,103,warehouse,1,Propane,PSZ-AC with gas coil
8691,107,primary_school,0,FuelOil,PSZ-AC with gas coil
8692,25,secondary_school,1,DistrictHeating,VAV air-cooled chiller with district hot water reheat
8693,22,outpatient,2,DistrictHeating,VAV chiller with district hot water reheat
8694,30,grocery,1,Propane,PSZ-AC with gas coil
8695,13,quick_service_restaurant,0,FuelOil,Residential forced air furnace
8696,43,warehouse,0,FuelOil,Residential forced air furnace
8697,11,grocery,0,Electricity,PSZ-AC with electric coil
8698,5,hospital,0,NaturalGas,PVAV with gas boiler reheat
8699,21,primary_school,1,Electricity,PVAV with PFP boxes
8700,47,medium_office,1,Propane,PVAV with gas boiler reheat
8701,12,small_hotel,0,NaturalGas,Residential AC with residential forced air furnace
8702,27,outpatient,1,FuelOil,PSZ-AC with gas boiler
8703,34,quick_service_restaurant,0,FuelOil,Residential forced air furnace
8704,11,primary_school,0,FuelOil,PSZ-AC with gas coil
8705,10,medium_office,1,Propane,PVAV with gas heat with electric reheat
8706,109,outpatient,0,DistrictHeating,VAV chiller with district hot water reheat
8707,18,large_hotel,1,DistrictHeating,DOAS with fan coil chiller with district hot water
8708,44,hospital,1,FuelOil,VAV chiller with gas boiler reheat
8709,5,hospital,1,Propane,VAV chiller with gas boiler reheat
8710,35,secondary_school,0,DistrictHeating,Baseboard district hot water
8711,102,full_service_restaurant,1,FuelOil,PVAV with gas boiler reheat
8712,29,outpatient,0,DistrictHeating,VAV chiller with district hot water reheat
8713,14,large_office,1,Electricity,VAV chiller with PFP boxes
8714,8,primary_school,1,FuelOil,DOAS with fan coil air-cooled chiller with boiler
8715,28,hospital,0,FuelOil,VAV air-cooled chiller with gas boiler reheat
8716,13,secondary_school,0,DistrictHeating,Baseboard district hot water
8717,44,grocery,1,NaturalGas,PSZ-AC with gas coil
8718,31,secondary_school,0,Propane,PSZ-AC with gas coil
8719,35,large_office,0,Electricity,PVAV with PFP boxes
8720,0,hospital,1,Electricity,PSZ-AC with electric coil
8721,24,large_office,0,NaturalGas,PVAV with gas boiler reheat
8722,27,large_office,1,DistrictHeating,VAV district chilled water with district hot water reheat
8723,108,large_hotel,1,DistrictHeating,DOAS with fan coil district chilled water with district hot water
8724,3,outpatient,0,FuelOil,PSZ-AC with gas coil
8725,42,outpatient,2,NaturalGas,DOAS with fan coil air-cooled chiller with boiler
8726,31,warehouse,0,Propane,PSZ-AC with gas coil
8727,36,secondary_school,1,DistrictHeating,PVAV with district hot water reheat
8728,24,large_hotel,1,FuelOil,DOAS with fan coil chiller with boiler
8729,32,secondary_school,1,Propane,VAV air-cooled chiller with gas boiler reheat
8730,20,hospital,0,DistrictHeating,VAV district chilled water with district hot water reheat
8731,47,large_office,1,NaturalGas,VAV chiller with gas boiler reheat
8732,1,primary_school,1,FuelOil,PSZ-AC with gas boiler
8733,108,small_office,1,DistrictHeating,VAV district chilled water with district hot water reheat
8734,30,hospital,1,Electricity,PSZ-AC with electric coil
8735,24,large_office,1,NaturalGas,VAV chiller with gas boiler reheat
8736,22,primary_school,0,FuelOil,PSZ-AC with gas coil
8737,39,large_hotel,1,DistrictHeating,DOAS with fan coil chiller with district hot water
8738,42,grocery,1,Propane,PSZ-AC with gas coil
8739,104,small_office,1,Propane,PSZ-AC with gas coil
8740,31,large_office,0,NaturalGas,PVAV with gas boiler reheat
8741,105,retail,0,Propane,Residential AC with residential forced air furnace
8742,40,hospital,0,NaturalGas,VAV air-cooled chiller with gas boiler reheat
8743,43,hospital,1,DistrictHeating,VAV district chilled water with district hot water reheat
8744,49,grocery,0,Propane,Residential AC with residential forced air furnace
8745,102,primary_school,1,Propane,PVAV with gas heat with electric reheat
8746,49,outpatient,2,NaturalGas,VAV chiller with gas boiler reheat
8747,9,secondary_school,1,Propane,PVAV with gas boiler reheat
8748,17,hospital,0,NaturalGas,VAV air-cooled chiller with gas boiler reheat
8749,21,primary_school,0,Propane,PVAV with gas heat with electric reheat
8750,11,medium_office,1,DistrictHeating,VAV district chilled water with district hot water reheat
8751,37,warehouse,1,DistrictHeating,DOAS with fan coil air-cooled chiller with district hot water
8752,22,outpatient,1,Propane,PSZ-AC with gas coil
8753,29,quick_service_restaurant,0,Propane,PSZ-AC with gas coil
8754,27,hospital,0,DistrictHeating,VAV district chilled water with district hot water reheat
8755,105,primary_school,1,FuelOil,VAV air-cooled chiller with gas boiler reheat
8756,36,large_hotel,1,NaturalGas,DOAS with fan coil chiller with boiler
8757,103,outpatient,0,NaturalGas,PSZ-AC with gas coil
8758,37,grocery,0,FuelOil,PSZ-AC with gas coil
8759,43,secondary_school,1,Electricity,PTHP
8760,42,primary_school,0,Propane,PSZ-AC with gas coil
8761,107,warehouse,1,Propane,PSZ-AC with gas coil
8762,26,warehouse,1,FuelOil,PSZ-AC with gas coil
8763,11,large_office,1,Electricity,PVAV with PFP boxes
8764,47,outpatient,2,DistrictHeating,VAV chiller with district hot water reheat
8765,38,quick_service_restaurant,0,FuelOil,Residential forced air furnace
8766,5,grocery,1,FuelOil,PSZ-AC with gas coil
8767,34,large_hotel,1,Propane,DOAS with fan coil chiller with boiler
8768,24,primary_school,1,DistrictHeating,DOAS with fan coil district chilled water with district hot water
8769,33,secondary_school,1,DistrictHeating,VAV air-cooled chiller with district hot water reheat
8770,46,outpatient,0,Electricity,PSZ-AC with electric coil
8771,3,grocery,0,FuelOil,PSZ-AC with gas coil
8772,18,secondary_school,1,DistrictHeating,VAV air-cooled chiller with district hot water reheat
8773,13,primary_school,1,FuelOil,PVAV with gas boiler reheat
8774,31,outpatient,0,Electricity,PSZ-AC with electric coil
8775,46,medium_office,1,DistrictHeating,VAV district chilled water with district hot water reheat
8776,17,secondary_school,0,DistrictHeating,DOAS with fan coil district chilled water with district hot water
8777,47,grocery,0,FuelOil,PSZ-AC with gas coil
8778,19,primary_school,0,FuelOil,PSZ-AC with gas coil
8779,2,secondary_school,0,DistrictHeating,Baseboard district hot water
8780,100,full_service_restaurant,1,Electricity,PVAV with PFP boxes
8781,46,large_office,1,DistrictHeating,VAV district chilled water with district hot water reheat
8782,21,small_office,1,FuelOil,PSZ-AC with gas coil
8783,14,warehouse,1,Propane,PSZ-AC with gas coil
8784,27,quick_service_restaurant,0,FuelOil,Residential forced air furnace
8785,110,strip_mall,2,Electricity,PVAV with PFP boxes
8786,2,warehouse,0,DistrictHeating,DOAS with fan coil air-cooled chiller with district hot water
8787,40,secondary_school,1,DistrictHeating,VAV air-cooled chiller with district hot water reheat
8788,104,primary_school,1,DistrictHeating,VAV district chilled water with district hot water reheat
8789,24,outpatient,2,FuelOil,VAV air-cooled chiller with gas boiler reheat
8790,40,primary_school,0,FuelOil,PSZ-AC with gas coil
8791,42,primary_school,1,NaturalGas,PSZ-AC with gas coil
8792,11,grocery,1,Propane,PSZ-AC with gas coil
8793,44,large_hotel,1,Electricity,PTAC with electric coil
8794,100,primary_school,1,Propane,PSZ-AC with gas coil
8795,22,secondary_school,1,Propane,PVAV with gas heat with electric reheat
8796,108,large_hotel,0,FuelOil,PTAC with gas boiler
8797,5,primary_school,1,FuelOil,DOAS with fan coil air-cooled chiller with boiler
8798,36,hospital,0,FuelOil,PSZ-AC with gas coil
8799,43,secondary_school,0,Propane,DOAS with fan coil air-cooled chiller with boiler
8800,107,primary_school,0,Propane,PSZ-AC with gas coil
8801,3,outpatient,2,Electricity,PVAV with PFP boxes
8802,3,full_service_restaurant,1,Propane,PSZ-AC with gas coil
8803,36,warehouse,1,Propane,PSZ-AC with gas coil
8804,109,small_office,1,Propane,PSZ-AC with gas coil
8805,38,warehouse,1,FuelOil,PSZ-AC with gas coil
8806,30,outpatient,2,FuelOil,VAV air-cooled chiller with gas boiler reheat
8807,43,warehouse,0,Propane,PSZ-AC with gas coil
8808,102,large_hotel,1,DistrictHeating,DOAS with fan coil district chilled water with district hot water
8809,108,strip_mall,2,Propane,PSZ-AC with gas coil
8810,108,large_office,0,NaturalGas,VAV chiller with gas boiler reheat
8811,45,warehouse,0,FuelOil,Residential forced air furnace
8812,24,secondary_school,0,Electricity,PSZ-AC with electric coil
8813,106,hospital,1,DistrictHeating,VAV district chilled water with district hot water reheat
8814,43,medium_office,1,Electricity,PVAV with PFP boxes
8815,1,grocery,1,NaturalGas,PSZ-AC with gas coil
8816,34,outpatient,1,NaturalGas,PSZ-AC with gas coil
8817,10,small_hotel,0,Propane,Residential AC with residential forced air furnace
8818,6,full_service_restaurant,1,DistrictHeating,VAV district chilled water with district hot water reheat
8819,47,warehouse,1,Electricity,PSZ-AC with electric coil
8820,5,outpatient,1,NaturalGas,PSZ-AC with gas coil
8821,34,grocery,0,Propane,Residential AC with residential forced air furnace
8822,48,outpatient,2,Propane,PVAV with gas boiler reheat
8823,2,outpatient,0,Propane,PSZ-AC with gas coil
8824,103,secondary_school,0,DistrictHeating,VAV district chilled water with district hot water reheat
8825,34,retail,0,FuelOil,PSZ-AC with gas coil
8826,105,hospital,1,Electricity,PSZ-AC with electric coil
8827,43,grocery,1,Propane,PSZ-AC with gas coil
8828,3,grocery,1,Electricity,PSZ-AC with electric coil
8829,37,secondary_school,1,DistrictHeating,VAV air-cooled chiller with district hot water reheat
8830,35,primary_school,0,Propane,PSZ-AC with gas coil
8831,37,small_office,1,Propane,PSZ-AC with gas coil
8832,42,large_hotel,1,Electricity,PTAC with electric coil
8833,19,small_hotel,0,FuelOil,Residential AC with residential forced air furnace
8834,17,primary_school,1,FuelOil,VAV air-cooled chiller with gas boiler reheat
8835,44,secondary_school,0,DistrictHeating,Baseboard district hot water
8836,101,secondary_school,1,NaturalGas,VAV air-cooled chiller with gas boiler reheat
8837,24,large_office,0,FuelOil,PVAV with gas boiler reheat
8838,2,primary_school,1,FuelOil,PSZ-AC with gas coil
8839,40,outpatient,2,Propane,PVAV with gas boiler reheat
8840,33,warehouse,1,Propane,PSZ-AC with gas coil
8841,23,primary_school,0,FuelOil,PSZ-AC with gas coil
8842,18,secondary_school,0,FuelOil,PSZ-AC with gas boiler
8843,27,large_hotel,1,Propane,DOAS with fan coil chiller with boiler
8844,28,outpatient,0,Electricity,PSZ-AC with electric coil
8845,47,large_office,1,FuelOil,VAV chiller with gas boiler reheat
8846,32,hospital,1,Propane,VAV air-cooled chiller with gas boiler reheat
8847,28,outpatient,2,FuelOil,PSZ-AC with gas boiler
8848,44,small_office,1,Propane,PSZ-AC with gas coil
8849,49,large_hotel,1,Electricity,PTAC with electric coil
8850,105,primary_school,1,Propane,VAV chiller with gas boiler reheat
8851,3,medium_office,1,Electricity,PVAV with PFP boxes
8852,19,secondary_school,1,FuelOil,VAV chiller with gas boiler reheat
8853,7,outpatient,2,Electricity,PVAV with PFP boxes
8854,6,retail,1,Propane,PSZ-AC with gas coil
8855,7,full_service_restaurant,1,Propane,PSZ-AC with gas coil
8856,47,large_office,0,Electricity,PVAV with PFP boxes
8857,34,grocery,1,NaturalGas,PSZ-AC with gas coil
8858,18,small_office,1,FuelOil,PSZ-AC with gas coil
8859,24,small_office,0,DistrictHeating,VAV district chilled water with district hot water reheat
8860,106,large_hotel,1,DistrictHeating,DOAS with fan coil chiller with district hot water
8861,41,grocery,0,NaturalGas,PSZ-AC with gas coil
8862,15,retail,0,FuelOil,PSZ-AC with gas coil
8863,39,primary_school,1,DistrictHeating,VAV district chilled water with district hot water reheat
8864,19,hospital,0,Electricity,PSZ-AC with electric coil
8865,44,warehouse,1,Electricity,PSZ-AC with electric coil
8866,38,quick_service_restaurant,0,Propane,PSZ-AC with gas coil
8867,49,outpatient,1,Electricity,PSZ-AC with electric coil
8868,7,secondary_school,0,NaturalGas,PSZ-AC with gas coil
8869,38,outpatient,1,NaturalGas,PSZ-AC with gas coil
8870,32,secondary_school,0,DistrictHeating,Baseboard district hot water
8871,15,large_hotel,1,Electricity,PTAC with electric coil
8872,20,hospital,1,Electricity,PSZ-AC with electric coil
8873,101,large_hotel,0,FuelOil,PTAC with gas boiler
8874,10,small_office,1,DistrictHeating,VAV district chilled water with district hot water reheat
8875,3,grocery,0,Propane,Residential AC with residential forced air furnace
8876,1,retail,1,FuelOil,PSZ-AC with gas coil
8877,43,strip_mall,1,Electricity,PSZ-AC with electric coil
8878,42,large_hotel,0,Propane,PTAC with gas coil
8879,43,large_office,0,NaturalGas,PVAV with gas heat with electric reheat
8880,17,small_hotel,0,FuelOil,Residential AC with residential forced air furnace
8881,14,small_hotel,0,Propane,Residential AC with residential forced air furnace
8882,4,outpatient,1,DistrictHeating,VAV chiller with district hot water reheat
8883,26,hospital,0,Electricity,PSZ-AC with electric coil
8884,15,hospital,0,NaturalGas,PVAV with gas boiler reheat
8885,46,full_service_restaurant,1,DistrictHeating,VAV district chilled water with district hot water reheat
8886,1,outpatient,1,DistrictHeating,VAV chiller with district hot water reheat
8887,23,medium_office,1,DistrictHeating,PSZ-AC with district hot water
8888,27,quick_service_restaurant,0,Propane,PSZ-AC with gas coil
8889,110,grocery,0,Electricity,PSZ-AC with electric coil
8890,31,full_service_restaurant,1,DistrictHeating,VAV district chilled water with district hot water reheat
8891,45,outpatient,1,NaturalGas,PSZ-AC with gas coil
8892,33,primary_school,1,Propane,VAV chiller with gas boiler reheat
8893,40,primary_school,0,Propane,PSZ-AC with gas coil
8894,18,hospital,1,DistrictHeating,VAV district chilled water with district hot water reheat
8895,7,medium_office,0,DistrictHeating,VAV chiller with district hot water reheat
8896,42,small_office,1,Propane,PSZ-AC with gas coil
8897,47,grocery,1,Propane,PSZ-AC with gas coil
8898,49,grocery,1,FuelOil,PSZ-AC with gas coil
8899,1,outpatient,2,DistrictHeating,VAV chiller with district hot water reheat
8900,29,large_office,0,FuelOil,PVAV with gas boiler reheat
8901,14,secondary_school,1,Propane,PVAV with gas boiler reheat
8902,103,primary_school,0,Electricity,PSZ-HP
8903,22,hospital,0,NaturalGas,VAV air-cooled chiller with gas boiler reheat
8904,2,hospital,0,DistrictHeating,VAV district chilled water with district hot water reheat
8905,28,grocery,1,Electricity,PSZ-AC with electric coil
8906,30,outpatient,2,Propane,PVAV with gas boiler reheat
8907,23,warehouse,1,Propane,PSZ-AC with gas coil
8908,40,primary_school,1,Propane,VAV chiller with gas boiler reheat
8909,36,quick_service_restaurant,0,FuelOil,Residential forced air furnace
8910,49,grocery,0,Electricity,PSZ-AC with electric coil
8911,7,large_office,0,Electricity,PVAV with PFP boxes
8912,45,medium_office,1,Electricity,PVAV with PFP boxes
8913,47,primary_school,0,Propane,PVAV with gas boiler reheat
8914,7,primary_school,0,Electricity,PSZ-AC with electric coil
8915,49,small_office,1,Propane,PSZ-AC with gas coil
8916,29,large_office,1,FuelOil,VAV chiller with gas boiler reheat
8917,24,hospital,1,FuelOil,VAV chiller with gas boiler reheat
8918,8,secondary_school,1,DistrictHeating,VAV air-cooled chiller with district hot water reheat
8919,49,full_service_restaurant,1,Propane,PSZ-AC with gas coil
8920,36,large_office,0,FuelOil,PVAV with gas boiler reheat
8921,45,large_office,1,Electricity,VAV chiller with PFP boxes
8922,40,hospital,1,Electricity,PSZ-AC with electric coil
8923,29,secondary_school,0,DistrictHeating,Baseboard district hot water
8924,15,secondary_school,0,DistrictHeating,VAV district chilled water with district hot water reheat
8925,30,hospital,0,FuelOil,PVAV with gas boiler reheat
8926,17,hospital,1,Electricity,PSZ-AC with electric coil
8927,5,hospital,0,Propane,PVAV with gas boiler reheat
8928,12,small_hotel,0,Propane,Residential AC with residential forced air furnace
8929,20,outpatient,0,FuelOil,PSZ-AC with gas coil
8930,2,hospital,1,Electricity,PSZ-AC with electric coil
8931,24,hospital,0,Electricity,PSZ-AC with electric coil
8932,45,grocery,0,NaturalGas,PSZ-AC with gas coil
8933,108,primary_school,1,FuelOil,PVAV with gas heat with electric reheat
8934,14,large_office,0,Electricity,PVAV with PFP boxes
8935,3,large_office,0,NaturalGas,PVAV with gas heat with electric reheat
8936,39,medium_office,0,FuelOil,PSZ-AC with gas coil
8937,41,medium_office,1,NaturalGas,VAV air-cooled chiller with gas boiler reheat
8938,1,small_office,0,Propane,PSZ-AC with gas coil
8939,109,large_hotel,0,DistrictHeating,PTAC with baseboard district hot water
8940,21,outpatient,2,NaturalGas,PVAV with gas heat with electric reheat
8941,15,secondary_school,1,DistrictHeating,PSZ-AC with district hot water
8942,16,full_service_restaurant,1,Electricity,PVAV with PFP boxes
8943,41,large_office,1,NaturalGas,VAV chiller with gas boiler reheat
8944,106,large_hotel,0,FuelOil,PTAC with gas coil
8945,42,outpatient,1,NaturalGas,PSZ-AC with gas coil
8946,100,primary_school,0,DistrictHeating,VAV district chilled water with district hot water reheat
8947,20,outpatient,1,FuelOil,PSZ-AC with gas coil
8948,46,warehouse,0,DistrictHeating,DOAS with fan coil air-cooled chiller with district hot water
8949,35,secondary_school,1,NaturalGas,VAV chiller with gas boiler reheat
8950,109,small_office,0,DistrictHeating,VAV district chilled water with district hot water reheat
8951,31,hospital,0,Electricity,PSZ-AC with electric coil
8952,44,grocery,1,Propane,PSZ-AC with gas coil
8953,103,full_service_restaurant,1,Propane,PSZ-AC with gas coil
8954,1,primary_school,0,FuelOil,PSZ-AC with gas coil
8955,2,primary_school,1,Propane,VAV chiller with gas boiler reheat
8956,11,secondary_school,1,Propane,VAV chiller with gas boiler reheat
8957,36,secondary_school,0,Electricity,PSZ-AC with electric coil
8958,23,primary_school,0,Propane,PSZ-AC with gas coil
8959,46,quick_service_restaurant,0,Propane,PSZ-AC with gas coil
8960,28,grocery,0,Propane,Residential AC with residential forced air furnace
8961,38,primary_school,1,Propane,PSZ-AC with gas coil
8962,109,full_service_restaurant,1,DistrictHeating,VAV district chilled water with district hot water reheat
8963,28,large_office,1,DistrictHeating,VAV district chilled water with district hot water reheat
8964,41,outpatient,1,DistrictHeating,VAV chiller with district hot water reheat
8965,45,medium_office,0,Propane,PSZ-AC with gas coil
8966,11,medium_office,0,DistrictHeating,VAV chiller with district hot water reheat
8967,0,hospital,1,DistrictHeating,VAV district chilled water with district hot water reheat
8968,43,warehouse,1,FuelOil,PSZ-AC with gas coil
8969,101,hospital,1,NaturalGas,VAV chiller with gas boiler reheat
8970,11,grocery,1,Electricity,PSZ-AC with electric coil
8971,47,strip_mall,2,FuelOil,PSZ-AC with gas coil
8972,2,large_hotel,0,DistrictHeating,DOAS with fan coil district chilled water with district hot water
8973,47,outpatient,0,DistrictHeating,VAV chiller with district hot water reheat
8974,21,hospital,0,DistrictHeating,VAV district chilled water with district hot water reheat
8975,100,hospital,0,NaturalGas,PVAV with gas boiler reheat
8976,43,secondary_school,0,Electricity,PSZ-AC with electric coil
8977,40,large_hotel,1,DistrictHeating,DOAS with fan coil district chilled water with district hot water
8978,101,full_service_restaurant,1,DistrictHeating,VAV district chilled water with district hot water reheat
8979,48,outpatient,1,DistrictHeating,VAV chiller with district hot water reheat
8980,27,outpatient,1,Electricity,PSZ-AC with electric coil
8981,103,hospital,1,Electricity,PSZ-AC with electric coil
8982,2,large_hotel,1,DistrictHeating,DOAS with fan coil chiller with district hot water
8983,20,grocery,0,FuelOil,PSZ-AC with gas coil
8984,13,secondary_school,1,DistrictHeating,VAV air-cooled chiller with district hot water reheat
8985,101,strip_mall,2,Propane,PSZ-AC with gas coil
8986,110,hospital,0,Electricity,PSZ-AC with electric coil
8987,44,hospital,1,Electricity,PSZ-AC with electric coil
8988,100,strip_mall,1,Propane,PSZ-AC with gas coil
8989,39,grocery,0,Propane,Residential AC with residential forced air furnace
8990,3,outpatient,1,FuelOil,PSZ-AC with gas boiler
8991,110,full_service_restaurant,1,NaturalGas,PSZ-AC with gas coil
8992,45,large_office,0,NaturalGas,PVAV with gas heat with electric reheat
8993,1,medium_office,1,DistrictHeating,VAV district chilled water with district hot water reheat
8994,23,small_office,1,FuelOil,PSZ-AC with gas coil
8995,8,secondary_school,0,FuelOil,PSZ-AC with gas boiler
8996,110,small_hotel,0,NaturalGas,Residential AC with residential forced air furnace
8997,107,outpatient,1,Electricity,PVAV with PFP boxes
8998,15,warehouse,0,Propane,PSZ-AC with gas coil
8999,7,small_office,0,FuelOil,Residential AC with residential forced air furnace
9000,3,outpatient,0,Electricity,PSZ-AC with electric coil
9001,22,primary_school,1,FuelOil,PVAV with gas heat with electric reheat
9002,105,primary_school,0,DistrictHeating,DOAS with fan coil chiller with district hot water
9003,20,outpatient,2,Electricity,PVAV with PFP boxes
9004,24,large_hotel,1,Electricity,PTAC with electric coil
9005,43,grocery,1,Electricity,PSZ-AC with electric coil
9006,10,outpatient,1,FuelOil,PSZ-AC with gas coil
9007,45,small_office,1,FuelOil,Residential AC with residential forced air furnace
9008,49,grocery,1,Propane,PSZ-AC with gas coil
9009,3,large_hotel,1,NaturalGas,PTAC with gas boiler
9010,41,full_service_restaurant,0,Propane,PSZ-AC with gas coil
9011,34,secondary_school,1,Electricity,PTHP
9012,16,retail,0,FuelOil,PSZ-AC with gas coil
9013,6,primary_school,0,FuelOil,PSZ-AC with gas coil
9014,1,primary_school,1,Electricity,PVAV with PFP boxes
9015,110,medium_office,0,Electricity,PSZ-AC with electric coil
9016,43,primary_school,1,FuelOil,VAV chiller with gas boiler reheat
9017,28,retail,1,Propane,PSZ-AC with gas coil
9018,41,secondary_school,0,Electricity,PSZ-AC with electric coil
9019,103,outpatient,1,NaturalGas,PSZ-AC with gas coil
9020,23,strip_mall,2,Electricity,PVAV with PFP boxes
9021,42,primary_school,1,Propane,PSZ-AC with gas coil
9022,37,large_hotel,1,DistrictHeating,DOAS with fan coil chiller with district hot water
9023,107,hospital,0,DistrictHeating,VAV district chilled water with district hot water reheat
9024,0,large_hotel,1,DistrictHeating,DOAS with fan coil district chilled water with district hot water
9025,4,hospital,1,DistrictHeating,VAV district chilled water with district hot water reheat
9026,29,small_hotel,0,FuelOil,Residential AC with residential forced air furnace
9027,100,secondary_school,1,Electricity,PTHP
9028,48,secondary_school,0,Electricity,PSZ-AC with electric coil
9029,2,outpatient,1,DistrictHeating,VAV chiller with district hot water reheat
9030,6,secondary_school,1,NaturalGas,VAV chiller with gas boiler reheat
9031,103,large_hotel,1,DistrictHeating,DOAS with fan coil chiller with district hot water
9032,15,grocery,1,Propane,PSZ-AC with gas coil
9033,13,outpatient,1,Propane,PVAV with gas boiler reheat
9034,104,hospital,0,NaturalGas,PVAV with gas boiler reheat
9035,48,outpatient,0,Propane,PSZ-AC with gas coil
9036,13,medium_office,1,DistrictHeating,VAV district chilled water with district hot water reheat
9037,44,large_hotel,1,DistrictHeating,DOAS with fan coil district chilled water with district hot water
9038,0,outpatient,0,DistrictHeating,VAV chiller with district hot water reheat
9039,3,secondary_school,0,Propane,PSZ-AC with gas coil
9040,1,grocery,1,Propane,PSZ-AC with gas coil
9041,34,medium_office,0,DistrictHeating,DOAS with fan coil district chilled water with district hot water
9042,104,outpatient,2,DistrictHeating,VAV chiller with district hot water reheat
9043,46,outpatient,1,Electricity,PSZ-AC with electric coil
9044,107,hospital,1,Electricity,PSZ-AC with electric coil
9045,2,outpatient,2,DistrictHeating,VAV chiller with district hot water reheat
9046,10,grocery,0,FuelOil,PSZ-AC with gas coil
9047,36,small_hotel,0,FuelOil,Residential AC with residential forced air furnace
9048,17,secondary_school,1,DistrictHeating,VAV air-cooled chiller with district hot water reheat
9049,21,outpatient,0,DistrictHeating,VAV chiller with district hot water reheat
9050,40,outpatient,0,Propane,PSZ-AC with gas coil
9051,41,full_service_restaurant,1,NaturalGas,PSZ-AC with gas coil
9052,20,outpatient,1,Propane,PVAV with gas boiler reheat
9053,38,secondary_school,0,DistrictHeating,Baseboard district hot water
9054,43,medium_office,1,DistrictHeating,VAV district chilled water with district hot water reheat
9055,14,hospital,0,DistrictHeating,VAV district chilled water with district hot water reheat
9056,101,full_service_restaurant,0,FuelOil,PSZ-AC with gas coil
9057,104,strip_mall,1,Propane,PSZ-AC with gas coil
9058,3,grocery,0,Electricity,PSZ-AC with electric coil
9059,105,outpatient,2,Electricity,PVAV with PFP boxes
9060,1,primary_school,0,Propane,PSZ-AC with gas coil
9061,31,outpatient,1,NaturalGas,PSZ-AC with gas coil
9062,2,warehouse,1,DistrictHeating,DOAS with fan coil air-cooled chiller with district hot water
9063,3,small_office,1,Propane,PSZ-AC with gas coil
9064,30,outpatient,1,DistrictHeating,VAV chiller with district hot water reheat
9065,47,grocery,0,Electricity,PSZ-AC with electric coil
9066,23,warehouse,0,DistrictHeating,DOAS with fan coil air-cooled chiller with district hot water
9067,109,medium_office,0,DistrictHeating,VAV chiller with district hot water reheat
9068,15,hospital,1,DistrictHeating,VAV district chilled water with district hot water reheat
9069,108,large_hotel,1,FuelOil,DOAS with fan coil chiller with boiler
9070,11,hospital,0,NaturalGas,VAV air-cooled chiller with gas boiler reheat
9071,32,outpatient,2,NaturalGas,PVAV with gas boiler reheat
9072,44,outpatient,1,Electricity,PVAV with PFP boxes
9073,43,large_office,1,Electricity,VAV chiller with PFP boxes
9074,48,grocery,1,Electricity,PSZ-AC with electric coil
9075,24,outpatient,2,Electricity,PVAV with PFP boxes
9076,110,small_office,1,Electricity,PSZ-HP
9077,101,secondary_school,1,Propane,PVAV with gas boiler reheat
9078,110,outpatient,1,DistrictHeating,VAV chiller with district hot water reheat
9079,13,outpatient,2,NaturalGas,PVAV with gas boiler reheat
9080,108,large_office,1,NaturalGas,VAV chiller with gas boiler reheat
9081,101,warehouse,1,Propane,PSZ-AC with gas coil
9082,47,primary_school,1,FuelOil,VAV air-cooled chiller with gas boiler reheat
9083,14,secondary_school,1,Electricity,PTHP
9084,45,outpatient,2,Electricity,PVAV with PFP boxes
9085,39,large_hotel,1,FuelOil,DOAS with fan coil chiller with boiler
9086,109,primary_school,0,Electricity,PSZ-AC with electric coil
9087,3,secondary_school,1,NaturalGas,VAV air-cooled chiller with gas boiler reheat
9088,105,hospital,1,DistrictHeating,VAV district chilled water with district hot water reheat
9089,100,large_hotel,1,DistrictHeating,DOAS with fan coil chiller with district hot water
9090,42,strip_mall,2,Electricity,PVAV with PFP boxes
9091,43,hospital,1,FuelOil,VAV air-cooled chiller with gas boiler reheat
9092,32,large_hotel,1,Electricity,PTAC with electric coil
9093,25,medium_office,1,FuelOil,PSZ-AC with gas boiler
9094,18,quick_service_restaurant,0,FuelOil,Residential forced air furnace
9095,37,warehouse,1,FuelOil,PSZ-AC with gas coil
9096,20,grocery,0,Propane,Residential AC with residential forced air furnace
9097,100,small_office,1,DistrictHeating,VAV district chilled water with district hot water reheat
9098,22,hospital,1,Electricity,PSZ-AC with electric coil
9099,45,secondary_school,0,NaturalGas,PSZ-AC with gas coil
9100,108,outpatient,1,DistrictHeating,VAV chiller with district hot water reheat
9101,31,small_hotel,0,Propane,Residential AC with residential forced air furnace
9102,25,large_hotel,0,DistrictHeating,PTAC with baseboard district hot water
9103,39,retail,0,FuelOil,PSZ-AC with gas coil
9104,33,small_hotel,0,FuelOil,Residential AC with residential forced air furnace
9105,35,full_service_restaurant,1,Electricity,PSZ-AC with electric coil
9106,34,grocery,1,Propane,PSZ-AC with gas coil
9107,41,grocery,0,Propane,Residential AC with residential forced air furnace
9108,103,small_office,0,Propane,PSZ-AC with gas coil
9109,13,retail,1,DistrictHeating,PSZ-AC with district hot water
9110,13,primary_school,0,Propane,PSZ-AC with gas coil
9111,46,secondary_school,1,NaturalGas,VAV chiller with gas boiler reheat
9112,3,medium_office,1,DistrictHeating,VAV district chilled water with district hot water reheat
9113,7,secondary_school,0,Propane,PSZ-AC with gas boiler
9114,47,outpatient,2,FuelOil,VAV air-cooled chiller with gas boiler reheat
9115,26,large_office,1,DistrictHeating,VAV chiller with district hot water reheat
9116,6,quick_service_restaurant,0,Propane,PSZ-AC with gas coil
9117,1,outpatient,0,DistrictHeating,VAV chiller with district hot water reheat
9118,47,large_office,0,DistrictHeating,VAV district chilled water with district hot water reheat
9119,34,primary_school,0,Propane,PSZ-AC with gas coil
9120,12,hospital,1,DistrictHeating,VAV district chilled water with district hot water reheat
9121,26,small_hotel,0,FuelOil,Residential AC with residential forced air furnace
9122,14,large_hotel,0,DistrictHeating,DOAS with fan coil district chilled water with district hot water
9123,39,hospital,0,NaturalGas,PVAV with gas boiler reheat
9124,19,hospital,0,DistrictHeating,VAV district chilled water with district hot water reheat
9125,110,full_service_restaurant,1,FuelOil,PSZ-AC with gas coil
9126,48,grocery,0,Propane,Residential AC with residential forced air furnace
9127,110,small_office,0,Propane,PSZ-AC with gas coil
9128,45,grocery,1,Electricity,PSZ-AC with electric coil
9129,18,secondary_school,1,FuelOil,VAV chiller with gas boiler reheat
9130,23,large_office,1,NaturalGas,VAV chiller with gas boiler reheat
9131,21,medium_office,0,NaturalGas,PSZ-AC with gas coil
9132,49,outpatient,1,DistrictHeating,VAV chiller with district hot water reheat
9133,106,grocery,0,Propane,Residential AC with residential forced air furnace
9134,39,outpatient,2,DistrictHeating,VAV chiller with district hot water reheat
9135,17,secondary_school,0,FuelOil,PSZ-AC with gas boiler
9136,15,large_hotel,1,DistrictHeating,DOAS with fan coil district chilled water with district hot water
9137,46,large_office,1,FuelOil,DOAS with water source heat pumps cooling tower with boiler
9138,16,hospital,0,NaturalGas,PVAV with gas boiler reheat
9139,42,outpatient,2,Electricity,PVAV with PFP boxes
9140,5,hospital,1,DistrictHeating,VAV district chilled water with district hot water reheat
9141,101,outpatient,1,Electricity,PSZ-AC with electric coil
9142,26,hospital,0,DistrictHeating,VAV district chilled water with district hot water reheat
9143,104,primary_school,1,FuelOil,PSZ-AC with gas coil
9144,47,large_office,1,Electricity,VAV chiller with PFP boxes
9145,31,medium_office,0,Electricity,PVAV with PFP boxes
9146,34,hospital,1,Electricity,PSZ-AC with electric coil
9147,28,outpatient,2,Electricity,PVAV with PFP boxes
9148,37,hospital,0,NaturalGas,PVAV with gas boiler reheat
9149,108,secondary_school,0,DistrictHeating,DOAS with fan coil district chilled water with district hot water
9150,28,full_service_restaurant,1,Propane,PSZ-AC with gas coil
9151,41,grocery,1,NaturalGas,PSZ-AC with gas coil
9152,46,large_office,0,Electricity,PVAV with PFP boxes
9153,43,outpatient,1,NaturalGas,PSZ-AC with gas coil
9154,19,hospital,1,Electricity,PSZ-AC with electric coil
9155,15,retail,1,FuelOil,PSZ-AC with gas coil
9156,19,secondary_school,1,Electricity,PTHP
9157,31,large_office,0,Electricity,PVAV with PFP boxes
9158,13,small_office,1,FuelOil,PSZ-AC with gas coil
9159,105,large_hotel,1,DistrictHeating,DOAS with fan coil chiller with district hot water
9160,31,warehouse,0,DistrictHeating,DOAS with fan coil chiller with district hot water
9161,40,hospital,0,Electricity,PSZ-AC with electric coil
9162,1,large_hotel,1,Electricity,PTAC with electric coil
9163,49,outpatient,2,Electricity,PVAV with PFP boxes
9164,7,secondary_school,1,NaturalGas,PVAV with gas boiler reheat
9165,32,secondary_school,1,DistrictHeating,VAV air-cooled chiller with district hot water reheat
9166,101,large_hotel,1,FuelOil,DOAS with fan coil air-cooled chiller with boiler
9167,34,primary_school,1,NaturalGas,PSZ-AC with gas coil
9168,103,large_office,0,DistrictHeating,VAV district chilled water with district hot water reheat
9169,43,strip_mall,2,Electricity,PVAV with PFP boxes
9170,103,outpatient,0,Electricity,PSZ-AC with electric coil
9171,17,warehouse,1,Propane,PSZ-AC with gas coil
9172,41,hospital,1,Electricity,PSZ-AC with electric coil
9173,15,strip_mall,0,Propane,PSZ-AC with gas coil
9174,4,outpatient,2,DistrictHeating,VAV chiller with district hot water reheat
9175,26,hospital,1,Electricity,PSZ-AC with electric coil
9176,104,small_office,1,DistrictHeating,VAV district chilled water with district hot water reheat
9177,38,small_hotel,0,FuelOil,Residential AC with residential forced air furnace
9178,6,secondary_school,1,FuelOil,VAV chiller with gas boiler reheat
9179,20,small_office,1,FuelOil,PVAV with gas heat with electric reheat
9180,9,secondary_school,1,DistrictHeating,VAV air-cooled chiller with district hot water reheat
9181,7,large_office,0,DistrictHeating,VAV district chilled water with district hot water reheat
9182,100,large_office,0,NaturalGas,VAV chiller with gas boiler reheat
9183,27,small_office,0,FuelOil,Residential AC with residential forced air furnace
9184,45,grocery,0,Propane,Residential AC with residential forced air furnace
9185,110,grocery,1,Electricity,PSZ-AC with electric coil
9186,48,quick_service_restaurant,0,Propane,PSZ-AC with gas coil
9187,45,large_office,1,DistrictHeating,VAV district chilled water with district hot water reheat
9188,12,secondary_school,0,Propane,PSZ-AC with gas coil
9189,7,medium_office,1,DistrictHeating,VAV district chilled water with district hot water reheat
9190,49,secondary_school,1,Propane,VAV chiller with gas boiler reheat
9191,14,retail,1,FuelOil,PSZ-AC with gas coil
9192,12,large_hotel,1,DistrictHeating,DOAS with fan coil district chilled water with district hot water
9193,17,hospital,1,DistrictHeating,VAV district chilled water with district hot water reheat
9194,39,secondary_school,1,Electricity,PTHP
9195,38,primary_school,0,Propane,PSZ-AC with gas coil
9196,33,large_hotel,0,DistrictHeating,PTAC with baseboard district hot water
9197,2,hospital,1,DistrictHeating,VAV district chilled water with district hot water reheat
9198,38,hospital,0,DistrictHeating,VAV district chilled water with district hot water reheat
9199,35,secondary_school,1,Propane,PVAV with gas boiler reheat
9200,14,large_office,0,DistrictHeating,VAV district chilled water with district hot water reheat
9201,23,hospital,0,DistrictHeating,VAV district chilled water with district hot water reheat
9202,37,secondary_school,1,FuelOil,VAV chiller with gas boiler reheat
9203,102,hospital,0,NaturalGas,PVAV with gas boiler reheat
9204,11,outpatient,2,Electricity,PVAV with PFP boxes
9205,47,primary_school,1,Propane,PVAV with gas boiler reheat
9206,16,secondary_school,1,Electricity,PTHP
9207,19,large_hotel,1,DistrictHeating,DOAS with fan coil chiller with district hot water
9208,28,primary_school,0,Electricity,PSZ-AC with electric coil
9209,40,large_hotel,0,DistrictHeating,PTAC with baseboard district hot water
9210,29,secondary_school,1,DistrictHeating,PVAV with district hot water reheat
9211,49,primary_school,0,Electricity,PSZ-AC with electric coil
9212,26,outpatient,2,NaturalGas,PVAV with gas boiler reheat
9213,36,secondary_school,0,DistrictHeating,Baseboard district hot water
9214,102,strip_mall,1,Propane,PSZ-AC with gas coil
9215,29,warehouse,1,DistrictHeating,DOAS with fan coil air-cooled chiller with district hot water
9216,24,hospital,1,Electricity,PSZ-AC with electric coil
9217,1,grocery,0,Electricity,PSZ-AC with electric coil
9218,38,hospital,1,Electricity,PSZ-AC with electric coil
9219,47,outpatient,1,NaturalGas,PSZ-AC with gas coil
9220,33,small_hotel,0,Propane,Residential AC with residential forced air furnace
9221,45,hospital,0,Electricity,PSZ-AC with electric coil
9222,15,small_office,1,Propane,PSZ-AC with gas coil
9223,1,small_office,1,Propane,PSZ-AC with gas coil
9224,30,hospital,0,Electricity,PSZ-AC with electric coil
9225,13,warehouse,0,DistrictHeating,DOAS with fan coil air-cooled chiller with district hot water
9226,20,outpatient,0,Electricity,PSZ-AC with electric coil
9227,109,medium_office,1,Electricity,PVAV with PFP boxes
9228,100,primary_school,1,DistrictHeating,VAV chiller with district hot water reheat
9229,41,large_hotel,1,Electricity,PTAC with electric coil
9230,43,secondary_school,0,DistrictHeating,Baseboard district hot water
9231,107,primary_school,0,DistrictHeating,DOAS with fan coil chiller with district hot water
9232,0,grocery,1,FuelOil,PSZ-AC with gas coil
9233,109,small_office,1,DistrictHeating,VAV district chilled water with district hot water reheat
9234,43,small_office,0,Propane,PSZ-AC with gas coil
9235,36,warehouse,1,DistrictHeating,DOAS with fan coil air-cooled chiller with district hot water
9236,104,large_hotel,0,FuelOil,PTAC with gas boiler
9237,104,hospital,1,Electricity,PSZ-AC with electric coil
9238,106,large_office,1,NaturalGas,VAV chiller with gas boiler reheat
9239,101,secondary_school,0,DistrictHeating,VAV district chilled water with district hot water reheat
9240,43,warehouse,0,DistrictHeating,DOAS with fan coil chiller with district hot water
9241,43,full_service_restaurant,0,Propane,PSZ-AC with gas coil
9242,10,hospital,1,NaturalGas,VAV chiller with gas boiler reheat
9243,110,full_service_restaurant,1,Propane,PSZ-AC with gas coil
9244,20,outpatient,1,Electricity,PVAV with PFP boxes
9245,24,strip_mall,2,FuelOil,PSZ-AC with gas coil
9246,11,large_office,0,DistrictHeating,VAV district chilled water with district hot water reheat
9247,103,hospital,1,DistrictHeating,VAV air-cooled chiller with district hot water reheat
9248,3,strip_mall,1,Electricity,PSZ-AC with electric coil
9249,108,grocery,0,Propane,Residential AC with residential forced air furnace
9250,1,primary_school,0,Electricity,PSZ-HP
9251,3,small_office,1,Electricity,PSZ-AC with electric coil
9252,49,large_office,1,DistrictHeating,VAV chiller with district hot water reheat
9253,102,primary_school,0,FuelOil,PSZ-AC with gas coil
9254,110,secondary_school,0,NaturalGas,PSZ-AC with gas coil
9255,30,quick_service_restaurant,0,FuelOil,Residential forced air furnace
9256,39,small_office,1,DistrictHeating,VAV district chilled water with district hot water reheat
9257,16,large_hotel,1,DistrictHeating,DOAS with fan coil district chilled water with district hot water
9258,21,hospital,1,DistrictHeating,VAV district chilled water with district hot water reheat
9259,100,hospital,1,NaturalGas,VAV chiller with gas boiler reheat
9260,8,primary_school,1,DistrictHeating,VAV district chilled water with district hot water reheat
9261,3,large_hotel,1,Propane,DOAS with fan coil air-cooled chiller with boiler
9262,23,large_hotel,0,DistrictHeating,DOAS with fan coil district chilled water with district hot water
9263,42,hospital,0,DistrictHeating,VAV district chilled water with district hot water reheat
9264,47,full_service_restaurant,1,Electricity,PSZ-AC with electric coil
9265,36,outpatient,1,FuelOil,PSZ-AC with gas coil
9266,108,grocery,1,Propane,PSZ-AC with gas coil
9267,30,large_office,0,FuelOil,VAV chiller with gas boiler reheat
9268,43,warehouse,1,Electricity,PSZ-AC with electric coil
9269,106,hospital,0,NaturalGas,PSZ-AC with gas coil
9270,104,outpatient,0,DistrictHeating,VAV chiller with district hot water reheat
9271,47,strip_mall,2,Electricity,PVAV with PFP boxes
9272,48,outpatient,2,DistrictHeating,VAV chiller with district hot water reheat
9273,15,medium_office,1,DistrictHeating,VAV district chilled water with district hot water reheat
9274,2,outpatient,0,DistrictHeating,VAV chiller with district hot water reheat
9275,13,outpatient,0,Propane,PSZ-AC with gas coil
9276,5,secondary_school,0,Propane,PSZ-AC with gas coil
9277,17,outpatient,1,DistrictHeating,VAV chiller with district hot water reheat
9278,106,outpatient,2,DistrictHeating,VAV chiller with district hot water reheat
9279,12,large_office,0,NaturalGas,PVAV with gas boiler reheat
9280,45,large_hotel,0,DistrictHeating,PTAC with baseboard district hot water
9281,27,grocery,0,FuelOil,PSZ-AC with gas coil
9282,1,large_office,1,DistrictHeating,VAV chiller with district hot water reheat
9283,38,outpatient,0,DistrictHeating,VAV chiller with district hot water reheat
9284,100,strip_mall,2,Propane,PSZ-AC with gas coil
9285,39,grocery,1,Propane,PSZ-AC with gas coil
9286,108,primary_school,0,Propane,PSZ-AC with gas coil
9287,40,outpatient,2,DistrictHeating,VAV chiller with district hot water reheat
9288,8,secondary_school,1,FuelOil,VAV chiller with gas boiler reheat
9289,106,strip_mall,1,Propane,PSZ-AC with gas coil
9290,107,outpatient,2,Electricity,PVAV with PFP boxes
9291,7,hospital,1,NaturalGas,VAV chiller with gas boiler reheat
9292,5,small_office,1,Propane,PSZ-AC with gas coil
9293,41,grocery,0,Electricity,PSZ-AC with electric coil
9294,32,hospital,1,DistrictHeating,VAV district chilled water with district hot water reheat
9295,3,outpatient,1,Electricity,PSZ-AC with electric coil
9296,105,primary_school,1,DistrictHeating,VAV district chilled water with district hot water reheat
9297,35,retail,1,FuelOil,PSZ-AC with gas coil
9298,101,retail,1,Propane,PSZ-AC with gas coil
9299,28,hospital,1,NaturalGas,VAV chiller with gas boiler reheat
9300,16,retail,1,FuelOil,PSZ-AC with gas coil
9301,41,full_service_restaurant,1,Propane,PSZ-AC with gas coil
9302,109,large_hotel,0,FuelOil,PTAC with gas coil
9303,43,medium_office,0,Electricity,PSZ-AC with electric coil
9304,4,grocery,1,FuelOil,PSZ-AC with gas coil
9305,49,hospital,0,NaturalGas,PVAV with gas boiler reheat
9306,110,medium_office,1,Electricity,PSZ-AC with electric coil
9307,7,full_service_restaurant,1,DistrictHeating,VAV district chilled water with district hot water reheat
9308,26,warehouse,1,DistrictHeating,DOAS with fan coil chiller with district hot water
9309,10,large_hotel,1,NaturalGas,DOAS with fan coil chiller with boiler
9310,26,full_service_restaurant,1,Propane,PSZ-AC with gas coil
9311,108,hospital,1,Electricity,PSZ-AC with electric coil
9312,104,retail,1,FuelOil,PSZ-AC with gas coil
9313,31,secondary_school,1,Electricity,PSZ-HP
9314,31,outpatient,1,Propane,PSZ-AC with gas coil
9315,48,grocery,0,Electricity,PSZ-AC with electric coil
9316,109,large_office,0,NaturalGas,DOAS with water source heat pumps cooling tower with boiler
9317,10,outpatient,1,Electricity,PSZ-AC with electric coil
9318,25,grocery,1,FuelOil,PSZ-AC with gas coil
9319,107,hospital,1,DistrictHeating,VAV district chilled water with district hot water reheat
9320,31,large_hotel,1,NaturalGas,PTAC with gas boiler
9321,43,primary_school,1,Electricity,PVAV with PFP boxes
9322,44,strip_mall,2,Electricity,PVAV with PFP boxes
9323,35,hospital,1,NaturalGas,VAV chiller with gas boiler reheat
9324,48,full_service_restaurant,1,Propane,PSZ-AC with gas coil
9325,39,hospital,1,Electricity,PSZ-AC with electric coil
9326,12,quick_service_restaurant,0,FuelOil,Residential forced air furnace
9327,109,full_service_restaurant,1,FuelOil,PSZ-AC with gas coil
9328,106,full_service_restaurant,1,Propane,PSZ-AC with gas coil
9329,13,outpatient,2,Propane,PVAV with gas boiler reheat
9330,34,large_office,0,DistrictHeating,VAV district chilled water with district hot water reheat
9331,27,secondary_school,1,NaturalGas,VAV air-cooled chiller with gas boiler reheat
9332,0,outpatient,1,DistrictHeating,VAV chiller with district hot water reheat
9333,16,large_hotel,0,FuelOil,PTAC with gas boiler
9334,34,medium_office,1,DistrictHeating,VAV district chilled water with district hot water reheat
9335,47,outpatient,0,FuelOil,PSZ-AC with gas coil
9336,35,large_hotel,0,Propane,PTAC with gas boiler
9337,21,outpatient,1,DistrictHeating,VAV chiller with district hot water reheat
9338,29,hospital,1,DistrictHeating,VAV district chilled water with district hot water reheat
9339,16,large_office,0,NaturalGas,VAV chiller with gas boiler reheat
9340,2,large_office,0,NaturalGas,VAV chiller with gas boiler reheat
9341,21,grocery,0,NaturalGas,PSZ-AC with gas coil
9342,41,large_office,0,DistrictHeating,VAV district chilled water with district hot water reheat
9343,101,full_service_restaurant,1,FuelOil,PSZ-AC with gas coil
9344,14,hospital,1,DistrictHeating,VAV district chilled water with district hot water reheat
9345,3,medium_office,0,DistrictHeating,DOAS with fan coil district chilled water with district hot water
9346,30,retail,1,Propane,PSZ-AC with gas coil
9347,104,strip_mall,2,Propane,PSZ-AC with gas coil
9348,48,outpatient,1,FuelOil,PSZ-AC with gas coil
9349,14,secondary_school,1,DistrictHeating,VAV air-cooled chiller with district hot water reheat
9350,46,outpatient,2,NaturalGas,PVAV with gas boiler reheat
9351,102,grocery,1,Propane,PSZ-AC with gas coil
9352,13,hospital,0,DistrictHeating,VAV district chilled water with district hot water reheat
9353,108,outpatient,2,NaturalGas,VAV chiller with gas boiler reheat
9354,109,outpatient,0,Electricity,PSZ-AC with electric coil
9355,10,secondary_school,1,Propane,VAV chiller with gas boiler reheat
9356,30,outpatient,2,DistrictHeating,VAV chiller with district hot water reheat
9357,0,quick_service_restaurant,0,Propane,PSZ-AC with gas coil
9358,27,medium_office,1,DistrictHeating,VAV district chilled water with district hot water reheat
9359,44,small_office,0,Propane,PSZ-AC with gas coil
9360,7,large_hotel,1,NaturalGas,DOAS with fan coil chiller with boiler
9361,32,large_hotel,1,DistrictHeating,DOAS with fan coil district chilled water with district hot water
9362,2,large_office,1,NaturalGas,VAV chiller with gas boiler reheat
9363,46,secondary_school,1,Propane,PVAV with gas boiler reheat
9364,44,warehouse,0,DistrictHeating,DOAS with fan coil air-cooled chiller with district hot water
9365,11,hospital,1,NaturalGas,VAV chiller with gas boiler reheat
9366,47,primary_school,0,DistrictHeating,VAV district chilled water with district hot water reheat
9367,36,hospital,1,DistrictHeating,VAV district chilled water with district hot water reheat
9368,106,medium_office,0,DistrictHeating,VAV chiller with district hot water reheat
9369,18,hospital,0,NaturalGas,VAV air-cooled chiller with gas boiler reheat
9370,43,hospital,0,DistrictHeating,VAV air-cooled chiller with district hot water reheat
9371,105,medium_office,0,FuelOil,PSZ-AC with gas coil
9372,102,primary_school,0,Propane,PSZ-AC with gas coil
9373,18,warehouse,0,FuelOil,Residential forced air furnace
9374,45,full_service_restaurant,1,Propane,PSZ-AC with gas coil
9375,29,large_hotel,1,NaturalGas,DOAS with fan coil chiller with boiler
9376,108,large_hotel,1,Electricity,PTAC with electric coil
9377,7,quick_service_restaurant,0,Propane,PSZ-AC with gas coil
9378,0,medium_office,1,Propane,PSZ-AC with gas coil
9379,104,full_service_restaurant,1,Propane,PSZ-AC with gas coil
9380,5,hospital,0,DistrictHeating,VAV district chilled water with district hot water reheat
9381,14,large_hotel,1,NaturalGas,DOAS with fan coil chiller with boiler
9382,36,outpatient,1,Propane,PSZ-AC with gas coil
9383,25,large_office,1,FuelOil,VAV chiller with gas boiler reheat
9384,35,secondary_school,1,Electricity,PSZ-HP
9385,100,warehouse,1,Propane,PSZ-AC with gas coil
9386,20,hospital,0,Electricity,PSZ-AC with electric coil
9387,1,small_office,0,DistrictHeating,PSZ-AC with district hot water
9388,11,large_hotel,0,Propane,PTAC with gas coil
9389,35,large_hotel,1,NaturalGas,DOAS with fan coil chiller with boiler
9390,9,large_office,0,FuelOil,PVAV with gas boiler reheat
9391,8,outpatient,2,NaturalGas,VAV chiller with gas boiler reheat
9392,34,retail,0,DistrictHeating,PSZ-AC with district hot water
9393,43,hospital,1,Electricity,PSZ-AC with electric coil
9394,36,outpatient,2,Propane,PVAV with gas boiler reheat
9395,102,large_hotel,0,FuelOil,PTAC with gas boiler
9396,9,medium_office,1,FuelOil,PSZ-AC with gas boiler
9397,37,hospital,0,Propane,PSZ-AC with gas coil
9398,41,grocery,1,Propane,PSZ-AC with gas coil
9399,11,secondary_school,1,DistrictHeating,VAV air-cooled chiller with district hot water reheat
9400,27,hospital,0,Electricity,PSZ-AC with electric coil
9401,4,hospital,1,FuelOil,VAV air-cooled chiller with gas boiler reheat
9402,100,hospital,0,Electricity,PSZ-AC with electric coil
9403,7,secondary_school,1,Propane,PVAV with gas boiler reheat
9404,110,quick_service_restaurant,0,NaturalGas,PSZ-AC with gas coil
9405,17,grocery,0,FuelOil,PSZ-AC with gas coil
9406,47,large_office,1,DistrictHeating,VAV district chilled water with district hot water reheat
9407,14,secondary_school,0,Propane,PSZ-AC with gas coil
9408,34,primary_school,1,Propane,PVAV with gas heat with electric reheat
9409,28,outpatient,2,DistrictHeating,VAV chiller with district hot water reheat
9410,21,large_office,0,NaturalGas,PVAV with gas boiler reheat
9411,7,warehouse,1,Propane,PSZ-AC with gas coil
9412,44,primary_school,0,DistrictHeating,DOAS with fan coil district chilled water with district hot water
9413,24,large_office,1,DistrictHeating,VAV chiller with district hot water reheat
9414,33,hospital,1,DistrictHeating,VAV district chilled water with district hot water reheat
9415,19,hospital,1,DistrictHeating,VAV district chilled water with district hot water reheat
9416,5,quick_service_restaurant,0,FuelOil,Residential forced air furnace
9417,31,large_office,0,DistrictHeating,VAV district chilled water with district hot water reheat
9418,47,outpatient,2,Electricity,PVAV with PFP boxes
9419,13,large_hotel,0,DistrictHeating,DOAS with fan coil district chilled water with district hot water
9420,40,hospital,0,DistrictHeating,VAV district chilled water with district hot water reheat
9421,21,medium_office,1,NaturalGas,VAV air-cooled chiller with gas boiler reheat
9422,49,outpatient,2,DistrictHeating,VAV chiller with district hot water reheat
9423,106,grocery,1,Propane,PSZ-AC with gas coil
9424,42,large_office,0,NaturalGas,PVAV with gas boiler reheat
9425,18,primary_school,0,FuelOil,PSZ-AC with gas coil
9426,17,hospital,0,DistrictHeating,VAV district chilled water with district hot water reheat
9427,4,quick_service_restaurant,0,Propane,PSZ-AC with gas coil
9428,33,secondary_school,1,Electricity,PTHP
9429,110,full_service_restaurant,1,Electricity,PSZ-AC with electric coil
9430,16,hospital,1,NaturalGas,VAV chiller with gas boiler reheat
9431,11,large_hotel,1,NaturalGas,DOAS with fan coil chiller with boiler
9432,45,large_office,0,Electricity,PVAV with PFP boxes
9433,36,large_hotel,1,DistrictHeating,DOAS with fan coil chiller with district hot water
9434,23,outpatient,2,FuelOil,PSZ-AC with gas boiler
9435,103,outpatient,0,DistrictHeating,VAV chiller with district hot water reheat
9436,18,secondary_school,1,Electricity,PTHP
9437,41,outpatient,0,NaturalGas,PSZ-AC with gas coil
9438,26,hospital,1,DistrictHeating,VAV district chilled water with district hot water reheat
9439,5,medium_office,1,FuelOil,PSZ-AC with gas boiler
9440,0,hospital,0,NaturalGas,PVAV with gas boiler reheat
9441,23,warehouse,0,FuelOil,Residential forced air furnace
9442,106,primary_school,0,Propane,PSZ-AC with gas coil
9443,10,large_hotel,1,FuelOil,PTAC with gas boiler
9444,43,outpatient,2,NaturalGas,PVAV with gas boiler reheat
9445,46,large_office,1,Electricity,VAV chiller with PFP boxes
9446,12,outpatient,1,NaturalGas,PSZ-AC with gas coil
9447,101,outpatient,2,NaturalGas,VAV chiller with gas boiler reheat
9448,108,full_service_restaurant,1,Propane,PSZ-AC with gas coil
9449,16,warehouse,1,Propane,PSZ-AC with gas coil
9450,110,warehouse,1,NaturalGas,PSZ-AC with gas coil
9451,104,warehouse,1,Propane,PSZ-AC with gas coil
9452,100,outpatient,1,NaturalGas,PSZ-AC with gas coil
9453,35,outpatient,2,NaturalGas,PVAV with gas heat with electric reheat
9454,103,outpatient,1,Electricity,PVAV with PFP boxes
9455,100,large_hotel,1,FuelOil,DOAS with fan coil air-cooled chiller with boiler
9456,12,grocery,0,Propane,Residential AC with residential forced air furnace
9457,41,full_service_restaurant,0,DistrictHeating,VAV district chilled water with district hot water reheat
9458,17,quick_service_restaurant,0,FuelOil,Residential forced air furnace
9459,103,strip_mall,1,Propane,PSZ-AC with gas coil
9460,106,hospital,1,Electricity,PSZ-AC with electric coil
9461,100,large_office,1,NaturalGas,VAV chiller with gas boiler reheat
9462,27,small_office,1,FuelOil,PSZ-AC with gas coil
9463,47,outpatient,1,Propane,PSZ-AC with gas coil
9464,28,large_office,0,DistrictHeating,VAV district chilled water with district hot water reheat
9465,23,grocery,1,FuelOil,PSZ-AC with gas coil
9466,6,large_hotel,0,NaturalGas,PTAC with gas coil
9467,43,large_hotel,1,NaturalGas,DOAS with fan coil chiller with boiler
9468,17,large_office,0,FuelOil,VAV chiller with gas boiler reheat
9469,44,grocery,0,FuelOil,PSZ-AC with gas coil
9470,47,strip_mall,1,FuelOil,PSZ-AC with gas coil
9471,18,outpatient,2,Propane,VAV chiller with gas boiler reheat
9472,13,retail,1,FuelOil,PSZ-AC with gas coil
9473,33,large_hotel,1,DistrictHeating,DOAS with fan coil chiller with district hot water
9474,38,hospital,1,DistrictHeating,VAV district chilled water with district hot water reheat
9475,108,medium_office,0,DistrictHeating,VAV chiller with district hot water reheat
9476,14,primary_school,1,Propane,PSZ-AC with gas coil
9477,4,outpatient,0,FuelOil,PSZ-AC with gas coil
9478,102,hospital,1,NaturalGas,VAV chiller with gas boiler reheat
9479,37,primary_school,0,FuelOil,PSZ-AC with gas coil
9480,13,outpatient,1,DistrictHeating,VAV chiller with district hot water reheat
9481,108,large_office,0,DistrictHeating,VAV district chilled water with district hot water reheat
9482,48,outpatient,0,DistrictHeating,VAV chiller with district hot water reheat
9483,36,medium_office,1,Propane,PSZ-AC with gas coil
9484,12,hospital,1,FuelOil,VAV chiller with gas boiler reheat
9485,30,grocery,1,FuelOil,PSZ-AC with gas coil
9486,105,full_service_restaurant,0,FuelOil,PSZ-AC with gas coil
9487,14,large_hotel,0,FuelOil,PTAC with gas coil
9488,3,secondary_school,0,DistrictHeating,Baseboard district hot water
9489,0,small_hotel,0,Propane,Residential AC with residential forced air furnace
9490,110,secondary_school,0,Propane,PSZ-AC with gas coil
9491,40,outpatient,0,DistrictHeating,VAV chiller with district hot water reheat
9492,1,medium_office,0,DistrictHeating,VAV chiller with district hot water reheat
9493,20,outpatient,1,DistrictHeating,VAV chiller with district hot water reheat
9494,109,retail,0,Propane,PSZ-AC with gas coil
9495,16,outpatient,1,NaturalGas,PSZ-AC with gas coil
9496,15,large_office,1,NaturalGas,VAV chiller with gas boiler reheat
9497,13,warehouse,1,DistrictHeating,DOAS with fan coil chiller with district hot water
9498,22,small_office,1,Propane,PSZ-AC with gas coil
9499,104,outpatient,1,NaturalGas,PSZ-AC with gas coil
9500,18,grocery,1,Propane,PSZ-AC with gas coil
9501,45,hospital,1,NaturalGas,VAV chiller with gas boiler reheat
9502,17,grocery,0,Propane,Residential AC with residential forced air furnace
9503,43,small_office,1,Propane,PSZ-AC with gas coil
9504,17,outpatient,2,NaturalGas,PVAV with gas boiler reheat
9505,101,secondary_school,1,DistrictHeating,VAV air-cooled chiller with district hot water reheat
9506,32,secondary_school,1,FuelOil,VAV chiller with gas boiler reheat
9507,28,small_hotel,0,Propane,Residential AC with residential forced air furnace
9508,43,warehouse,1,DistrictHeating,DOAS with fan coil air-cooled chiller with district hot water
9509,43,full_service_restaurant,1,Propane,PSZ-AC with gas coil
9510,101,small_office,1,Propane,PSZ-AC with gas coil
9511,106,large_hotel,1,Electricity,PTAC with electric coil
9512,23,outpatient,1,NaturalGas,PSZ-AC with gas coil
9513,100,secondary_school,0,DistrictHeating,Baseboard district hot water
9514,11,primary_school,1,Propane,PSZ-AC with gas coil
9515,3,strip_mall,2,Electricity,PVAV with PFP boxes
9516,18,retail,1,DistrictHeating,PSZ-AC with district hot water
9517,18,primary_school,0,Propane,PSZ-AC with gas coil
9518,42,grocery,1,FuelOil,PSZ-AC with gas coil
9519,29,retail,1,Propane,PSZ-AC with gas coil
9520,48,large_hotel,1,NaturalGas,DOAS with fan coil chiller with boiler
9521,102,primary_school,1,FuelOil,PSZ-AC with gas boiler
9522,21,full_service_restaurant,1,NaturalGas,PSZ-AC with gas coil
9523,46,large_hotel,0,NaturalGas,PTAC with gas coil
9524,29,quick_service_restaurant,0,FuelOil,Residential forced air furnace
9525,102,primary_school,0,Electricity,PSZ-AC with electric coil
9526,30,large_office,1,FuelOil,VAV chiller with gas boiler reheat
9527,46,full_service_restaurant,1,Electricity,PSZ-AC with electric coil
9528,23,medium_office,1,Electricity,PVAV with PFP boxes
9529,103,small_office,0,DistrictHeating,VAV district chilled water with district hot water reheat
