{
 "MT_R22":{
     "EER":0.7702620781618218,
    "capacity":{
            "c1": 15198.61562,
            "c2": 466.6605,
            "c3": 3.14391,
            "c4": -49.64,
            "c5": -3.38516,
            "c6": -0.42587,
            "c7": 0.00035,
            "c8": 0.02292,
            "c9": 0.0007,
            "c10": -0.05701,
            "minX": -18,
            "maxX": -2,
            "minY": 32,
            "maxY": 60,
            "typex": "Temperature",
            "typey": "Temperature",
            "typeoutput": "Capacity"
    },
    "power":{
        "c1": 526.90101,
        "c2": -65.27127,
        "c3": -2.54181,
        "c4": 72.10978,
        "c5": -0.52847,
        "c6": 2.10292,
        "c7": -0.02974,
        "c8": 0.00026,
        "c9": 0.02116,
        "c10": 0.00025,
        "minX": -18,
        "maxX": -2,
        "minY": 32,
        "maxY": 60,
        "typex": "Temperature",
        "typey": "Temperature",
        "typeoutput": "Power"
    }
},
"MT_507":{
     "EER":0.7726622923148653,
    "capacity":{
            "c1": 20656.11088,
            "c2": 944.88587,
            "c3": 16.21607,
            "c4": 56.13405,
            "c5": -8.3312,
            "c6": -11.23418,
            "c7": 0.08139,
            "c8": 0.0758,
            "c9": -0.22525,
            "c10": 0.00076,
            "minX": -25,
            "maxX": 7,
            "minY": 5,
            "maxY": 60,
            "typex": "Temperature",
            "typey": "Temperature",
            "typeoutput": "Capacity"
    },
    "power":{
        "c1": 1748.06088,
        "c2": 62.50186,
        "c3": 1.24814,
        "c4": 62.93404,
        "c5": -1.14711,
        "c6": -3.05461,
        "c7": -0.00724,
        "c8": 0.0217,
        "c9": -0.0611,
        "c10": 0.03146,
        "minX": -25,
        "maxX": 7,
        "minY": 5,
        "maxY": 60,
        "typex": "Temperature",
        "typey": "Temperature",
        "typeoutput": "Power"
    }
},
"MT_404":{
     "EER":0.7645398896230977,
    "capacity":{
            "c1": 19727.80762,
            "c2": 875.80687,
            "c3": 14.67433,
            "c4": 75.3399,
            "c5": -8.56446,
            "c6": -9.40964,
            "c7": 0.08946,
            "c8": 0.07727,
            "c9": -0.18679,
            "c10": -0.01137,
            "minX": -20,
            "maxX": -4,
            "minY": 22,
            "maxY": 60,
            "typex": "Temperature",
            "typey": "Temperature",
            "typeoutput": "Capacity"
    },
    "power":{
        "c1": 1724.18812,
        "c2": 63.4769,
        "c3": 1.32806,
        "c4": 61.46106,
        "c5": -1.12428,
        "c6": -3.00406,
        "c7": -0.00687,
        "c8": 0.02128,
        "c9": -0.06114,
        "c10": 0.03022,
        "minX": -20,
        "maxX": -4,
        "minY": 22,
        "maxY": 60,
        "typex": "Temperature",
        "typey": "Temperature",
        "typeoutput": "Power"
    }
},
"LT_404":{
     "EER":0.5205910611536667,
    "capacity":{
            "c1": 5578.50591,
            "c2": 193.43598,
            "c3": 2.56773,
            "c4": -65.20746,
            "c5": 0.15484,
            "c6": -1.91242,
            "c7": 0.0138,
            "c8": -0.0011,
            "c9": -0.01942,
            "c10": 0.00098,
            "minX": -34,
            "maxX": -1,
            "minY": 21,
            "maxY": 60,
            "typex": "Temperature",
            "typey": "Temperature",
            "typeoutput": "Capacity"
    },
    "power":{
        "c1": 1239.71539,
        "c2": 39.59663,
        "c3": 0.74782,
        "c4": 1.07586,
        "c5": 0.11349,
        "c6": -0.526,
        "c7": 0.00645,
        "c8": -0.00046,
        "c9": -0.00865,
        "c10": 0.00668,
        "minX": -34,
        "maxX": -1,
        "minY": 21,
        "maxY": 60,
        "typex": "Temperature",
        "typey": "Temperature",
        "typeoutput": "Power"
    }
},
"LT_R22":{
     "EER":0.684361287238356,
    "capacity":{
            "c1": 27688.43572,
            "c2": 822.29049,
            "c3": 5.08807,
            "c4": -578.07879,
            "c5": 7.69367,
            "c6": -12.05654,
            "c7": -0.0282,
            "c8": -0.05157,
            "c9": -0.07281,
            "c10": 0.05846,
            "minX": -40,
            "maxX": -18,
            "minY": 25,
            "maxY": 54,
            "typex": "Temperature",
            "typey": "Temperature",
            "typeoutput": "Capacity"
    },
    "power":{
        "c1": 5579.38744,
        "c2": 58.1067,
        "c3": -0.43417,
        "c4": -140.82914,
        "c5": 4.58113,
        "c6": -0.17154,
        "c7": -0.01046,
        "c8": -0.03891,
        "c9": -0.00307,
        "c10": 0.01323,
        "minX": -40,
        "maxX": -18,
        "minY": 25,
        "maxY": 54,
        "typex": "Temperature",
        "typey": "Temperature",
        "typeoutput": "Power"
    }
},
"LT_507":{
     "EER":0.8152785833314917,
    "capacity":{
            "c1": 24624.55626,
            "c2": 1047.38794,
            "c3": 22.98911,
            "c4": -24.48262,
            "c5": -2.24201,
            "c6": 0.2614,
            "c7": 0.21957,
            "c8": -0.00065,
            "c9": -0.01934,
            "c10": -0.06353,
            "minX": -40,
            "maxX": -18,
            "minY": 5,
            "maxY": 55,
            "typex": "Temperature",
            "typey": "Temperature",
            "typeoutput": "Capacity"
    },
    "power":{
        "c1": 5727.85884,
        "c2": 177.07034,
        "c3": 1.59147,
        "c4": -79.84592,
        "c5": 1.54302,
        "c6": -4.77668,
        "c7": -0.00791,
        "c8": 0.00122,
        "c9": -0.04738,
        "c10": 0.03336,
        "minX": -40,
        "maxX": -18,
        "minY": 5,
        "maxY": 55,
        "typex": "Temperature",
        "typey": "Temperature",
        "typeoutput": "Power"
    }
}
}