{"approved": true, "country": "USA", "demandcomments": "Adjustments = Facilities Charge + Transmission cost recovery rider ($0.537=$0.12 +$0.417)\r\n(Summer: Period 1: On Peak, Period 2: Shoulder) (Winter: Period 3: On Peak, Period 4: Shoulder) Peak 5: Off Peak", "demandratestructure": [[{"adj": 0.537, "rate": 5.37}], [{"adj": 0.537, "rate": 1.63}], [{"adj": 0.537, "rate": 3.72}], [{"adj": 0.537, "rate": 0.68}], [{"adj": 0.537, "rate": 0}]], "demandrateunit": "kW", "demandunits": "kW", "demandweekdayschedule": [[4, 4, 4, 4, 4, 4, 3, 2, 2, 2, 2, 2, 3, 3, 3, 3, 3, 2, 2, 2, 2, 3, 4, 4], [4, 4, 4, 4, 4, 4, 3, 2, 2, 2, 2, 2, 3, 3, 3, 3, 3, 2, 2, 2, 2, 3, 4, 4], [4, 4, 4, 4, 4, 4, 3, 2, 2, 2, 2, 2, 3, 3, 3, 3, 3, 2, 2, 2, 2, 3, 4, 4], [4, 4, 4, 4, 4, 4, 3, 2, 2, 2, 2, 2, 3, 3, 3, 3, 3, 2, 2, 2, 2, 3, 4, 4], [4, 4, 4, 4, 4, 4, 3, 2, 2, 2, 2, 2, 3, 3, 3, 3, 3, 2, 2, 2, 2, 3, 4, 4], [4, 4, 4, 4, 4, 4, 4, 4, 4, 1, 1, 1, 1, 0, 0, 0, 0, 0, 0, 1, 1, 1, 4, 4], [4, 4, 4, 4, 4, 4, 4, 4, 4, 1, 1, 1, 1, 0, 0, 0, 0, 0, 0, 1, 1, 1, 4, 4], [4, 4, 4, 4, 4, 4, 4, 4, 4, 1, 1, 1, 1, 0, 0, 0, 0, 0, 0, 1, 1, 1, 4, 4], [4, 4, 4, 4, 4, 4, 4, 4, 4, 1, 1, 1, 1, 0, 0, 0, 0, 0, 0, 1, 1, 1, 4, 4], [4, 4, 4, 4, 4, 4, 3, 2, 2, 2, 2, 2, 3, 3, 3, 3, 3, 2, 2, 2, 2, 3, 4, 4], [4, 4, 4, 4, 4, 4, 3, 2, 2, 2, 2, 2, 3, 3, 3, 3, 3, 2, 2, 2, 2, 3, 4, 4], [4, 4, 4, 4, 4, 4, 3, 2, 2, 2, 2, 2, 3, 3, 3, 3, 3, 2, 2, 2, 2, 3, 4, 4]], "demandweekendschedule": [[4, 4, 4, 4, 4, 4, 4, 4, 4, 4, 4, 4, 4, 4, 4, 4, 4, 4, 3, 3, 3, 3, 4, 4], [4, 4, 4, 4, 4, 4, 4, 4, 4, 4, 4, 4, 4, 4, 4, 4, 4, 4, 3, 3, 3, 3, 4, 4], [4, 4, 4, 4, 4, 4, 4, 4, 4, 4, 4, 4, 4, 4, 4, 4, 4, 4, 3, 3, 3, 3, 4, 4], [4, 4, 4, 4, 4, 4, 4, 4, 4, 4, 4, 4, 4, 4, 4, 4, 4, 4, 3, 3, 3, 3, 4, 4], [4, 4, 4, 4, 4, 4, 4, 4, 4, 4, 4, 4, 4, 4, 4, 4, 4, 4, 3, 3, 3, 3, 4, 4], [4, 4, 4, 4, 4, 4, 4, 4, 4, 1, 1, 1, 1, 1, 1, 1, 1, 1, 1, 1, 1, 1, 4, 4], [4, 4, 4, 4, 4, 4, 4, 4, 4, 1, 1, 1, 1, 1, 1, 1, 1, 1, 1, 1, 1, 1, 4, 4], [4, 4, 4, 4, 4, 4, 4, 4, 4, 1, 1, 1, 1, 1, 1, 1, 1, 1, 1, 1, 1, 1, 4, 4], [4, 4, 4, 4, 4, 4, 4, 4, 4, 1, 1, 1, 1, 1, 1, 1, 1, 1, 1, 1, 1, 1, 4, 4], [4, 4, 4, 4, 4, 4, 4, 4, 4, 4, 4, 4, 4, 4, 4, 4, 4, 4, 3, 3, 3, 3, 4, 4], [4, 4, 4, 4, 4, 4, 4, 4, 4, 4, 4, 4, 4, 4, 4, 4, 4, 4, 3, 3, 3, 3, 4, 4], [4, 4, 4, 4, 4, 4, 4, 4, 4, 4, 4, 4, 4, 4, 4, 4, 4, 4, 3, 3, 3, 3, 4, 4]], "eiaid": 14232, "energycomments": "Adjustments=  Energy Adjustment (Changes Monthly) +Energy Efficiency Adjustment Factor + Transmission Cost Recovery\r\n($0.02888 =0.02625+0.00103 + 0.0016)\r\n(Summer: Period 1: On Peak, Period 2: Shoulder, Period 3: Off Peak) (Winter: Period 4: On Peak, Period 5: Shoulder,Period 6: Off Peak)", "energyratestructure": [[{"adj": 0.02888, "rate": 0.04401, "unit": "kWh"}], [{"adj": 0.02888, "rate": 0.02595, "unit": "kWh"}], [{"adj": 0.02888, "rate": 0.00221, "unit": "kWh"}], [{"adj": 0.02888, "rate": 0.036, "unit": "kWh"}], [{"adj": 0.02888, "rate": 0.02117, "unit": "kWh"}], [{"adj": 0.02888, "rate": 0.00943, "unit": "kWh"}]], "energyweekdayschedule": [[5, 5, 5, 5, 5, 5, 4, 3, 3, 3, 3, 3, 4, 4, 4, 4, 4, 3, 3, 3, 3, 4, 5, 5], [5, 5, 5, 5, 5, 5, 4, 3, 3, 3, 3, 3, 4, 4, 4, 4, 4, 3, 3, 3, 3, 4, 5, 5], [5, 5, 5, 5, 5, 5, 4, 3, 3, 3, 3, 3, 4, 4, 4, 4, 4, 3, 3, 3, 3, 4, 5, 5], [5, 5, 5, 5, 5, 5, 4, 3, 3, 3, 3, 3, 4, 4, 4, 4, 4, 3, 3, 3, 3, 4, 5, 5], [5, 5, 5, 5, 5, 5, 4, 3, 3, 3, 3, 3, 4, 4, 4, 4, 4, 3, 3, 3, 3, 4, 5, 5], [2, 2, 2, 2, 2, 2, 2, 2, 2, 1, 1, 1, 1, 0, 0, 0, 0, 0, 0, 1, 1, 1, 2, 2], [2, 2, 2, 2, 2, 2, 2, 2, 2, 1, 1, 1, 1, 0, 0, 0, 0, 0, 0, 1, 1, 1, 2, 2], [2, 2, 2, 2, 2, 2, 2, 2, 2, 1, 1, 1, 1, 0, 0, 0, 0, 0, 0, 1, 1, 1, 2, 2], [2, 2, 2, 2, 2, 2, 2, 2, 2, 1, 1, 1, 1, 0, 0, 0, 0, 0, 0, 1, 1, 1, 2, 2], [5, 5, 5, 5, 5, 5, 4, 3, 3, 3, 3, 3, 4, 4, 4, 4, 4, 3, 3, 3, 3, 4, 5, 5], [5, 5, 5, 5, 5, 5, 4, 3, 3, 3, 3, 3, 4, 4, 4, 4, 4, 3, 3, 3, 3, 4, 5, 5], [5, 5, 5, 5, 5, 5, 4, 3, 3, 3, 3, 3, 4, 4, 4, 4, 4, 3, 3, 3, 3, 4, 5, 5]], "energyweekendschedule": [[5, 5, 5, 5, 5, 5, 5, 5, 5, 5, 5, 5, 5, 5, 5, 5, 5, 5, 4, 4, 4, 4, 5, 5], [5, 5, 5, 5, 5, 5, 5, 5, 5, 5, 5, 5, 5, 5, 5, 5, 5, 5, 4, 4, 4, 4, 5, 5], [5, 5, 5, 5, 5, 5, 5, 5, 5, 5, 5, 5, 5, 5, 5, 5, 5, 5, 4, 4, 4, 4, 5, 5], [5, 5, 5, 5, 5, 5, 5, 5, 5, 5, 5, 5, 5, 5, 5, 5, 5, 5, 4, 4, 4, 4, 5, 5], [5, 5, 5, 5, 5, 5, 5, 5, 5, 5, 5, 5, 5, 5, 5, 5, 5, 5, 4, 4, 4, 4, 5, 5], [2, 2, 2, 2, 2, 2, 2, 2, 2, 1, 1, 1, 1, 1, 1, 1, 1, 1, 1, 1, 1, 1, 2, 2], [2, 2, 2, 2, 2, 2, 2, 2, 2, 1, 1, 1, 1, 1, 1, 1, 1, 1, 1, 1, 1, 1, 2, 2], [2, 2, 2, 2, 2, 2, 2, 2, 2, 1, 1, 1, 1, 1, 1, 1, 1, 1, 1, 1, 1, 1, 2, 2], [2, 2, 2, 2, 2, 2, 2, 2, 2, 1, 1, 1, 1, 1, 1, 1, 1, 1, 1, 1, 1, 1, 2, 2], [5, 5, 5, 5, 5, 5, 5, 5, 5, 5, 5, 5, 5, 5, 5, 5, 5, 5, 4, 4, 4, 4, 5, 5], [5, 5, 5, 5, 5, 5, 5, 5, 5, 5, 5, 5, 5, 5, 5, 5, 5, 5, 4, 4, 4, 4, 5, 5], [5, 5, 5, 5, 5, 5, 5, 5, 5, 5, 5, 5, 5, 5, 5, 5, 5, 5, 4, 4, 4, 4, 5, 5]], "fixedchargefirstmeter": 395, "fixedchargeunits": "$/month", "flatdemandunit": "kW", "label": "539fc783ec4f024d2f53dcea", "name": "Large General Service Time of Day- Primary", "peakkwcapacitymin": 80, "revisions": [1402065861, 1402066006, 1402066592, 1402067029, 1402068054, 1402583829, 1402583886, 1402583967, 1404996890, 1427405190], "sector": "Commercial", "source": "https://www.otpco.com/media/103072/SD_1005.pdf", "sourceparent": "https://www.otpco.com/", "startdate": 1404201600, "uri": "https://apps.openei.org/IURDB/rate/view/539fc783ec4f024d2f53dcea", "utility": "Otter Tail Power Co (South Dakota)", "voltagecategory": "Primary"}