{"approved": true, "country": "USA", "demandcomments": "Adjustments =Transmission Cost Recovery Rider (0.417)\r\n(Summer: Period 1: On Peak, Period 2: Shoulder) (Winter: Period 3: On Peak, Period 4: Shoulder) Period 5: Off Peak", "demandratestructure": [[{"adj": 0.417, "rate": 4.35}], [{"adj": 0.417, "rate": 1.07}], [{"adj": 0.417, "rate": 3.23}], [{"adj": 0.417, "rate": 0.57}], [{"adj": 0.417, "rate": 0}]], "demandrateunit": "kW", "demandunits": "kW", "demandweekdayschedule": [[4, 4, 4, 4, 4, 4, 3, 2, 2, 2, 2, 2, 3, 3, 3, 3, 3, 2, 2, 2, 2, 3, 4, 4], [4, 4, 4, 4, 4, 4, 3, 2, 2, 2, 2, 2, 3, 3, 3, 3, 3, 2, 2, 2, 2, 3, 4, 4], [4, 4, 4, 4, 4, 4, 3, 2, 2, 2, 2, 2, 3, 3, 3, 3, 3, 2, 2, 2, 2, 3, 4, 4], [4, 4, 4, 4, 4, 4, 3, 2, 2, 2, 2, 2, 3, 3, 3, 3, 3, 2, 2, 2, 2, 3, 4, 4], [4, 4, 4, 4, 4, 4, 3, 2, 2, 2, 2, 2, 3, 3, 3, 3, 3, 2, 2, 2, 2, 3, 4, 4], [4, 4, 4, 4, 4, 4, 4, 4, 4, 1, 1, 1, 1, 0, 0, 0, 0, 0, 0, 1, 1, 1, 4, 4], [4, 4, 4, 4, 4, 4, 4, 4, 4, 1, 1, 1, 1, 0, 0, 0, 0, 0, 0, 1, 1, 1, 4, 4], [4, 4, 4, 4, 4, 4, 4, 4, 4, 1, 1, 1, 1, 0, 0, 0, 0, 0, 0, 1, 1, 1, 4, 4], [4, 4, 4, 4, 4, 4, 4, 4, 4, 1, 1, 1, 1, 0, 0, 0, 0, 0, 0, 1, 1, 1, 4, 4], [4, 4, 4, 4, 4, 4, 3, 2, 2, 2, 2, 2, 3, 3, 3, 3, 3, 2, 2, 2, 2, 3, 4, 4], [4, 4, 4, 4, 4, 4, 3, 2, 2, 2, 2, 2, 3, 3, 3, 3, 3, 2, 2, 2, 2, 3, 4, 4], [4, 4, 4, 4, 4, 4, 3, 2, 2, 2, 2, 2, 3, 3, 3, 3, 3, 2, 2, 2, 2, 3, 4, 4]], "demandweekendschedule": [[4, 4, 4, 4, 4, 4, 4, 4, 4, 4, 4, 4, 4, 4, 4, 4, 4, 4, 3, 3, 3, 3, 4, 4], [4, 4, 4, 4, 4, 4, 4, 4, 4, 4, 4, 4, 4, 4, 4, 4, 4, 4, 3, 3, 3, 3, 4, 4], [4, 4, 4, 4, 4, 4, 4, 4, 4, 4, 4, 4, 4, 4, 4, 4, 4, 4, 3, 3, 3, 3, 4, 4], [4, 4, 4, 4, 4, 4, 4, 4, 4, 4, 4, 4, 4, 4, 4, 4, 4, 4, 3, 3, 3, 3, 4, 4], [4, 4, 4, 4, 4, 4, 4, 4, 4, 4, 4, 4, 4, 4, 4, 4, 4, 4, 3, 3, 3, 3, 4, 4], [4, 4, 4, 4, 4, 4, 4, 4, 4, 1, 1, 1, 1, 1, 1, 1, 1, 1, 1, 1, 1, 1, 4, 4], [4, 4, 4, 4, 4, 4, 4, 4, 4, 1, 1, 1, 1, 1, 1, 1, 1, 1, 1, 1, 1, 1, 4, 4], [4, 4, 4, 4, 4, 4, 4, 4, 4, 1, 1, 1, 1, 1, 1, 1, 1, 1, 1, 1, 1, 1, 4, 4], [4, 4, 4, 4, 4, 4, 4, 4, 4, 1, 1, 1, 1, 1, 1, 1, 1, 1, 1, 1, 1, 1, 4, 4], [4, 4, 4, 4, 4, 4, 4, 4, 4, 4, 4, 4, 4, 4, 4, 4, 4, 4, 3, 3, 3, 3, 4, 4], [4, 4, 4, 4, 4, 4, 4, 4, 4, 4, 4, 4, 4, 4, 4, 4, 4, 4, 3, 3, 3, 3, 4, 4], [4, 4, 4, 4, 4, 4, 4, 4, 4, 4, 4, 4, 4, 4, 4, 4, 4, 4, 3, 3, 3, 3, 4, 4]], "eiaid": 14232, "energycomments": "Adjustments=  Energy Adjustment (Changes Monthly) +Energy Efficiency Adjustment Factor + Transmission Cost Recovery\r\n($0.02888 =0.02625+0.00103 + 0.0016)\r\n(Summer: Period 1: On Peak, Period 2: Shoulder, Period 3: Off Peak) (Winter: Period 4: On Peak, Period 5: Shoulder, Period 6: Off Peak)", "energyratestructure": [[{"adj": 0.02888, "rate": 0.04001, "unit": "kWh"}], [{"adj": 0.02888, "rate": 0.02324, "unit": "kWh"}], [{"adj": 0.02888, "rate": 0.001, "unit": "kWh"}], [{"adj": 0.02888, "rate": 0.032, "unit": "kWh"}], [{"adj": 0.02888, "rate": 0.0184, "unit": "kWh"}], [{"adj": 0.02888, "rate": 0.00752, "unit": "kWh"}]], "energyweekdayschedule": [[5, 5, 5, 5, 5, 5, 4, 3, 3, 3, 3, 3, 4, 4, 4, 4, 4, 3, 3, 3, 3, 4, 5, 5], [5, 5, 5, 5, 5, 5, 4, 3, 3, 3, 3, 3, 4, 4, 4, 4, 4, 3, 3, 3, 3, 4, 5, 5], [5, 5, 5, 5, 5, 5, 4, 3, 3, 3, 3, 3, 4, 4, 4, 4, 4, 3, 3, 3, 3, 4, 5, 5], [5, 5, 5, 5, 5, 5, 4, 3, 3, 3, 3, 3, 4, 4, 4, 4, 4, 3, 3, 3, 3, 4, 5, 5], [5, 5, 5, 5, 5, 5, 4, 3, 3, 3, 3, 3, 4, 4, 4, 4, 4, 3, 3, 3, 3, 4, 5, 5], [2, 2, 2, 2, 2, 2, 2, 2, 2, 1, 1, 1, 1, 0, 0, 0, 0, 0, 0, 1, 1, 1, 2, 2], [2, 2, 2, 2, 2, 2, 2, 2, 2, 1, 1, 1, 1, 0, 0, 0, 0, 0, 0, 1, 1, 1, 2, 2], [2, 2, 2, 2, 2, 2, 2, 2, 2, 1, 1, 1, 1, 0, 0, 0, 0, 0, 0, 1, 1, 1, 2, 2], [2, 2, 2, 2, 2, 2, 2, 2, 2, 1, 1, 1, 1, 0, 0, 0, 0, 0, 0, 1, 1, 1, 2, 2], [5, 5, 5, 5, 5, 5, 4, 3, 3, 3, 3, 3, 4, 4, 4, 4, 4, 3, 3, 3, 3, 4, 5, 5], [5, 5, 5, 5, 5, 5, 4, 3, 3, 3, 3, 3, 4, 4, 4, 4, 4, 3, 3, 3, 3, 4, 5, 5], [5, 5, 5, 5, 5, 5, 4, 3, 3, 3, 3, 3, 4, 4, 4, 4, 4, 3, 3, 3, 3, 4, 5, 5]], "energyweekendschedule": [[5, 5, 5, 5, 5, 5, 5, 5, 5, 5, 5, 5, 5, 5, 5, 5, 5, 5, 4, 4, 4, 4, 5, 5], [5, 5, 5, 5, 5, 5, 5, 5, 5, 5, 5, 5, 5, 5, 5, 5, 5, 5, 4, 4, 4, 4, 5, 5], [5, 5, 5, 5, 5, 5, 5, 5, 5, 5, 5, 5, 5, 5, 5, 5, 5, 5, 4, 4, 4, 4, 5, 5], [5, 5, 5, 5, 5, 5, 5, 5, 5, 5, 5, 5, 5, 5, 5, 5, 5, 5, 4, 4, 4, 4, 5, 5], [5, 5, 5, 5, 5, 5, 5, 5, 5, 5, 5, 5, 5, 5, 5, 5, 5, 5, 4, 4, 4, 4, 5, 5], [2, 2, 2, 2, 2, 2, 2, 2, 2, 1, 1, 1, 1, 1, 1, 1, 1, 1, 1, 1, 1, 1, 2, 2], [2, 2, 2, 2, 2, 2, 2, 2, 2, 1, 1, 1, 1, 1, 1, 1, 1, 1, 1, 1, 1, 1, 2, 2], [2, 2, 2, 2, 2, 2, 2, 2, 2, 1, 1, 1, 1, 1, 1, 1, 1, 1, 1, 1, 1, 1, 2, 2], [2, 2, 2, 2, 2, 2, 2, 2, 2, 1, 1, 1, 1, 1, 1, 1, 1, 1, 1, 1, 1, 1, 2, 2], [5, 5, 5, 5, 5, 5, 5, 5, 5, 5, 5, 5, 5, 5, 5, 5, 5, 5, 4, 4, 4, 4, 5, 5], [5, 5, 5, 5, 5, 5, 5, 5, 5, 5, 5, 5, 5, 5, 5, 5, 5, 5, 4, 4, 4, 4, 5, 5], [5, 5, 5, 5, 5, 5, 5, 5, 5, 5, 5, 5, 5, 5, 5, 5, 5, 5, 4, 4, 4, 4, 5, 5]], "fixedchargefirstmeter": 395, "fixedchargeunits": "$/month", "flatdemandunit": "kW", "label": "539fb4e1ec4f024bc1dbee27", "name": "Large General Service Time of Day Transmission", "peakkwcapacitymin": 80, "revisions": [1402066746, 1402066921, 1402067414, 1402584057, 1404997727, 1427405218], "sector": "Commercial", "source": "https://www.otpco.com/media/103072/SD_1005.pdf", "sourceparent": "https://www.otpco.com/", "startdate": 1404201600, "uri": "https://apps.openei.org/IURDB/rate/view/539fb4e1ec4f024bc1dbee27", "utility": "Otter Tail Power Co (South Dakota)", "voltagecategory": "Transmission"}