{
    "results": [
        {
            "out_var": "eir-f-t",
            "type": "bi_quad",
            "units": "si",
            "x_min": -999,
            "y_min": -999,
            "x_max": 999,
            "y_max": 999,
            "out_min": -999,
            "out_max": 999,
            "ref_x": 6.666666666666667,
            "ref_y": 35.0,
            "ref_evap_fluid_flow": 0,
            "ref_cond_fluid_flow": 0,
            "ref_lwt": 6.666666666666667,
            "ref_ect": 35.0,
            "coeff1": 0.5043141689134962,
            "coeff2": -0.0012127579901358137,
            "coeff3": 1.0245887167007969e-05,
            "coeff4": 0.004642815133752217,
            "coeff5": 0.0003908203326583902,
            "coeff6": -0.0005911625382718708
        },
        {
            "out_var": "cap-f-t",
            "type": "bi_quad",
            "units": "si",
            "x_min": -999,
            "y_min": -999,
            "x_max": 999,
            "y_max": 999,
            "out_min": -999,
            "out_max": 999,
            "ref_x": 6.666666666666667,
            "ref_y": 35.0,
            "ref_evap_fluid_flow": 0,
            "ref_cond_fluid_flow": 0,
            "ref_lwt": 6.666666666666667,
            "ref_ect": 35.0,
            "coeff1": 1.087887912933777,
            "coeff2": 0.03171752662573678,
            "coeff3": 0.0009474669394439403,
            "coeff4": -0.004049561712549575,
            "coeff5": -9.095600768537838e-05,
            "coeff6": -0.00037839412644848883
        },
        {
            "out_var": "eir-f-plr",
            "type": "quad",
            "units": "si",
            "x_min": -999,
            "y_min": -999,
            "x_max": 999,
            "y_max": 999,
            "out_min": -999,
            "out_max": 999,
            "ref_x": 1.0,
            "ref_y": 0,
            "ref_evap_fluid_flow": 0,
            "ref_cond_fluid_flow": 0,
            "ref_lwt": 6.666666666666667,
            "ref_ect": 35.0,
            "coeff1": 0.1845122261422018,
            "coeff2": 0.24695506300013628,
            "coeff3": 0.568558515557662
        }
    ]
}