{"approved": false, "country": "USA", "demandratestructure": [[{"rate": 0}], [{"rate": 4.25}], [{"rate": 4.25}], [{"rate": 3.25}]], "demandunits": "kW", "demandweekdayschedule": [[0, 0, 0, 0, 0, 0, 0, 0, 0, 0, 0, 0, 0, 2, 2, 2, 2, 0, 0, 0, 0, 0, 0, 0], [0, 0, 0, 0, 0, 0, 0, 0, 0, 0, 0, 0, 0, 2, 2, 2, 2, 0, 0, 0, 0, 0, 0, 0], [0, 0, 0, 0, 0, 0, 0, 0, 0, 0, 0, 0, 0, 2, 2, 2, 2, 0, 0, 0, 0, 0, 0, 0], [0, 0, 0, 0, 0, 0, 0, 0, 0, 0, 0, 0, 0, 2, 2, 2, 2, 0, 0, 0, 0, 0, 0, 0], [0, 0, 0, 0, 0, 0, 0, 0, 0, 0, 0, 0, 0, 2, 2, 2, 2, 0, 0, 0, 0, 0, 0, 0], [0, 0, 0, 0, 0, 0, 0, 0, 0, 0, 3, 3, 3, 1, 1, 1, 1, 3, 3, 3, 0, 0, 0, 0], [0, 0, 0, 0, 0, 0, 0, 0, 0, 0, 3, 3, 3, 1, 1, 1, 1, 3, 3, 3, 0, 0, 0, 0], [0, 0, 0, 0, 0, 0, 0, 0, 0, 0, 3, 3, 3, 1, 1, 1, 1, 3, 3, 3, 0, 0, 0, 0], [0, 0, 0, 0, 0, 0, 0, 0, 0, 0, 3, 3, 3, 1, 1, 1, 1, 3, 3, 3, 0, 0, 0, 0], [0, 0, 0, 0, 0, 0, 0, 0, 0, 0, 0, 0, 0, 2, 2, 2, 2, 0, 0, 0, 0, 0, 0, 0], [0, 0, 0, 0, 0, 0, 0, 0, 0, 0, 0, 0, 0, 2, 2, 2, 2, 0, 0, 0, 0, 0, 0, 0], [0, 0, 0, 0, 0, 0, 0, 0, 0, 0, 0, 0, 0, 2, 2, 2, 2, 0, 0, 0, 0, 0, 0, 0]], "demandweekendschedule": [[0, 0, 0, 0, 0, 0, 0, 0, 0, 0, 0, 0, 0, 0, 0, 0, 0, 0, 0, 0, 0, 0, 0, 0], [0, 0, 0, 0, 0, 0, 0, 0, 0, 0, 0, 0, 0, 0, 0, 0, 0, 0, 0, 0, 0, 0, 0, 0], [0, 0, 0, 0, 0, 0, 0, 0, 0, 0, 0, 0, 0, 0, 0, 0, 0, 0, 0, 0, 0, 0, 0, 0], [0, 0, 0, 0, 0, 0, 0, 0, 0, 0, 0, 0, 0, 0, 0, 0, 0, 0, 0, 0, 0, 0, 0, 0], [0, 0, 0, 0, 0, 0, 0, 0, 0, 0, 0, 0, 0, 0, 0, 0, 0, 0, 0, 0, 0, 0, 0, 0], [0, 0, 0, 0, 0, 0, 0, 0, 0, 0, 0, 0, 0, 0, 0, 0, 0, 0, 0, 0, 0, 0, 0, 0], [0, 0, 0, 0, 0, 0, 0, 0, 0, 0, 0, 0, 0, 0, 0, 0, 0, 0, 0, 0, 0, 0, 0, 0], [0, 0, 0, 0, 0, 0, 0, 0, 0, 0, 0, 0, 0, 0, 0, 0, 0, 0, 0, 0, 0, 0, 0, 0], [0, 0, 0, 0, 0, 0, 0, 0, 0, 0, 0, 0, 0, 0, 0, 0, 0, 0, 0, 0, 0, 0, 0, 0], [0, 0, 0, 0, 0, 0, 0, 0, 0, 0, 0, 0, 0, 0, 0, 0, 0, 0, 0, 0, 0, 0, 0, 0], [0, 0, 0, 0, 0, 0, 0, 0, 0, 0, 0, 0, 0, 0, 0, 0, 0, 0, 0, 0, 0, 0, 0, 0], [0, 0, 0, 0, 0, 0, 0, 0, 0, 0, 0, 0, 0, 0, 0, 0, 0, 0, 0, 0, 0, 0, 0, 0]], "eiaid": 11208, "enddate": 1661932800, "energycomments": "Adjustments =  Energy Cost Adjustment + Electric Subsidy Adjustment + Reliability Cost Adjustment + Variable Energy Adjustment + Capped Renewable Portfolio Standard Energy Adjustment +Variable Renewable Portfolio Standard Energy Adjustment + Incremental Reliability Cost Adjustment", "energyratestructure": [[{"adj": 0.08726, "rate": 0.03249, "unit": "kWh"}], [{"adj": 0.08726, "rate": 0.06049, "unit": "kWh"}], [{"adj": 0.08726, "rate": 0.05322, "unit": "kWh"}], [{"adj": 0.08726, "rate": 0.03622, "unit": "kWh"}], [{"adj": 0.08726, "rate": 0.05415, "unit": "kWh"}], [{"adj": 0.08726, "rate": 0.05415, "unit": "kWh"}]], "energyweekdayschedule": [[3, 3, 3, 3, 3, 3, 3, 3, 3, 3, 5, 5, 5, 4, 4, 4, 4, 5, 5, 5, 3, 3, 3, 3], [3, 3, 3, 3, 3, 3, 3, 3, 3, 3, 5, 5, 5, 4, 4, 4, 4, 5, 5, 5, 3, 3, 3, 3], [3, 3, 3, 3, 3, 3, 3, 3, 3, 3, 5, 5, 5, 4, 4, 4, 4, 5, 5, 5, 3, 3, 3, 3], [3, 3, 3, 3, 3, 3, 3, 3, 3, 3, 5, 5, 5, 4, 4, 4, 4, 5, 5, 5, 3, 3, 3, 3], [3, 3, 3, 3, 3, 3, 3, 3, 3, 3, 5, 5, 5, 4, 4, 4, 4, 5, 5, 5, 3, 3, 3, 3], [0, 0, 0, 0, 0, 0, 0, 0, 0, 0, 2, 2, 2, 1, 1, 1, 1, 2, 2, 2, 0, 0, 0, 0], [0, 0, 0, 0, 0, 0, 0, 0, 0, 0, 2, 2, 2, 1, 1, 1, 1, 2, 2, 2, 0, 0, 0, 0], [0, 0, 0, 0, 0, 0, 0, 0, 0, 0, 2, 2, 2, 1, 1, 1, 1, 2, 2, 2, 0, 0, 0, 0], [0, 0, 0, 0, 0, 0, 0, 0, 0, 0, 2, 2, 2, 1, 1, 1, 1, 2, 2, 2, 0, 0, 0, 0], [3, 3, 3, 3, 3, 3, 3, 3, 3, 3, 5, 5, 5, 4, 4, 4, 4, 5, 5, 5, 3, 3, 3, 3], [3, 3, 3, 3, 3, 3, 3, 3, 3, 3, 5, 5, 5, 4, 4, 4, 4, 5, 5, 5, 3, 3, 3, 3], [3, 3, 3, 3, 3, 3, 3, 3, 3, 3, 5, 5, 5, 4, 4, 4, 4, 5, 5, 5, 3, 3, 3, 3]], "energyweekendschedule": [[5, 5, 5, 5, 5, 5, 5, 5, 5, 5, 5, 5, 5, 5, 5, 5, 5, 5, 5, 5, 5, 5, 5, 5], [5, 5, 5, 5, 5, 5, 5, 5, 5, 5, 5, 5, 5, 5, 5, 5, 5, 5, 5, 5, 5, 5, 5, 5], [5, 5, 5, 5, 5, 5, 5, 5, 5, 5, 5, 5, 5, 5, 5, 5, 5, 5, 5, 5, 5, 5, 5, 5], [5, 5, 5, 5, 5, 5, 5, 5, 5, 5, 5, 5, 5, 5, 5, 5, 5, 5, 5, 5, 5, 5, 5, 5], [5, 5, 5, 5, 5, 5, 5, 5, 5, 5, 5, 5, 5, 5, 5, 5, 5, 5, 5, 5, 5, 5, 5, 5], [2, 2, 2, 2, 2, 2, 2, 2, 2, 2, 2, 2, 2, 2, 2, 2, 2, 2, 2, 2, 2, 2, 2, 2], [2, 2, 2, 2, 2, 2, 2, 2, 2, 2, 2, 2, 2, 2, 2, 2, 2, 2, 2, 2, 2, 2, 2, 2], [2, 2, 2, 2, 2, 2, 2, 2, 2, 2, 2, 2, 2, 2, 2, 2, 2, 2, 2, 2, 2, 2, 2, 2], [2, 2, 2, 2, 2, 2, 2, 2, 2, 2, 2, 2, 2, 2, 2, 2, 2, 2, 2, 2, 2, 2, 2, 2], [5, 5, 5, 5, 5, 5, 5, 5, 5, 5, 5, 5, 5, 5, 5, 5, 5, 5, 5, 5, 5, 5, 5, 5], [5, 5, 5, 5, 5, 5, 5, 5, 5, 5, 5, 5, 5, 5, 5, 5, 5, 5, 5, 5, 5, 5, 5, 5], [5, 5, 5, 5, 5, 5, 5, 5, 5, 5, 5, 5, 5, 5, 5, 5, 5, 5, 5, 5, 5, 5, 5, 5]], "fixedchargefirstmeter": 150, "fixedchargeunits": "$/month", "flatdemandmonths": [0, 0, 0, 0, 0, 0, 0, 0, 0, 0, 0, 0], "flatdemandstructure": [[{"adj": 2.98, "rate": 5.36}]], "is_default": false, "label": "5cd309d35457a3447354e9d2", "name": "Customer Generation Primary Service (4.8kV) CG-2(D)", "revisions": [1557312883, 1557313086, 1662741368], "sector": "Commercial", "servicetype": "Bundled", "source": "https://ladwp.com/ladwp/faces/wcnav_externalId/a-fr-elecrate-schel;jsessionid=MS6xVyPQ2ngFs7Sdn0y7nX24hMnLGGT81JsnBFG10pR81vnLkr7F!-2126449464?_adf.ctrl-state=296j00b3_4&bca42600%29&_afrLoop=402983140956105&_afrWindowMode=0&_afrWindowId=null#%40%3F_afrWindowId%3Dnull%26_afrLoop%3D402983140956105%26bca42600%2529%3D%26_afrWindowMode%3D0%26_adf.ctrl-state%3Dr77ddajik_4", "sourceparent": "https://www.ladwp.com/ladwp/faces/ladwp/aboutus/a-financesandreports/a-fr-electricrates/a-fr-er-electricrateschedules?_adf.ctrl-state=99p66mbb4_4&_afrLoop=85742097610063", "startdate": 1554105600, "supersedes": "5bce30915457a31e1e3037ac", "uri": "https://apps.openei.org/IURDB/rate/view/5cd309d35457a3447354e9d2", "utility": "Los Angeles Department of Water & Power", "voltagecategory": "Primary"}