{"approved": false, "country": "USA", "demandunits": "kW", "eiaid": 17609, "energyratestructure": [[{"adj": 0.31364, "rate": 0.07977}], [{"adj": 0.06006, "rate": 0.07977}], [{"adj": 0.03876, "rate": 0.0373}], [{"adj": 0.09883, "rate": 0.07977}], [{"adj": 0.04224, "rate": 0.0373}], [{"adj": 0.02686, "rate": 0.02969}]], "energyweekdayschedule": [[4, 4, 4, 4, 4, 4, 4, 4, 5, 5, 5, 5, 5, 5, 5, 5, 3, 3, 3, 3, 3, 4, 4, 4], [4, 4, 4, 4, 4, 4, 4, 4, 5, 5, 5, 5, 5, 5, 5, 5, 3, 3, 3, 3, 3, 4, 4, 4], [4, 4, 4, 4, 4, 4, 4, 4, 5, 5, 5, 5, 5, 5, 5, 5, 3, 3, 3, 3, 3, 4, 4, 4], [4, 4, 4, 4, 4, 4, 4, 4, 5, 5, 5, 5, 5, 5, 5, 5, 3, 3, 3, 3, 3, 4, 4, 4], [4, 4, 4, 4, 4, 4, 4, 4, 5, 5, 5, 5, 5, 5, 5, 5, 3, 3, 3, 3, 3, 4, 4, 4], [2, 2, 2, 2, 2, 2, 2, 2, 2, 2, 2, 2, 2, 2, 2, 2, 0, 0, 0, 0, 0, 2, 2, 2], [2, 2, 2, 2, 2, 2, 2, 2, 2, 2, 2, 2, 2, 2, 2, 2, 0, 0, 0, 0, 0, 2, 2, 2], [2, 2, 2, 2, 2, 2, 2, 2, 2, 2, 2, 2, 2, 2, 2, 2, 0, 0, 0, 0, 0, 2, 2, 2], [2, 2, 2, 2, 2, 2, 2, 2, 2, 2, 2, 2, 2, 2, 2, 2, 0, 0, 0, 0, 0, 2, 2, 2], [4, 4, 4, 4, 4, 4, 4, 4, 5, 5, 5, 5, 5, 5, 5, 5, 3, 3, 3, 3, 3, 4, 4, 4], [4, 4, 4, 4, 4, 4, 4, 4, 5, 5, 5, 5, 5, 5, 5, 5, 3, 3, 3, 3, 3, 4, 4, 4], [4, 4, 4, 4, 4, 4, 4, 4, 5, 5, 5, 5, 5, 5, 5, 5, 3, 3, 3, 3, 3, 4, 4, 4]], "energyweekendschedule": [[4, 4, 4, 4, 4, 4, 4, 4, 5, 5, 5, 5, 5, 5, 5, 5, 3, 3, 3, 3, 3, 4, 4, 4], [4, 4, 4, 4, 4, 4, 4, 4, 5, 5, 5, 5, 5, 5, 5, 5, 3, 3, 3, 3, 3, 4, 4, 4], [4, 4, 4, 4, 4, 4, 4, 4, 5, 5, 5, 5, 5, 5, 5, 5, 3, 3, 3, 3, 3, 4, 4, 4], [4, 4, 4, 4, 4, 4, 4, 4, 5, 5, 5, 5, 5, 5, 5, 5, 3, 3, 3, 3, 3, 4, 4, 4], [4, 4, 4, 4, 4, 4, 4, 4, 5, 5, 5, 5, 5, 5, 5, 5, 3, 3, 3, 3, 3, 4, 4, 4], [2, 2, 2, 2, 2, 2, 2, 2, 2, 2, 2, 2, 2, 2, 2, 2, 1, 1, 1, 1, 1, 2, 2, 2], [2, 2, 2, 2, 2, 2, 2, 2, 2, 2, 2, 2, 2, 2, 2, 2, 1, 1, 1, 1, 1, 2, 2, 2], [2, 2, 2, 2, 2, 2, 2, 2, 2, 2, 2, 2, 2, 2, 2, 2, 1, 1, 1, 1, 1, 2, 2, 2], [2, 2, 2, 2, 2, 2, 2, 2, 2, 2, 2, 2, 2, 2, 2, 2, 1, 1, 1, 1, 1, 2, 2, 2], [4, 4, 4, 4, 4, 4, 4, 4, 5, 5, 5, 5, 5, 5, 5, 5, 3, 3, 3, 3, 3, 4, 4, 4], [4, 4, 4, 4, 4, 4, 4, 4, 5, 5, 5, 5, 5, 5, 5, 5, 3, 3, 3, 3, 3, 4, 4, 4], [4, 4, 4, 4, 4, 4, 4, 4, 5, 5, 5, 5, 5, 5, 5, 5, 3, 3, 3, 3, 3, 4, 4, 4]], "fixedchargefirstmeter": 106.75, "fixedchargeunits": "$/month", "flatdemandmonths": [0, 0, 0, 0, 0, 0, 0, 0, 0, 0, 0, 0], "flatdemandstructure": [[{"adj": -0.14, "rate": 12.1}]], "label": "59c05cde5457a30837bbb280", "name": "TOU-GS-2, Option E", "peakkwcapacitymax": 200, "peakkwcapacitymin": 20, "revisions": [1505757310], "sector": "Commercial", "source": "http://www3.sce.com/sscc/law/dis/dbattach5e.nsf/0/9283CDC19CEE8F498825814F006D564B/$FILE/A1706xxx-SCE-04-2018%20GRC%20Ph2_Rate%20Design%20Proposals.pdf", "startdate": 1512118800, "uri": "https://apps.openei.org/IURDB/rate/view/59c05cde5457a30837bbb280", "utility": "Southern California Edison Co"}