{"approved": false, "country": "USA", "demandunits": "kW", "eiaid": 17609, "energyratestructure": [[{"adj": 0.3087, "rate": 0.07829}], [{"adj": 0.06002, "rate": 0.07829}], [{"adj": 0.03878, "rate": 0.03519}], [{"adj": 0.09505, "rate": 0.07829}], [{"adj": 0.04225, "rate": 0.03519}], [{"adj": 0.02688, "rate": 0.02815}]], "energyweekdayschedule": [[4, 4, 4, 4, 4, 4, 4, 4, 5, 5, 5, 5, 5, 5, 5, 5, 3, 3, 3, 3, 3, 4, 4, 4], [4, 4, 4, 4, 4, 4, 4, 4, 5, 5, 5, 5, 5, 5, 5, 5, 3, 3, 3, 3, 3, 4, 4, 4], [4, 4, 4, 4, 4, 4, 4, 4, 5, 5, 5, 5, 5, 5, 5, 5, 3, 3, 3, 3, 3, 4, 4, 4], [4, 4, 4, 4, 4, 4, 4, 4, 5, 5, 5, 5, 5, 5, 5, 5, 3, 3, 3, 3, 3, 4, 4, 4], [4, 4, 4, 4, 4, 4, 4, 4, 5, 5, 5, 5, 5, 5, 5, 5, 3, 3, 3, 3, 3, 4, 4, 4], [2, 2, 2, 2, 2, 2, 2, 2, 2, 2, 2, 2, 2, 2, 2, 2, 0, 0, 0, 0, 0, 2, 2, 2], [2, 2, 2, 2, 2, 2, 2, 2, 2, 2, 2, 2, 2, 2, 2, 2, 0, 0, 0, 0, 0, 2, 2, 2], [2, 2, 2, 2, 2, 2, 2, 2, 2, 2, 2, 2, 2, 2, 2, 2, 0, 0, 0, 0, 0, 2, 2, 2], [2, 2, 2, 2, 2, 2, 2, 2, 2, 2, 2, 2, 2, 2, 2, 2, 0, 0, 0, 0, 0, 2, 2, 2], [4, 4, 4, 4, 4, 4, 4, 4, 5, 5, 5, 5, 5, 5, 5, 5, 3, 3, 3, 3, 3, 4, 4, 4], [4, 4, 4, 4, 4, 4, 4, 4, 5, 5, 5, 5, 5, 5, 5, 5, 3, 3, 3, 3, 3, 4, 4, 4], [4, 4, 4, 4, 4, 4, 4, 4, 5, 5, 5, 5, 5, 5, 5, 5, 3, 3, 3, 3, 3, 4, 4, 4]], "energyweekendschedule": [[4, 4, 4, 4, 4, 4, 4, 4, 5, 5, 5, 5, 5, 5, 5, 5, 3, 3, 3, 3, 3, 4, 4, 4], [4, 4, 4, 4, 4, 4, 4, 4, 5, 5, 5, 5, 5, 5, 5, 5, 3, 3, 3, 3, 3, 4, 4, 4], [4, 4, 4, 4, 4, 4, 4, 4, 5, 5, 5, 5, 5, 5, 5, 5, 3, 3, 3, 3, 3, 4, 4, 4], [4, 4, 4, 4, 4, 4, 4, 4, 5, 5, 5, 5, 5, 5, 5, 5, 3, 3, 3, 3, 3, 4, 4, 4], [4, 4, 4, 4, 4, 4, 4, 4, 5, 5, 5, 5, 5, 5, 5, 5, 3, 3, 3, 3, 3, 4, 4, 4], [2, 2, 2, 2, 2, 2, 2, 2, 2, 2, 2, 2, 2, 2, 2, 2, 1, 1, 1, 1, 1, 2, 2, 2], [2, 2, 2, 2, 2, 2, 2, 2, 2, 2, 2, 2, 2, 2, 2, 2, 1, 1, 1, 1, 1, 2, 2, 2], [2, 2, 2, 2, 2, 2, 2, 2, 2, 2, 2, 2, 2, 2, 2, 2, 1, 1, 1, 1, 1, 2, 2, 2], [2, 2, 2, 2, 2, 2, 2, 2, 2, 2, 2, 2, 2, 2, 2, 2, 1, 1, 1, 1, 1, 2, 2, 2], [4, 4, 4, 4, 4, 4, 4, 4, 5, 5, 5, 5, 5, 5, 5, 5, 3, 3, 3, 3, 3, 4, 4, 4], [4, 4, 4, 4, 4, 4, 4, 4, 5, 5, 5, 5, 5, 5, 5, 5, 3, 3, 3, 3, 3, 4, 4, 4], [4, 4, 4, 4, 4, 4, 4, 4, 5, 5, 5, 5, 5, 5, 5, 5, 3, 3, 3, 3, 3, 4, 4, 4]], "fixedchargefirstmeter": 258, "fixedchargeunits": "$/month", "flatdemandmonths": [0, 0, 0, 0, 0, 0, 0, 0, 0, 0, 0, 0], "flatdemandstructure": [[{"adj": -0.16, "rate": 12.71}]], "label": "59c05f655457a3814ebbb27c", "name": "TOU-GS-3, Option E", "peakkwcapacitymax": 500, "peakkwcapacitymin": 200, "revisions": [1505757957], "sector": "Commercial", "source": "http://www3.sce.com/sscc/law/dis/dbattach5e.nsf/0/9283CDC19CEE8F498825814F006D564B/$FILE/A1706xxx-SCE-04-2018%20GRC%20Ph2_Rate%20Design%20Proposals.pdf", "startdate": 1512118800, "uri": "https://apps.openei.org/IURDB/rate/view/59c05f655457a3814ebbb27c", "utility": "Southern California Edison Co"}