{"approved": true, "country": "USA", "demandunits": "kW", "eiaid": 17609, "energyratestructure": [[{"adj": 0.35481, "rate": 0.0208}], [{"adj": 0.09934, "rate": 0.0208}], [{"adj": 0.03495, "rate": 0.0208}], [{"adj": 0.05387, "rate": 0.0208}], [{"adj": 0.04237, "rate": 0.0208}]], "energyweekdayschedule": [[4, 4, 4, 4, 4, 4, 4, 4, 3, 3, 3, 3, 3, 3, 3, 3, 3, 3, 3, 3, 3, 4, 4, 4], [4, 4, 4, 4, 4, 4, 4, 4, 3, 3, 3, 3, 3, 3, 3, 3, 3, 3, 3, 3, 3, 4, 4, 4], [4, 4, 4, 4, 4, 4, 4, 4, 3, 3, 3, 3, 3, 3, 3, 3, 3, 3, 3, 3, 3, 4, 4, 4], [4, 4, 4, 4, 4, 4, 4, 4, 3, 3, 3, 3, 3, 3, 3, 3, 3, 3, 3, 3, 3, 4, 4, 4], [4, 4, 4, 4, 4, 4, 4, 4, 3, 3, 3, 3, 3, 3, 3, 3, 3, 3, 3, 3, 3, 4, 4, 4], [2, 2, 2, 2, 2, 2, 2, 2, 1, 1, 1, 1, 0, 0, 0, 0, 0, 0, 0, 1, 1, 1, 1, 2], [2, 2, 2, 2, 2, 2, 2, 2, 1, 1, 1, 1, 0, 0, 0, 0, 0, 0, 0, 1, 1, 1, 1, 2], [2, 2, 2, 2, 2, 2, 2, 2, 1, 1, 1, 1, 0, 0, 0, 0, 0, 0, 0, 1, 1, 1, 1, 2], [2, 2, 2, 2, 2, 2, 2, 2, 1, 1, 1, 1, 0, 0, 0, 0, 0, 0, 0, 1, 1, 1, 1, 2], [4, 4, 4, 4, 4, 4, 4, 4, 3, 3, 3, 3, 3, 3, 3, 3, 3, 3, 3, 3, 3, 4, 4, 4], [4, 4, 4, 4, 4, 4, 4, 4, 3, 3, 3, 3, 3, 3, 3, 3, 3, 3, 3, 3, 3, 4, 4, 4], [4, 4, 4, 4, 4, 4, 4, 4, 3, 3, 3, 3, 3, 3, 3, 3, 3, 3, 3, 3, 3, 4, 4, 4]], "energyweekendschedule": [[4, 4, 4, 4, 4, 4, 4, 4, 4, 4, 4, 4, 4, 4, 4, 4, 4, 4, 4, 4, 4, 4, 4, 4], [4, 4, 4, 4, 4, 4, 4, 4, 4, 4, 4, 4, 4, 4, 4, 4, 4, 4, 4, 4, 4, 4, 4, 4], [4, 4, 4, 4, 4, 4, 4, 4, 4, 4, 4, 4, 4, 4, 4, 4, 4, 4, 4, 4, 4, 4, 4, 4], [4, 4, 4, 4, 4, 4, 4, 4, 4, 4, 4, 4, 4, 4, 4, 4, 4, 4, 4, 4, 4, 4, 4, 4], [4, 4, 4, 4, 4, 4, 4, 4, 4, 4, 4, 4, 4, 4, 4, 4, 4, 4, 4, 4, 4, 4, 4, 4], [2, 2, 2, 2, 2, 2, 2, 2, 2, 2, 2, 2, 2, 2, 2, 2, 2, 2, 2, 2, 2, 2, 2, 2], [2, 2, 2, 2, 2, 2, 2, 2, 2, 2, 2, 2, 2, 2, 2, 2, 2, 2, 2, 2, 2, 2, 2, 2], [2, 2, 2, 2, 2, 2, 2, 2, 2, 2, 2, 2, 2, 2, 2, 2, 2, 2, 2, 2, 2, 2, 2, 2], [2, 2, 2, 2, 2, 2, 2, 2, 2, 2, 2, 2, 2, 2, 2, 2, 2, 2, 2, 2, 2, 2, 2, 2], [4, 4, 4, 4, 4, 4, 4, 4, 4, 4, 4, 4, 4, 4, 4, 4, 4, 4, 4, 4, 4, 4, 4, 4], [4, 4, 4, 4, 4, 4, 4, 4, 4, 4, 4, 4, 4, 4, 4, 4, 4, 4, 4, 4, 4, 4, 4, 4], [4, 4, 4, 4, 4, 4, 4, 4, 4, 4, 4, 4, 4, 4, 4, 4, 4, 4, 4, 4, 4, 4, 4, 4]], "fixedchargefirstmeter": 216.43, "fixedchargeunits": "$/month", "flatdemandmonths": [0, 0, 0, 0, 0, 0, 0, 0, 0, 0, 0, 0], "flatdemandstructure": [[{"adj": -0.21, "rate": 15.89}]], "is_default": false, "label": "5bc7ba425457a3b5483b43ed", "name": "TOU-GS-2, Option A", "peakkwcapacitymax": 200, "peakkwcapacitymin": 20, "revisions": [1539794402, 1542192688], "sector": "Commercial", "servicetype": "Bundled", "source": "https://www.sce.com/NR/sc3/tm2/pdf/ce30-12.pdf", "sourceparent": "https://www.sce.com/wps/portal/home/regulatory/tariff-books/rates-pricing-choices/business-rates/!ut/p/b1/tVJNU8IwEP01PYaktPTDWwccbB1UBMa2FyYNSRttk5IGUX-9geGgDogczCnZffuy7-3CHKYwF_iVl1hzKXC9e-feMolHkT12-_HYT0Yoehj5o8WjZ7u3tgFkBoBOnAidq3-COcyJ0K2uYNYRuiRSaCr0kgoLHe4WUrTc1FhL9W4hjRVnDBRSvnQmgzXtQKs44aIEpJKcUBMuNh0XtOvAPr_7oyV8BbP-gCCfhRjYrHCAawcrEBQ-Box5RUBYyBwawuQPovtqMpyUhhbrCnDBJEy_NgbTo43B9Edjhok_r9d5ZEzYiX3TMP03F_ZeG2XhGF3fJPcoHs-nDoqdKbqbRZGDkHcA_DJO401Zy2K_GlkkCicwJijKqKKqt1EmXGnddlcWstB2u-2VUpY17RHZWOhYSSU7I_k7EmZmqfyTAxi6cHbhRM8QehcTts2iCZxBXQY6jEFevDsfc9Y00Sdd9rfQ/dl4/d5/L2dBISEvZ0FBIS9nQSEh/", "startdate": 1538377200, "uri": "https://apps.openei.org/IURDB/rate/view/5bc7ba425457a3b5483b43ed", "utility": "Southern California Edison Co"}