{"approved": true, "country": "USA", "demandunits": "kW", "eiaid": 17609, "energyratestructure": [[{"adj": 0.32532, "rate": 0.04103}], [{"adj": 0.09156, "rate": 0.04103}], [{"adj": 0.03436, "rate": 0.04103}], [{"adj": 0.05062, "rate": 0.04103}], [{"adj": 0.03987, "rate": 0.04103}]], "energyweekdayschedule": [[4, 4, 4, 4, 4, 4, 4, 4, 3, 3, 3, 3, 3, 3, 3, 3, 3, 3, 3, 3, 3, 4, 4, 4], [4, 4, 4, 4, 4, 4, 4, 4, 3, 3, 3, 3, 3, 3, 3, 3, 3, 3, 3, 3, 3, 4, 4, 4], [4, 4, 4, 4, 4, 4, 4, 4, 3, 3, 3, 3, 3, 3, 3, 3, 3, 3, 3, 3, 3, 4, 4, 4], [4, 4, 4, 4, 4, 4, 4, 4, 3, 3, 3, 3, 3, 3, 3, 3, 3, 3, 3, 3, 3, 4, 4, 4], [4, 4, 4, 4, 4, 4, 4, 4, 3, 3, 3, 3, 3, 3, 3, 3, 3, 3, 3, 3, 3, 4, 4, 4], [2, 2, 2, 2, 2, 2, 2, 2, 1, 1, 1, 1, 0, 0, 0, 0, 0, 0, 1, 1, 1, 1, 1, 2], [2, 2, 2, 2, 2, 2, 2, 2, 1, 1, 1, 1, 0, 0, 0, 0, 0, 0, 1, 1, 1, 1, 1, 2], [2, 2, 2, 2, 2, 2, 2, 2, 1, 1, 1, 1, 0, 0, 0, 0, 0, 0, 1, 1, 1, 1, 1, 2], [2, 2, 2, 2, 2, 2, 2, 2, 1, 1, 1, 1, 0, 0, 0, 0, 0, 0, 1, 1, 1, 1, 1, 2], [4, 4, 4, 4, 4, 4, 4, 4, 3, 3, 3, 3, 3, 3, 3, 3, 3, 3, 3, 3, 3, 4, 4, 4], [4, 4, 4, 4, 4, 4, 4, 4, 3, 3, 3, 3, 3, 3, 3, 3, 3, 3, 3, 3, 3, 4, 4, 4], [4, 4, 4, 4, 4, 4, 4, 4, 3, 3, 3, 3, 3, 3, 3, 3, 3, 3, 3, 3, 3, 4, 4, 4]], "energyweekendschedule": [[4, 4, 4, 4, 4, 4, 4, 4, 4, 4, 4, 4, 4, 4, 4, 4, 4, 4, 4, 4, 4, 4, 4, 4], [4, 4, 4, 4, 4, 4, 4, 4, 4, 4, 4, 4, 4, 4, 4, 4, 4, 4, 4, 4, 4, 4, 4, 4], [4, 4, 4, 4, 4, 4, 4, 4, 4, 4, 4, 4, 4, 4, 4, 4, 4, 4, 4, 4, 4, 4, 4, 4], [4, 4, 4, 4, 4, 4, 4, 4, 4, 4, 4, 4, 4, 4, 4, 4, 4, 4, 4, 4, 4, 4, 4, 4], [4, 4, 4, 4, 4, 4, 4, 4, 4, 4, 4, 4, 4, 4, 4, 4, 4, 4, 4, 4, 4, 4, 4, 4], [2, 2, 2, 2, 2, 2, 2, 2, 2, 2, 2, 2, 2, 2, 2, 2, 2, 2, 2, 2, 2, 2, 2, 2], [2, 2, 2, 2, 2, 2, 2, 2, 2, 2, 2, 2, 2, 2, 2, 2, 2, 2, 2, 2, 2, 2, 2, 2], [2, 2, 2, 2, 2, 2, 2, 2, 2, 2, 2, 2, 2, 2, 2, 2, 2, 2, 2, 2, 2, 2, 2, 2], [2, 2, 2, 2, 2, 2, 2, 2, 2, 2, 2, 2, 2, 2, 2, 2, 2, 2, 2, 2, 2, 2, 2, 2], [4, 4, 4, 4, 4, 4, 4, 4, 4, 4, 4, 4, 4, 4, 4, 4, 4, 4, 4, 4, 4, 4, 4, 4], [4, 4, 4, 4, 4, 4, 4, 4, 4, 4, 4, 4, 4, 4, 4, 4, 4, 4, 4, 4, 4, 4, 4, 4], [4, 4, 4, 4, 4, 4, 4, 4, 4, 4, 4, 4, 4, 4, 4, 4, 4, 4, 4, 4, 4, 4, 4, 4]], "fixedchargefirstmeter": 462.59, "fixedchargeunits": "$/month", "flatdemandmonths": [0, 0, 0, 0, 0, 0, 0, 0, 0, 0, 0, 0], "flatdemandstructure": [[{"adj": -0.11, "rate": 11.45}]], "flatdemandunit": "kW", "is_default": false, "label": "5bc7c0fe5457a3c9273b43ec", "name": "TOU-GS-3, Option R", "peakkwcapacitymax": 500, "peakkwcapacitymin": 200, "revisions": [1539796126, 1542192969], "sector": "Commercial", "servicetype": "Bundled", "source": "https://www.sce.com/NR/sc3/tm2/pdf/CE281.pdf", "sourceparent": "https://www.sce.com/wps/portal/home/regulatory/tariff-books/rates-pricing-choices/business-rates/!ut/p/b1/tVJNU8IwEP01PYaktPTDWwccbB1UBMa2FyYNSRttk5IGUX-9geGgDogczCnZffuy7-3CHKYwF_iVl1hzKXC9e-feMolHkT12-_HYT0Yoehj5o8WjZ7u3tgFkBoBOnAidq3-COcyJ0K2uYNYRuiRSaCr0kgoLHe4WUrTc1FhL9W4hjRVnDBRSvnQmgzXtQKs44aIEpJKcUBMuNh0XtOvAPr_7oyV8BbP-gCCfhRjYrHCAawcrEBQ-Box5RUBYyBwawuQPovtqMpyUhhbrCnDBJEy_NgbTo43B9Edjhok_r9d5ZEzYiX3TMP03F_ZeG2XhGF3fJPcoHs-nDoqdKbqbRZGDkHcA_DJO401Zy2K_GlkkCicwJijKqKKqt1EmXGnddlcWstB2u-2VUpY17RHZWOhYSSU7I_k7EmZmqfyTAxi6cHbhRM8QehcTts2iCZxBXQY6jEFevDsfc9Y00Sdd9rfQ/dl4/d5/L2dBISEvZ0FBIS9nQSEh/", "startdate": 1538377200, "uri": "https://apps.openei.org/IURDB/rate/view/5bc7c0fe5457a3c9273b43ec", "utility": "Southern California Edison Co"}